org_name,service_type,org_email,org_descr_en,state_name,org_url,org_phone_no,org_address,operation_hour,org_en,tag,org_en_ms,org_en_ne,org_en_bn,org_en_hi,org_descr_en_bn,org_descr_en_ms,org_descr_en_hi,org_descr_en_ne,tag_ms,tag_ne,tag_bn,tag_hi,service_type_ms,service_type_ne,service_type_bn,service_type_hi
Suara Rakyat Malaysia (SUARAM),Legal Aid,suaram@suaram.net,"Human rights monitoring, advocacy and legal referrals for vulnerable groups including migrant workers.",Johor,https://www.suaram.net/,+603-7954 5724,"433-A Jalan 5/46, 46000 Petaling Jaya, Selangor, Malaysia",Monday-Friday 10:30-17:30,Voice of the Malaysian People (Suara Rakyat Malaysia (SUARAM)),"NGO, rights education, advocacy, legal referrals, appointment, free",Suara Rakyat Malaysia (SUARAM),मलेशियन मानिसहरुको आवाज (सुरा राकिट मलेसिया (सुराराम)) (Suara Rakyat Malaysia (SUARAM)),মালয়েশিয়ার জনগণের কণ্ঠস্বর (সুরা রাকিয়াত মালয়েশিয়া (সুয়ারাম)) (Suara Rakyat Malaysia (SUARAM)),मलेशियाई लोगों की आवाज (सुरा रकीट मलेशिया (सुआरम)) (Suara Rakyat Malaysia (SUARAM)),"অভিবাসী শ্রমিকসহ দুর্বল গোষ্ঠীর জন্য মানবাধিকার পর্যবেক্ষণ, উকিল এবং আইনী রেফারেল।","Pemantauan hak asasi manusia, advokasi dan rujukan undang -undang untuk kumpulan terdedah termasuk pekerja asing.","प्रवासी श्रमिकों सहित कमजोर समूहों के लिए मानवाधिकारों की निगरानी, ​​वकालत और कानूनी रेफरल।","आप्रवासी कामदारहरू लगायतका समूहहरूको लागि मानवअधिकार अनुगमन, वकालत र कानूनी सूचका।","NGO, Pendidikan Hak, Advokasi, Rujukan Undang -Undang, Pelantikan, Percuma","एनजीओ, अधिकार शिक्षा, वकालत, कानूनी सिफारिशहरू, नियुक्ति, नि: शुल्क","এনজিও, অধিকার শিক্ষা, অ্যাডভোকেসি, আইনী রেফারেল, অ্যাপয়েন্টমেন্ট, বিনামূল্যে","एनजीओ, अधिकार शिक्षा, वकालत, कानूनी रेफरल, नियुक्ति, नि: शुल्क",Bantuan undang -undang,कानुनी सहायता,আইনী সহায়তা,वैध सहायता
Integrated Health Outreach Project,Health & Wellbeing,mlslu@unhcr.org,"Primary care and community health support for refugees/asylum-seekers via UNHCR partners (e.g., Malaysian Relief Agency).",Kuala Lumpur Federal Territory,https://refugeemalaysia.org/support-2/health-services/,+603-2118 4800,"570 Jalan Bukit Petaling, 50460 Kuala Lumpur, Malaysia","No information available, contact for more detail",Integrated Health Outreach Project,"NGO, mobile clinic, primary care, health screening, outreach, low cost, walk-in, free",Projek Outreach Kesihatan Bersepadu,एकीकृत स्वास्थ्य आउटरी प्रोजेक्ट प्रोजेक्ट (Integrated Health Outreach Project),সংহত স্বাস্থ্য প্রচার প্রকল্প (Integrated Health Outreach Project),एकीकृत स्वास्थ्य आउटरीच परियोजना (Integrated Health Outreach Project),"ইউএনএইচসিআর অংশীদারদের (যেমন, মালয়েশিয়ার ত্রাণ সংস্থা) এর মাধ্যমে শরণার্থী/আশ্রয়-সন্ধানকারীদের জন্য প্রাথমিক যত্ন এবং সম্প্রদায় স্বাস্থ্য সহায়তা।","Penjagaan utama dan sokongan kesihatan masyarakat untuk pelarian/pencari suaka melalui rakan kongsi UNHCR (mis., Agensi Relief Malaysia).","UNHCR भागीदारों (जैसे, मलेशियाई राहत एजेंसी) के माध्यम से शरणार्थियों/शरण-चाहने वालों के लिए प्राथमिक देखभाल और सामुदायिक स्वास्थ्य सहायता।","शरणार्थी / शरणार्थीहरूको लागि प्राथमिक हेरचाह र सामुदायिक स्वास्थ्य समर्थन Unhcr पार्टनरहरू (E.g., मलेशियन राहत एजेन्सी)।","NGO, klinik mudah alih, penjagaan primer, pemeriksaan kesihatan, jangkauan, kos rendah, berjalan kaki, percuma","एनजीओ, मोबाइल क्लिनिक, प्राथमिक हेरचाह, स्वास्थ्य स्क्रीनिंग, आउटरीच, कम लागत, कम लागत, हिँड्न, एक नि: शुल्क","এনজিও, মোবাইল ক্লিনিক, প্রাথমিক যত্ন, স্বাস্থ্য স্ক্রিনিং, আউটরিচ, স্বল্প ব্যয়, ওয়াক-ইন, বিনামূল্যে","एनजीओ, मोबाइल क्लिनिक, प्राथमिक देखभाल, स्वास्थ्य स्क्रीनिंग, आउटरीच, कम लागत, वॉक-इन, मुफ्त",Kesihatan & Kesejahteraan,स्वास्थ्य र हेलोबिंग,স্বাস্থ্য ও সুস্থতা,स्वास्थ्य और भलाई
Women's Centre for Change (WCC Penang),Legal Aid,wcc@wccpenang.org,"Free and confidential counselling, legal information & court support; advocacy and outreach.",Penang,https://www.wccpenang.org/,+604-2280 0342,"241 Jalan Burma, 10350 George Town, Penang, Malaysia",Monday-Friday 09:00-17:00,Women's Centre for Change (WCC Penang),"NGO, women only, counseling, legal info, hotline, referrals, appointment, free",Pusat Perubahan Wanita (WCC Pulau Pinang),महिला केन्द्रको केन्द्र (WCC PANANT) (Women's Centre for Change (WCC Penang)),মহিলাদের জন্য মহিলা কেন্দ্র (ডব্লিউসিসি পেনাং) (Women's Centre for Change (WCC Penang)),चेंज के लिए महिला केंद्र (डब्ल्यूसीसी पेनांग) (Women's Centre for Change (WCC Penang)),"নিখরচায় এবং গোপনীয় পরামর্শ, আইনী তথ্য এবং আদালত সমর্থন; অ্যাডভোকেসি এবং আউটরিচ।","Kaunseling Percuma dan Rahsia, Maklumat Undang -Undang & Sokongan Mahkamah; advokasi dan jangkauan.","नि: शुल्क और गोपनीय परामर्श, कानूनी सूचना और अदालत का समर्थन; वकालत और आउटरीच।","नि: शुल्क र गोप्य परामर्श, कानूनी जानकारी र अदालत समर्थन; वकालत र आउटरीच।","NGO, wanita sahaja, kaunseling, maklumat undang -undang, hotline, rujukan, pelantikan, percuma","एनजीओ, महिलाहरू मात्र, परामर्श, परामर्श, परामर्श, हटलाइन, सिफारिश, नि: शुल्क","এনজিও, কেবল মহিলা, কাউন্সেলিং, আইনী তথ্য, হটলাইন, রেফারেলস, অ্যাপয়েন্টমেন্ট, বিনামূল্যে","एनजीओ, केवल महिलाएं, परामर्श, कानूनी जानकारी, हॉटलाइन, रेफरल, नियुक्ति, मुफ्त",Bantuan undang -undang,कानुनी सहायता,আইনী সহায়তা,वैध सहायता
Malaysian Red Crescent Society (Sabah),Health & Wellbeing,sabah@redcrescent.org.my,"Humanitarian assistance, first aid and community health; restoring family links and disaster response.",Sabah,https://redcrescent.org.my/,+608-2426 4800,"Voluntary Association Complex Batu 21/2, Lot No. 2, Jalan Tuaran Lorong Bunga Matahari 2, Sabah, 88400 Kota Kinabalu","No information available, contact for more detail",Malaysian Red Crescent Society (Sabah),"NGO, first aid, ambulance, disaster relief, blood donation, training, free",Persatuan Bulan Sabit Merah Malaysia (Sabah),मलेशियन रेड रेफेन्ट सोसाइज (SABAH) (Malaysian Red Crescent Society (Sabah)),মালয়েশিয়ান রেড ক্রিসেন্ট সোসাইটি (সাবাহ) (Malaysian Red Crescent Society (Sabah)),मलेशियाई रेड क्रिसेंट सोसाइटी (सबा) (Malaysian Red Crescent Society (Sabah)),"মানবিক সহায়তা, প্রাথমিক চিকিত্সা এবং সম্প্রদায়ের স্বাস্থ্য; পারিবারিক লিঙ্ক এবং দুর্যোগ প্রতিক্রিয়া পুনরুদ্ধার।","Bantuan kemanusiaan, pertolongan cemas dan kesihatan masyarakat; Memulihkan hubungan keluarga dan tindak balas bencana.","मानवीय सहायता, प्राथमिक चिकित्सा और सामुदायिक स्वास्थ्य; पारिवारिक लिंक और आपदा प्रतिक्रिया को बहाल करना।","मानवीय सहयोग, प्राथमिक उपचार र सामुदायिक स्वास्थ्य; परिवार लिंकहरू र प्रकोप प्रतिक्रिया पुनःस्थापना गर्दै।","NGO, pertolongan cemas, ambulans, bantuan bencana, sumbangan darah, latihan, percuma","एनजीओ, प्राथमिक उपचार, एम्बुलेन्स, प्रकोप राहत, रक्तदान, तालिम, नि: शुल्क","এনজিও, প্রাথমিক চিকিত্সা, অ্যাম্বুলেন্স, দুর্যোগ ত্রাণ, রক্ত ​​অনুদান, প্রশিক্ষণ, বিনামূল্যে","एनजीओ, प्राथमिक चिकित्सा, एम्बुलेंस, आपदा राहत, रक्त दान, प्रशिक्षण, मुक्त",Kesihatan & Kesejahteraan,स्वास्थ्य र हेलोबिंग,স্বাস্থ্য ও সুস্থতা,स्वास्थ्य और भलाई
Malaysian Red Crescent Society Sarawak Chapter,Health & Wellbeing,stamprc@po.jaring.my,"Humanitarian assistance, first aid and community health; restoring family links and disaster response.",Sarawak,https://www.redcrescentsarawak.org.my/,+608-2428 2280,"Jalan P. Ramlee, 93400 Kuching, Sarawak, Malaysia",Monday-Friday 08:30-12:00 and 14:30-17:00; Saturday 08:30-12:00,Malaysian Red Crescent Society Sarawak Chapter,"NGO, first aid, ambulance, disaster relief, blood donation, training, free",Persatuan Bulan Sabit Merah Malaysia Sarawak Bab,मलेशियन रेड रेड अर्धारी समाज सारवक अध्याय (Malaysian Red Crescent Society Sarawak Chapter),মালয়েশিয়ান রেড ক্রিসেন্ট সোসাইটি সরওয়াক অধ্যায় (Malaysian Red Crescent Society Sarawak Chapter),मलेशियाई रेड क्रिसेंट सोसाइटी सरवाक अध्याय (Malaysian Red Crescent Society Sarawak Chapter),"মানবিক সহায়তা, প্রাথমিক চিকিত্সা এবং সম্প্রদায়ের স্বাস্থ্য; পারিবারিক লিঙ্ক এবং দুর্যোগ প্রতিক্রিয়া পুনরুদ্ধার।","Bantuan kemanusiaan, pertolongan cemas dan kesihatan masyarakat; Memulihkan hubungan keluarga dan tindak balas bencana.","मानवीय सहायता, प्राथमिक चिकित्सा और सामुदायिक स्वास्थ्य; पारिवारिक लिंक और आपदा प्रतिक्रिया को बहाल करना।","मानवीय सहयोग, प्राथमिक उपचार र सामुदायिक स्वास्थ्य; परिवार लिंकहरू र प्रकोप प्रतिक्रिया पुनःस्थापना गर्दै।","NGO, pertolongan cemas, ambulans, bantuan bencana, sumbangan darah, latihan, percuma","एनजीओ, प्राथमिक उपचार, एम्बुलेन्स, प्रकोप राहत, रक्तदान, तालिम, नि: शुल्क","এনজিও, প্রাথমিক চিকিত্সা, অ্যাম্বুলেন্স, দুর্যোগ ত্রাণ, রক্ত ​​অনুদান, প্রশিক্ষণ, বিনামূল্যে","एनजीओ, प्राथमिक चिकित्सा, एम्बुलेंस, आपदा राहत, रक्त दान, प्रशिक्षण, मुक्त",Kesihatan & Kesejahteraan,स्वास्थ्य र हेलोबिंग,স্বাস্থ্য ও সুস্থতা,स्वास्थ्य और भलाई
MERCY Malaysia Headquarters,Health & Wellbeing,info@mercy.org.my,"Nationwide coverage; medical relief, health-related development and outreach for vulnerable groups across Malaysia.",Kuala Lumpur Federal Territory,https://mercy.org.my/,+603-2276 2116,"1st Floor, Bangunan MCOBA, 42 Jalan Syed Putra, 50460 Kuala Lumpur, Malaysia",Monday-Friday 09:00-18:00,MERCY Malaysia Headquarters,"NGO, community health, mobile clinic, mental health, disaster relief, outreach, appointment, free",Ibu Pejabat Mercy Malaysia,दया मलेसिया मुख्यालय (MERCY Malaysia Headquarters),করুণা মালয়েশিয়া সদর দফতর (MERCY Malaysia Headquarters),दया मलेशिया मुख्यालय (MERCY Malaysia Headquarters),"দেশব্যাপী কভারেজ; মেডিকেল রিলিফ, স্বাস্থ্য সম্পর্কিত উন্নয়ন এবং মালয়েশিয়া জুড়ে দুর্বল গোষ্ঠীর জন্য প্রচার।","Liputan di seluruh negara; Pelepasan perubatan, pembangunan yang berkaitan dengan kesihatan dan jangkauan untuk kumpulan yang terdedah di seluruh Malaysia.","राष्ट्रव्यापी कवरेज; मलेशिया भर में कमजोर समूहों के लिए चिकित्सा राहत, स्वास्थ्य संबंधी विकास और आउटरीच।","राष्ट्रव्यापी कभरेज; मेडिकल राहत, स्वास्थ्य-सम्बन्धित विकास र मलेशियाको कमजोर समूहहरूको लागि बहिर्गमन।","NGO, Kesihatan Komuniti, Klinik Mudah Alih, Kesihatan Mental, Relief Bencana, Jangkauan, Pelantikan, Percuma","एनजीओ, सामुदायिक स्वास्थ्य, मोबाइल क्लिनिक, मानसिक स्वास्थ्य, प्रकोप राहत, आउटरीच, नियुक्ति, नि: शुल्क","এনজিও, কমিউনিটি হেলথ, মোবাইল ক্লিনিক, মানসিক স্বাস্থ্য, দুর্যোগ ত্রাণ, প্রচার, অ্যাপয়েন্টমেন্ট, বিনামূল্যে","एनजीओ, सामुदायिक स्वास्थ्य, मोबाइल क्लिनिक, मानसिक स्वास्थ्य, आपदा राहत, आउटरीच, नियुक्ति, मुफ्त",Kesihatan & Kesejahteraan,स्वास्थ्य र हेलोबिंग,স্বাস্থ্য ও সুস্থতা,स्वास्थ्य और भलाई
Malaysian Red Crescent Society (Labuan),Health & Wellbeing,labuan@redcrescent.org.my,"Humanitarian assistance, first aid and community health; restoring family links and disaster response.",Labuan Federal Territory,https://redcrescent.org.my/,+608-8411 7020,"Telekom (M) Berhad, Jalan Kampung Jawa, 87007 Labuan, Wilayah Persekutuan Labuan, Malaysia","No information available, contact for more detail",Malaysian Red Crescent Society (Labuan),"NGO, first aid, ambulance, disaster relief, blood donation, training, free",Persatuan Bulan Sabit Merah Malaysia (Labuan),मलेशियन रातो स्लेभन्ट सोसाइटी (लाबान) (Malaysian Red Crescent Society (Labuan)),মালয়েশিয়ান রেড ক্রিসেন্ট সোসাইটি (ল্যাবুয়ান) (Malaysian Red Crescent Society (Labuan)),मलेशियाई रेड क्रिसेंट सोसाइटी (लाबुआन) (Malaysian Red Crescent Society (Labuan)),"মানবিক সহায়তা, প্রাথমিক চিকিত্সা এবং সম্প্রদায়ের স্বাস্থ্য; পারিবারিক লিঙ্ক এবং দুর্যোগ প্রতিক্রিয়া পুনরুদ্ধার।","Bantuan kemanusiaan, pertolongan cemas dan kesihatan masyarakat; Memulihkan hubungan keluarga dan tindak balas bencana.","मानवीय सहायता, प्राथमिक चिकित्सा और सामुदायिक स्वास्थ्य; पारिवारिक लिंक और आपदा प्रतिक्रिया को बहाल करना।","मानवीय सहयोग, प्राथमिक उपचार र सामुदायिक स्वास्थ्य; परिवार लिंकहरू र प्रकोप प्रतिक्रिया पुनःस्थापना गर्दै।","NGO, pertolongan cemas, ambulans, bantuan bencana, sumbangan darah, latihan, percuma","एनजीओ, प्राथमिक उपचार, एम्बुलेन्स, प्रकोप राहत, रक्तदान, तालिम, नि: शुल्क","এনজিও, প্রাথমিক চিকিত্সা, অ্যাম্বুলেন্স, দুর্যোগ ত্রাণ, রক্ত ​​অনুদান, প্রশিক্ষণ, বিনামূল্যে","एनजीओ, प्राथमिक चिकित्सा, एम्बुलेंस, आपदा राहत, रक्त दान, प्रशिक्षण, मुक्त",Kesihatan & Kesejahteraan,स्वास्थ्य र हेलोबिंग,স্বাস্থ্য ও সুস্থতা,स्वास्थ्य और भलाई
Malaysian Red Crescent Society (Putrajaya),Health & Wellbeing,adminvms@redcrescent.org.my,"Humanitarian assistance, first aid and community health via MRCS network; inquiries handled by national HQ.",Putrajaya Federal Territory,https://redcrescent.org.my/contact/,+603-2143 8122,"Lot PT54, Lengkok Belfield, Off Jalan Wisma Putra, 50460 Kuala Lumpur, Malaysia","No information available, contact for more detail",Malaysian Red Crescent Society (Putrajaya),"NGO, first aid, ambulance, disaster relief, blood donation, training, free",Persatuan Bulan Sabit Merah Malaysia (Putrajaya),मलेशियन रेड रेफेन्ट सोसाइटी (प्लेराजीया) (Malaysian Red Crescent Society (Putrajaya)),মালয়েশিয়ার রেড ক্রিসেন্ট সোসাইটি (পুত্রজায়া) (Malaysian Red Crescent Society (Putrajaya)),मलेशियाई रेड क्रिसेंट सोसाइटी (पुत्रजया) (Malaysian Red Crescent Society (Putrajaya)),"এমআরসিএস নেটওয়ার্কের মাধ্যমে মানবিক সহায়তা, প্রাথমিক চিকিত্সা এবং সম্প্রদায়ের স্বাস্থ্য; জাতীয় সদর দফতর দ্বারা পরিচালিত অনুসন্ধানগুলি।","Bantuan kemanusiaan, pertolongan cemas dan kesihatan masyarakat melalui rangkaian MRCS; Pertanyaan yang dikendalikan oleh HQ Nasional.","एमआरसीएस नेटवर्क के माध्यम से मानवीय सहायता, प्राथमिक चिकित्सा और सामुदायिक स्वास्थ्य; राष्ट्रीय मुख्यालय द्वारा संभाल की गई पूछताछ।","MRCCS नेटवर्क मार्फत मानवीय सहयोग, प्राथमिक उपचार र सामुदायिक स्वास्थ्य; राष्ट्रिय मुख्यालय द्वारा सम्मिलित सोधपुछ","NGO, pertolongan cemas, ambulans, bantuan bencana, sumbangan darah, latihan, percuma","एनजीओ, प्राथमिक उपचार, एम्बुलेन्स, प्रकोप राहत, रक्तदान, तालिम, नि: शुल्क","এনজিও, প্রাথমিক চিকিত্সা, অ্যাম্বুলেন্স, দুর্যোগ ত্রাণ, রক্ত ​​অনুদান, প্রশিক্ষণ, বিনামূল্যে","एनजीओ, प्राथमिक चिकित्सा, एम्बुलेंस, आपदा राहत, रक्त दान, प्रशिक्षण, मुक्त",Kesihatan & Kesejahteraan,स्वास्थ्य र हेलोबिंग,স্বাস্থ্য ও সুস্থতা,स्वास्थ्य और भलाई
Jabatan Tenaga Kerja (Johor),Work,jtknjohor@mohr.gov.my,State labour office for wage/OT/rest day complaints; hostel standards (Act 446) advice; mediation & enforcement.,Johor,https://jtksm.mohr.gov.my/ms,+607-227 5080,"Tingkat 3, Blok A, Wisma Persekutuan, Wisma Jalan Ayer Molek, 80000 Johor Bahru, Johor.","No information available, contact for more detail",Department of Labour (Johor) (Jabatan Tenaga Kerja (Johor)),"wage claim, overtime, rest days, complaints, hostel standards",Jabatan Tenaga Kerja (Johor),श्रम विभाग (जोशर) (जॉबुटन सेटागा किर्जा (जोहि)) (Jabatan Tenaga Kerja (Johor)),শ্রম বিভাগ (জোহর) (জাবাতান টেনাগা কেরজা (জোহর)) (Jabatan Tenaga Kerja (Johor)),श्रम विभाग (जोहोर) (Jabatan Tenaga Kerja (Johor)) (Jabatan Tenaga Kerja (Johor)),মজুরি/ওটি/বিশ্রাম দিনের অভিযোগের জন্য রাজ্য শ্রম অফিস; হোস্টেল স্ট্যান্ডার্ডস (আইন 446) পরামর্শ; মধ্যস্থতা এবং প্রয়োগ।,Pejabat Buruh Negeri untuk Upah/OT/REST hari aduan; Standard Hostel (Akta 446) Nasihat; Pengantaraan & Penguatkuasaan.,मजदूरी/ओटी/रेस्ट डे शिकायतों के लिए राज्य श्रम कार्यालय; हॉस्टल मानकों (अधिनियम 446) सलाह; मध्यस्थता और प्रवर्तन।,राज्य श्रम कार्यालय ज्याला / ओट / आराम दिन गुनासोहरूको लागि; होस्टेल मानक (कार्य 44 446) सल्लाह; मध्यस्थता र कार्यान्वयन।,"tuntutan gaji, masa lapang, hari rehat, aduan, standard asrama","ज्याला दावी, ओभरटाइम, आराम दिन, गुनासोहरू, होस्टेल मापदण्डहरू","মজুরির দাবি, ওভারটাইম, বিশ্রামের দিন, অভিযোগ, হোস্টেলের মান","मजदूरी का दावा, ओवरटाइम, बाकी दिन, शिकायतें, छात्रावास मानकों",Bekerja,काम,কাজ,काम
Jabatan Tenaga Kerja (Kedah),Work,jtknkedah@mohr.gov.my,State labour office for wage/OT/rest day complaints; hostel standards (Act 446) advice; mediation & enforcement.,Kedah,https://jtksm.mohr.gov.my/ms,+604-732 2655,"Aras 5, Zon A, Wisma Persekutuan, Pusat Pentadbiran Kerajaan Persekutuan, Bandar Muadzam Shah, 06550 Alor Setar, Kedah",Monday-Wednesday 08:00-17:00; Thursday 08:00-15:30,Department of Labour (Kedah) (Jabatan Tenaga Kerja (Kedah)),"wage claim, overtime, rest days, complaints, hostel standards",Jabatan Tenaga Kerja (Kedah),श्रम विभाग (केदार) (जाबुज शीगा केर्जा (केदार))) (Jabatan Tenaga Kerja (Kedah)),শ্রম বিভাগ (কেদাহ) (জাবাতান তেনাগা কেরজা (কেদা)) (Jabatan Tenaga Kerja (Kedah)),श्रम विभाग (केदाह) (जाबातन तेनगा केर्जा (केदाह)) (Jabatan Tenaga Kerja (Kedah)),মজুরি/ওটি/বিশ্রাম দিনের অভিযোগের জন্য রাজ্য শ্রম অফিস; হোস্টেল স্ট্যান্ডার্ডস (আইন 446) পরামর্শ; মধ্যস্থতা এবং প্রয়োগ।,Pejabat Buruh Negeri untuk Upah/OT/REST hari aduan; Standard Hostel (Akta 446) Nasihat; Pengantaraan & Penguatkuasaan.,मजदूरी/ओटी/रेस्ट डे शिकायतों के लिए राज्य श्रम कार्यालय; हॉस्टल मानकों (अधिनियम 446) सलाह; मध्यस्थता और प्रवर्तन।,राज्य श्रम कार्यालय ज्याला / ओट / आराम दिन गुनासोहरूको लागि; होस्टेल मानक (कार्य 44 446) सल्लाह; मध्यस्थता र कार्यान्वयन।,"tuntutan gaji, masa lapang, hari rehat, aduan, standard asrama","ज्याला दावी, ओभरटाइम, आराम दिन, गुनासोहरू, होस्टेल मापदण्डहरू","মজুরির দাবি, ওভারটাইম, বিশ্রামের দিন, অভিযোগ, হোস্টেলের মান","मजदूरी का दावा, ओवरटाइम, बाकी दिन, शिकायतें, छात्रावास मानकों",Bekerja,काम,কাজ,काम
Jabatan Tenaga Kerja (Kelantan),Work,jtknkelantan@mohr.gov.my,State labour office for wage/OT/rest day complaints; hostel standards (Act 446) advice; mediation & enforcement.,Kelantan,https://jtksm.mohr.gov.my/ms,+609-748 2506,"No. 1, Aras 11, Wisma Persekutuan, Jalan Bayam, 15200 Kota Bharu, Kelantan","No information available, contact for more detail",Department of Labour (Kelantan) (Jabatan Tenaga Kerja (Kelantan)),"wage claim, overtime, rest days, complaints, hostel standards",Jabatan Tenaga Kerja (Kelantan),श्रम विभाग (केलान्टन) (जागाताटन टेसा केर्जा (केलान्टन)) (Jabatan Tenaga Kerja (Kelantan)),শ্রম বিভাগ (কেলান্টান) (জাবাতান টেনাগা কেরজা (কেলান্টান)) (Jabatan Tenaga Kerja (Kelantan)),श्रम विभाग (केलंटन) (जाबातन तेनगा केर्जा (केलंटन)) (Jabatan Tenaga Kerja (Kelantan)),মজুরি/ওটি/বিশ্রাম দিনের অভিযোগের জন্য রাজ্য শ্রম অফিস; হোস্টেল স্ট্যান্ডার্ডস (আইন 446) পরামর্শ; মধ্যস্থতা এবং প্রয়োগ।,Pejabat Buruh Negeri untuk Upah/OT/REST hari aduan; Standard Hostel (Akta 446) Nasihat; Pengantaraan & Penguatkuasaan.,मजदूरी/ओटी/रेस्ट डे शिकायतों के लिए राज्य श्रम कार्यालय; हॉस्टल मानकों (अधिनियम 446) सलाह; मध्यस्थता और प्रवर्तन।,राज्य श्रम कार्यालय ज्याला / ओट / आराम दिन गुनासोहरूको लागि; होस्टेल मानक (कार्य 44 446) सल्लाह; मध्यस्थता र कार्यान्वयन।,"tuntutan gaji, masa lapang, hari rehat, aduan, standard asrama","ज्याला दावी, ओभरटाइम, आराम दिन, गुनासोहरू, होस्टेल मापदण्डहरू","মজুরির দাবি, ওভারটাইম, বিশ্রামের দিন, অভিযোগ, হোস্টেলের মান","मजदूरी का दावा, ओवरटाइम, बाकी दिन, शिकायतें, छात्रावास मानकों",Bekerja,काम,কাজ,काम
Jabatan Tenaga Kerja (Melaka),Work,jtknmelaka@mohr.gov.my,State labour office for wage/OT/rest day complaints; hostel standards (Act 446) advice; mediation & enforcement.,Malacca,https://jtksm.mohr.gov.my/ms,+606-234 5172,"Aras 4, Menara Persekutuan, Jalan Wisma Persekutuan, Malacca International Trade Centre, 75450 Ayer Keroh, Malacca",Monday-Friday 08:00-17:00,Department of Labour (Malacca) (Jabatan Tenaga Kerja (Melaka)),"wage claim, overtime, rest days, complaints, hostel standards",Jabatan Tenaga Kerja (Melaka),श्रम विभाग (मलाका) (जागाताटन सेटागा किर्जा (मेलाका)) (Jabatan Tenaga Kerja (Melaka)),শ্রম বিভাগ (মালাক্কা) (জাবাতান টেনাগা কেরজা (মেলাকা)) (Jabatan Tenaga Kerja (Melaka)),श्रम विभाग (मलक्का) (जाबातन तेनगा केर्जा (मेलाका)) (Jabatan Tenaga Kerja (Melaka)),মজুরি/ওটি/বিশ্রাম দিনের অভিযোগের জন্য রাজ্য শ্রম অফিস; হোস্টেল স্ট্যান্ডার্ডস (আইন 446) পরামর্শ; মধ্যস্থতা এবং প্রয়োগ।,Pejabat Buruh Negeri untuk Upah/OT/REST hari aduan; Standard Hostel (Akta 446) Nasihat; Pengantaraan & Penguatkuasaan.,मजदूरी/ओटी/रेस्ट डे शिकायतों के लिए राज्य श्रम कार्यालय; हॉस्टल मानकों (अधिनियम 446) सलाह; मध्यस्थता और प्रवर्तन।,राज्य श्रम कार्यालय ज्याला / ओट / आराम दिन गुनासोहरूको लागि; होस्टेल मानक (कार्य 44 446) सल्लाह; मध्यस्थता र कार्यान्वयन।,"tuntutan gaji, masa lapang, hari rehat, aduan, standard asrama","ज्याला दावी, ओभरटाइम, आराम दिन, गुनासोहरू, होस्टेल मापदण्डहरू","মজুরির দাবি, ওভারটাইম, বিশ্রামের দিন, অভিযোগ, হোস্টেলের মান","मजदूरी का दावा, ओवरटाइम, बाकी दिन, शिकायतें, छात्रावास मानकों",Bekerja,काम,কাজ,काम
Jabatan Tenaga Kerja (Negeri Sembilan),Work,jtknsembilan@mohr.gov.my,State labour office for wage/OT/rest day complaints; hostel standards (Act 446) advice; mediation & enforcement.,Negeri Sembilan,https://jtksm.mohr.gov.my/ms,+606-763 8997,"Wisma Persekutuan, Jalan Dato' Abdul Kadir, Seremban, 70000 Seremban, Negeri Sembilan","No information available, contact for more detail",Department of Labour (Negeri Sembilan) (Jabatan Tenaga Kerja (Negeri Sembilan)),"wage claim, overtime, rest days, complaints, hostel standards",Jabatan Tenaga Kerja (Negeri Sembilan),श्रम विभाग (Negerei Semmailn) (Jabatan सेटागा केर्जा (Negreei Semmbaln)) (Jabatan Tenaga Kerja (Negeri Sembilan)),শ্রম বিভাগ (নেগেরি সেম্বিলান) (জাবাতান টেনাগা কেরজা (নেগেরি সেম্বিলান)) (Jabatan Tenaga Kerja (Negeri Sembilan)),श्रम विभाग (नेगेरी सेम्बिलन) (जाबातन तेनगा केर्जा (नेगेरी सेम्बिलन)) (Jabatan Tenaga Kerja (Negeri Sembilan)),মজুরি/ওটি/বিশ্রাম দিনের অভিযোগের জন্য রাজ্য শ্রম অফিস; হোস্টেল স্ট্যান্ডার্ডস (আইন 446) পরামর্শ; মধ্যস্থতা এবং প্রয়োগ।,Pejabat Buruh Negeri untuk Upah/OT/REST hari aduan; Standard Hostel (Akta 446) Nasihat; Pengantaraan & Penguatkuasaan.,मजदूरी/ओटी/रेस्ट डे शिकायतों के लिए राज्य श्रम कार्यालय; हॉस्टल मानकों (अधिनियम 446) सलाह; मध्यस्थता और प्रवर्तन।,राज्य श्रम कार्यालय ज्याला / ओट / आराम दिन गुनासोहरूको लागि; होस्टेल मानक (कार्य 44 446) सल्लाह; मध्यस्थता र कार्यान्वयन।,"tuntutan gaji, masa lapang, hari rehat, aduan, standard asrama","ज्याला दावी, ओभरटाइम, आराम दिन, गुनासोहरू, होस्टेल मापदण्डहरू","মজুরির দাবি, ওভারটাইম, বিশ্রামের দিন, অভিযোগ, হোস্টেলের মান","मजदूरी का दावा, ओवरटाइम, बाकी दिन, शिकायतें, छात्रावास मानकों",Bekerja,काम,কাজ,काम
Jabatan Tenaga Kerja (Pahang),Work,jtknpahang@mohr.gov.my,State labour office for wage/OT/rest day complaints; hostel standards (Act 446) advice; mediation & enforcement.,Pahang,https://jtksm.mohr.gov.my/ms,+609-516 2709,"No. 1, Tingkat 2, Bangunan Persekutuan, Jalan Gambut, 25532, 25000 Kuantan, Pahang",Monday-Friday 10:00-17:00,Department of Labour (Pahang) (Jabatan Tenaga Kerja (Pahang)),"wage claim, overtime, rest days, complaints, hostel standards",Jabatan Tenaga Kerja (Pahang),श्रम विभाग (Pahagg) (जम्बातान सेगागा केर्जा (Pahang)) (Jabatan Tenaga Kerja (Pahang)),শ্রম বিভাগ (পাহাং) (জাবাতান টেনাগা কেরজা (পাহাং)) (Jabatan Tenaga Kerja (Pahang)),श्रम विभाग (पाहंग) (जाबातन तेनगा केर्जा (पाहंग)) (Jabatan Tenaga Kerja (Pahang)),মজুরি/ওটি/বিশ্রাম দিনের অভিযোগের জন্য রাজ্য শ্রম অফিস; হোস্টেল স্ট্যান্ডার্ডস (আইন 446) পরামর্শ; মধ্যস্থতা এবং প্রয়োগ।,Pejabat Buruh Negeri untuk Upah/OT/REST hari aduan; Standard Hostel (Akta 446) Nasihat; Pengantaraan & Penguatkuasaan.,मजदूरी/ओटी/रेस्ट डे शिकायतों के लिए राज्य श्रम कार्यालय; हॉस्टल मानकों (अधिनियम 446) सलाह; मध्यस्थता और प्रवर्तन।,राज्य श्रम कार्यालय ज्याला / ओट / आराम दिन गुनासोहरूको लागि; होस्टेल मानक (कार्य 44 446) सल्लाह; मध्यस्थता र कार्यान्वयन।,"tuntutan gaji, masa lapang, hari rehat, aduan, standard asrama","ज्याला दावी, ओभरटाइम, आराम दिन, गुनासोहरू, होस्टेल मापदण्डहरू","মজুরির দাবি, ওভারটাইম, বিশ্রামের দিন, অভিযোগ, হোস্টেলের মান","मजदूरी का दावा, ओवरटाइम, बाकी दिन, शिकायतें, छात्रावास मानकों",Bekerja,काम,কাজ,काम
Jabatan Tenaga Kerja (Georgetown),Work,jtkdgtown@mohr.gov.my,State labour office for wage/OT/rest day complaints; hostel standards (Act 446) advice; mediation & enforcement.,Penang,https://jtksm.mohr.gov.my/ms,+604-262 5536,"Tingkat 2, Bangunan Tuanku Syed Putra, Lebuh Downing, 10300 Pulau Pinang","No information available, contact for more detail",Department of Labour (Georgetown) (Jabatan Tenaga Kerja (Georgetown)),"wage claim, overtime, rest days, complaints, hostel standards",Jabatan Tenaga Kerja (Georgetown),श्रम विभाग (जर्जेटेरो) (जर्बनान सेटागा किर्जा (जर्जेटाउन)) (Jabatan Tenaga Kerja (Georgetown)),শ্রম বিভাগ (জর্জিটাউন) (জাবাতান টেনাগা কেরজা (জর্জিটাউন)) (Jabatan Tenaga Kerja (Georgetown)),श्रम विभाग (जॉर्जटाउन) (Jabatan Tenaga Kerja (जॉर्जटाउन)) (Jabatan Tenaga Kerja (Georgetown)),মজুরি/ওটি/বিশ্রাম দিনের অভিযোগের জন্য রাজ্য শ্রম অফিস; হোস্টেল স্ট্যান্ডার্ডস (আইন 446) পরামর্শ; মধ্যস্থতা এবং প্রয়োগ।,Pejabat Buruh Negeri untuk Upah/OT/REST hari aduan; Standard Hostel (Akta 446) Nasihat; Pengantaraan & Penguatkuasaan.,मजदूरी/ओटी/रेस्ट डे शिकायतों के लिए राज्य श्रम कार्यालय; हॉस्टल मानकों (अधिनियम 446) सलाह; मध्यस्थता और प्रवर्तन।,राज्य श्रम कार्यालय ज्याला / ओट / आराम दिन गुनासोहरूको लागि; होस्टेल मानक (कार्य 44 446) सल्लाह; मध्यस्थता र कार्यान्वयन।,"tuntutan gaji, masa lapang, hari rehat, aduan, piawaian asrama","ज्याला दावी, ओभरटाइम, आराम दिन, गुनासोहरू, होस्टेल मापदण्डहरू","মজুরির দাবি, ওভারটাইম, বিশ্রামের দিন, অভিযোগ, হোস্টেলের মান","मजदूरी का दावा, ओवरटाइम, बाकी दिन, शिकायतें, छात्रावास मानकों",Bekerja,काम,কাজ,काम
Jabatan Tenaga Kerja (Perak),Work,jtknperak@mohr.gov.my,State labour office for wage/OT/rest day complaints; hostel standards (Act 446) advice; mediation & enforcement.,Perak,https://jtksm.mohr.gov.my/ms,+605-254 5271,"Jalan Dato' Seri Ahmad Said Bangunan Persekutuan, Persiaran Greentown, 31450 Ipoh, Perak",Monday-Friday 08:00-17:00,Department of Labour (Perak) (Jabatan Tenaga Kerja (Perak)),"wage claim, overtime, rest days, complaints, hostel standards",Jabatan Tenaga Kerja (Perak),श्रम विभाग (पेराक) (जागाटाटन सेटागा केर्जा (पेराक)) (Jabatan Tenaga Kerja (Perak)),শ্রম বিভাগ (পেরাক) (জাবাতান তেনাগা কেরজা (পেরাক)) (Jabatan Tenaga Kerja (Perak)),श्रम विभाग (पेरक) (जाबातन तेनगा केरजा (पेरक)) (Jabatan Tenaga Kerja (Perak)),মজুরি/ওটি/বিশ্রাম দিনের অভিযোগের জন্য রাজ্য শ্রম অফিস; হোস্টেল স্ট্যান্ডার্ডস (আইন 446) পরামর্শ; মধ্যস্থতা এবং প্রয়োগ।,Pejabat Buruh Negeri untuk Upah/OT/REST hari aduan; Standard Hostel (Akta 446) Nasihat; Pengantaraan & Penguatkuasaan.,मजदूरी/ओटी/रेस्ट डे शिकायतों के लिए राज्य श्रम कार्यालय; हॉस्टल मानकों (अधिनियम 446) सलाह; मध्यस्थता और प्रवर्तन।,राज्य श्रम कार्यालय ज्याला / ओट / आराम दिन गुनासोहरूको लागि; होस्टेल मानक (कार्य 44 446) सल्लाह; मध्यस्थता र कार्यान्वयन।,"tuntutan gaji, masa lapang, hari rehat, aduan, piawaian asrama","ज्याला दावी, ओभरटाइम, आराम दिन, गुनासोहरू, होस्टेल मापदण्डहरू","মজুরির দাবি, ওভারটাইম, বিশ্রামের দিন, অভিযোগ, হোস্টেলের মান","मजदूरी का दावा, ओवरटाइम, बाकी दिन, शिकायतें, छात्रावास मानकों",Bekerja,काम,কাজ,काम
Jabatan Tenaga Kerja (Perlis),Work,jtknperlis@mohr.gov.my,State labour office for wage/OT/rest day complaints; hostel standards (Act 446) advice; mediation & enforcement.,Perlis,https://jtksm.mohr.gov.my/ms,+604-976 1415,"No. 1,Tingkat 1, Bangunan, Jalan Tun Abdul Razak, 01000 Kangar, Perlis",Monday-Friday 08:00-17:00,Department of Labour (Perlis) (Jabatan Tenaga Kerja (Perlis)),"wage claim, overtime, rest days, complaints, hostel standards",Jabatan Tenaga Kerja (Perlis),श्रम विभाग (perlis) (Jabatan Seaga Kerrja (perlis)) (Jabatan Tenaga Kerja (Perlis)),শ্রম বিভাগ (পার্লিস) (জাবাতান টেনাগা কেরজা (পার্লিস)) (Jabatan Tenaga Kerja (Perlis)),श्रम विभाग (पर्लिस) (जबटन तेनगा केर्जा (पर्लिस)) (Jabatan Tenaga Kerja (Perlis)),মজুরি/ওটি/বিশ্রাম দিনের অভিযোগের জন্য রাজ্য শ্রম অফিস; হোস্টেল স্ট্যান্ডার্ডস (আইন 446) পরামর্শ; মধ্যস্থতা এবং প্রয়োগ।,Pejabat Buruh Negeri untuk Upah/OT/REST hari aduan; Standard Hostel (Akta 446) Nasihat; Pengantaraan & Penguatkuasaan.,मजदूरी/ओटी/रेस्ट डे शिकायतों के लिए राज्य श्रम कार्यालय; हॉस्टल मानकों (अधिनियम 446) सलाह; मध्यस्थता और प्रवर्तन।,राज्य श्रम कार्यालय ज्याला / ओट / आराम दिन गुनासोहरूको लागि; होस्टेल मानक (कार्य 44 446) सल्लाह; मध्यस्थता र कार्यान्वयन।,"tuntutan gaji, masa lapang, hari rehat, aduan, piawaian asrama","ज्याला दावी, ओभरटाइम, आराम दिन, गुनासोहरू, होस्टेल मापदण्डहरू","মজুরির দাবি, ওভারটাইম, বিশ্রামের দিন, অভিযোগ, হোস্টেলের মান","मजदूरी का दावा, ओवरटाइम, बाकी दिन, शिकायतें, छात्रावास मानकों",Bekerja,काम,কাজ,काम
Jabatan Tenaga Kerja (Selangor),Work,jtknselangor@mohr.gov.my,State labour office for wage/OT/rest day complaints; hostel standards (Act 446) advice; mediation & enforcement.,Selangor,https://jtksm.mohr.gov.my/ms,+603-5632 8800,"Wisma Consplant 2, Suite A405-7, Tingkat 3A, West Wing, No. 7, Jalan SS16/1, 47500 Subang Jaya, SelaNGOr",Monday-Thursday 08:00-13:00 and 14:00-16:30; Friday 08:00-12:15 and 14:45-16:30,Department of Labour (Selangor) (Jabatan Tenaga Kerja (Selangor)),"wage claim, overtime, rest days, complaints, hostel standards",Jabatan Tenaga Kerja (Selangor),श्रम विभाग (conlangor) (जागाताटन सेटागा किर्जा (Conlangor)) (Jabatan Tenaga Kerja (Selangor)),শ্রম বিভাগ (সেলেঙ্গর) (জাবাতান টেনাগা কেরজা (সেলেঙ্গর)) (Jabatan Tenaga Kerja (Selangor)),श्रम विभाग (सेलांगोर) (जाबातन तेनगा केर्जा (सेलांगोर)) (Jabatan Tenaga Kerja (Selangor)),মজুরি/ওটি/বিশ্রাম দিনের অভিযোগের জন্য রাজ্য শ্রম অফিস; হোস্টেল স্ট্যান্ডার্ডস (আইন 446) পরামর্শ; মধ্যস্থতা এবং প্রয়োগ।,Pejabat Buruh Negeri untuk Upah/OT/REST hari aduan; Standard Hostel (Akta 446) Nasihat; Pengantaraan & Penguatkuasaan.,मजदूरी/ओटी/रेस्ट डे शिकायतों के लिए राज्य श्रम कार्यालय; हॉस्टल मानकों (अधिनियम 446) सलाह; मध्यस्थता और प्रवर्तन।,राज्य श्रम कार्यालय ज्याला / ओट / आराम दिन गुनासोहरूको लागि; होस्टेल मानक (कार्य 44 446) सल्लाह; मध्यस्थता र कार्यान्वयन।,"tuntutan gaji, masa lapang, hari rehat, aduan, piawaian asrama","ज्याला दावी, ओभरटाइम, आराम दिन, गुनासोहरू, होस्टेल मापदण्डहरू","মজুরির দাবি, ওভারটাইম, বিশ্রামের দিন, অভিযোগ, হোস্টেলের মান","मजदूरी का दावा, ओवरटाइम, बाकी दिन, शिकायतें, छात्रावास मानकों",Bekerja,काम,কাজ,काम
Jabatan Tenaga Kerja (Terengganu),Work,jtkntrgnu@mohr.gov.my,State labour office for wage/OT/rest day complaints; hostel standards (Act 446) advice; mediation & enforcement.,Terengganu,https://jtksm.mohr.gov.my/ms,+609-620 3791,"No. 1, Tingkat 6, Wisma Persekutuan, Jalan Sultan Ismail, 20200, Kuala Terengganu, Terengganu, 20200","No information available, contact for more detail",Department of Labour (Terengganu) (Jabatan Tenaga Kerja (Terengganu)),"wage claim, overtime, rest days, complaints, hostel standards",Jabatan Tenaga Kerja (Terengganu),श्रम विभाग (टेरेजिर्गु) (जागातागन सेर्गगा केर्जि (TEREGRAGU))) (Jabatan Tenaga Kerja (Terengganu)),শ্রম বিভাগ (তেরেংগানু) (জাবাতান টেনাগা কেরজা (তেরেংগানু)) (Jabatan Tenaga Kerja (Terengganu)),श्रम विभाग (टेरेंगगानु) (जाबातन तेनगा केर्जा (टेरेंगानु)) (Jabatan Tenaga Kerja (Terengganu)),মজুরি/ওটি/বিশ্রাম দিনের অভিযোগের জন্য রাজ্য শ্রম অফিস; হোস্টেল স্ট্যান্ডার্ডস (আইন 446) পরামর্শ; মধ্যস্থতা এবং প্রয়োগ।,Pejabat Buruh Negeri untuk Upah/OT/REST hari aduan; Standard Hostel (Akta 446) Nasihat; Pengantaraan & Penguatkuasaan.,मजदूरी/ओटी/रेस्ट डे शिकायतों के लिए राज्य श्रम कार्यालय; हॉस्टल मानकों (अधिनियम 446) सलाह; मध्यस्थता और प्रवर्तन।,राज्य श्रम कार्यालय ज्याला / ओट / आराम दिन गुनासोहरूको लागि; होस्टेल मानक (कार्य 44 446) सल्लाह; मध्यस्थता र कार्यान्वयन।,"tuntutan gaji, masa lapang, hari rehat, aduan, piawaian asrama","ज्याला दावी, ओभरटाइम, आराम दिन, गुनासोहरू, होस्टेल मापदण्डहरू","মজুরির দাবি, ওভারটাইম, বিশ্রামের দিন, অভিযোগ, হোস্টেলের মান","मजदूरी का दावा, ओवरटाइम, बाकी दिन, शिकायतें, छात्रावास मानकों",Bekerja,काम,কাজ,काम
Pejabat Tenaga Kerja (Kuala Lumpur),Work,jtknklumpur@mohr.gov.my,Federal Territory labour office for wage/OT/rest day complaints; hostel standards (Act 446) advice; mediation & enforcement.,Kuala Lumpur Federal Territory,https://jtksm.mohr.gov.my/ms,+603-4141 4600,"TINGKAT 9, JABATAN TENAGA KERJA, Menara Perkeso, Jln Ampang, Taman U Thant, 55000 Kuala Lumpur",Monday-Friday 08:00-16:30,Department of Labour (Kuala Lumpur) (Pejabat Tenaga Kerja (Kuala Lumpur)),"wage claim, overtime, rest days, complaints, hostel standards",Pejabat Tenaga Kerja (Kuala Lumpur),श्रम विभाग (कुलाल लम्पुपुर) (Peajabat सेटागा केर्जा (कुालालूम्पुर)) (Pejabat Tenaga Kerja (Kuala Lumpur)),শ্রম বিভাগ (কুয়ালালামপুর) (পেজাবত টেনাগা কেরজা (কুয়ালালামপুর)) (Pejabat Tenaga Kerja (Kuala Lumpur)),श्रम विभाग (कुआलालंपुर) (पेजबत तेनगा केर्जा (कुआलालंपुर)) (Pejabat Tenaga Kerja (Kuala Lumpur)),মজুরি/ওটি/বিশ্রাম দিনের অভিযোগের জন্য ফেডারেল টেরিটরি শ্রম অফিস; হোস্টেল স্ট্যান্ডার্ডস (আইন 446) পরামর্শ; মধ্যস্থতা এবং প্রয়োগ।,Pejabat Buruh Wilayah Persekutuan untuk Upah/OT/REST hari aduan; Standard Hostel (Akta 446) Nasihat; Pengantaraan & Penguatkuasaan.,मजदूरी/ओटी/रेस्ट डे शिकायतों के लिए संघीय क्षेत्र श्रम कार्यालय; हॉस्टल मानकों (अधिनियम 446) सलाह; मध्यस्थता और प्रवर्तन।,संघीय क्षेत्र श्रम कार्यालय ज्याला / ओट / आराम दिन गुनासोहरूको लागि; होस्टेल मानक (कार्य 44 446) सल्लाह; मध्यस्थता र कार्यान्वयन।,"tuntutan gaji, masa lapang, hari rehat, aduan, piawaian asrama","ज्याला दावी, ओभरटाइम, आराम दिन, गुनासोहरू, होस्टेल मापदण्डहरू","মজুরির দাবি, ওভারটাইম, বিশ্রামের দিন, অভিযোগ, হোস্টেলের মান","मजदूरी का दावा, ओवरटाइम, बाकी दिन, शिकायतें, छात्रावास मानकों",Bekerja,काम,কাজ,काम
Jabatan Tenaga Kerja Peninsular Malaysia (JTKSM),Work,jtksm@mohr.gov.my,Headquarter labour office in Peninsular Malaysia for wage/OT/rest day complaints; hostel standards (Act 446) advice; mediation & enforcement.,Putrajaya Federal Territory,https://jtksm.mohr.gov.my/ms,+603-8000 8000,"Aras 5, Blok D3, Kompleks D, Pusat Pentadbiran Kerajaan Persekutuan, Presint 1, 62530 Putrajaya",Monday-Thursday 08:00-13:00 and 14:00-17:00; Friday 08:00-12:30 and 14:30-17:00,Department of Labour Peninsular Malaysia (Jabatan Tenaga Kerja Peninsular Malaysia (JTKSM)),"wage claim, overtime, rest days, complaints, hostel standards",Jabatan Tenaga Kerja Peninsular Malaysia (JTKSM),श्रम प्रायद्वीणात्मक मलेशियाको विभाग (जाब्तिटन सेर्सा किर्ज पेन्सिया मलेशिया (JTCM)) (Jabatan Tenaga Kerja Peninsular Malaysia (JTKSM)),শ্রম উপদ্বীপ মালয়েশিয়া বিভাগ (জাবাতান টেনাগা কেরজা উপদ্বীপ মালয়েশিয়া (জেটিকেএসএম)) (Jabatan Tenaga Kerja Peninsular Malaysia (JTKSM)),श्रम प्रायद्वीपीय मलेशिया विभाग (Jabatan Tenaga Kerja प्रायद्वीपीय मलेशिया (JTKSM)) (Jabatan Tenaga Kerja Peninsular Malaysia (JTKSM)),মজুরি/ওটি/রেস্ট ডে অভিযোগের জন্য উপদ্বীপ মালয়েশিয়ায় সদর দফতর শ্রম অফিস; হোস্টেল স্ট্যান্ডার্ডস (আইন 446) পরামর্শ; মধ্যস্থতা এবং প্রয়োগ।,Pejabat Buruh Ibu Pejabat di Semenanjung Malaysia untuk Aduan Upah/OT/Rehat Hari; Standard Hostel (Akta 446) Nasihat; Pengantaraan & Penguatkuasaan.,मजदूरी/ओटी/रेस्ट डे शिकायतों के लिए प्रायद्वीपीय मलेशिया में मुख्यालय श्रम कार्यालय; हॉस्टल मानकों (अधिनियम 446) सलाह; मध्यस्थता और प्रवर्तन।,व्याकुल मलेशियामा मुख्यालय मलेशियामा ज्यालावाद मलेशियामा। होस्टेल मानक (कार्य 44 446) सल्लाह; मध्यस्थता र कार्यान्वयन।,"tuntutan gaji, masa lapang, hari rehat, aduan, piawaian asrama","ज्याला दावी, ओभरटाइम, आराम दिन, गुनासोहरू, होस्टेल मापदण्डहरू","মজুরির দাবি, ওভারটাইম, বিশ্রামের দিন, অভিযোগ, হোস্টেলের মান","मजदूरी का दावा, ओवरटाइम, बाकी दिन, शिकायतें, छात्रावास मानकों",Bekerja,काम,কাজ,काम
Jabatan Tenaga Kerja (Johor),Housing & Shelter,jtknjohor@mohr.gov.my,State labour office for wage/OT/rest day complaints; hostel standards (Act 446) advice; mediation & enforcement.,Johor,https://jtksm.mohr.gov.my/ms,+607-227 5080,"Tingkat 3, Blok A, Wisma Persekutuan, Wisma Jalan Ayer Molek, 80000 Johor Bahru, Johor.","No information available, contact for more detail",Department of Labour (Johor) (Jabatan Tenaga Kerja (Johor)),"wage claim, overtime, rest days, complaints, hostel standards",Jabatan Tenaga Kerja (Johor),श्रम विभाग (जोशर) (जॉबुटन सेटागा किर्जा (जोहि)) (Jabatan Tenaga Kerja (Johor)),শ্রম বিভাগ (জোহর) (জাবাতান টেনাগা কেরজা (জোহর)) (Jabatan Tenaga Kerja (Johor)),श्रम विभाग (जोहोर) (Jabatan Tenaga Kerja (Johor)) (Jabatan Tenaga Kerja (Johor)),মজুরি/ওটি/বিশ্রাম দিনের অভিযোগের জন্য রাজ্য শ্রম অফিস; হোস্টেল স্ট্যান্ডার্ডস (আইন 446) পরামর্শ; মধ্যস্থতা এবং প্রয়োগ।,Pejabat Buruh Negeri untuk Upah/OT/REST hari aduan; Standard Hostel (Akta 446) Nasihat; Pengantaraan & Penguatkuasaan.,मजदूरी/ओटी/रेस्ट डे शिकायतों के लिए राज्य श्रम कार्यालय; हॉस्टल मानकों (अधिनियम 446) सलाह; मध्यस्थता और प्रवर्तन।,राज्य श्रम कार्यालय ज्याला / ओट / आराम दिन गुनासोहरूको लागि; होस्टेल मानक (कार्य 44 446) सल्लाह; मध्यस्थता र कार्यान्वयन।,"tuntutan gaji, masa lapang, hari rehat, aduan, piawaian asrama","ज्याला दावी, ओभरटाइम, आराम दिन, गुनासोहरू, होस्टेल मापदण्डहरू","মজুরির দাবি, ওভারটাইম, বিশ্রামের দিন, অভিযোগ, হোস্টেলের মান","मजदूरी का दावा, ओवरटाइम, बाकी दिन, शिकायतें, छात्रावास मानकों",Perumahan & tempat perlindungan,आवास र आश्रय,আবাসন ও আশ্রয়,आवास और आश्रय
Jabatan Tenaga Kerja (Kedah),Housing & Shelter,jtknkedah@mohr.gov.my,State labour office for wage/OT/rest day complaints; hostel standards (Act 446) advice; mediation & enforcement.,Kedah,https://jtksm.mohr.gov.my/ms,+604-732 2655,"Aras 5, Zon A, Wisma Persekutuan, Pusat Pentadbiran Kerajaan Persekutuan, Bandar Muadzam Shah, 06550 Alor Setar, Kedah",Monday-Wednesday 08:00-17:00; Thursday 08:00-15:30,Department of Labour (Kedah) (Jabatan Tenaga Kerja (Kedah)),"wage claim, overtime, rest days, complaints, hostel standards",Jabatan Tenaga Kerja (Kedah),श्रम विभाग (केदार) (जाबुज शीगा केर्जा (केदार))) (Jabatan Tenaga Kerja (Kedah)),শ্রম বিভাগ (কেদাহ) (জাবাতান তেনাগা কেরজা (কেদা)) (Jabatan Tenaga Kerja (Kedah)),श्रम विभाग (केदाह) (जाबातन तेनगा केर्जा (केदाह)) (Jabatan Tenaga Kerja (Kedah)),মজুরি/ওটি/বিশ্রাম দিনের অভিযোগের জন্য রাজ্য শ্রম অফিস; হোস্টেল স্ট্যান্ডার্ডস (আইন 446) পরামর্শ; মধ্যস্থতা এবং প্রয়োগ।,Pejabat Buruh Negeri untuk Upah/OT/REST hari aduan; Standard Hostel (Akta 446) Nasihat; Pengantaraan & Penguatkuasaan.,मजदूरी/ओटी/रेस्ट डे शिकायतों के लिए राज्य श्रम कार्यालय; हॉस्टल मानकों (अधिनियम 446) सलाह; मध्यस्थता और प्रवर्तन।,राज्य श्रम कार्यालय ज्याला / ओट / आराम दिन गुनासोहरूको लागि; होस्टेल मानक (कार्य 44 446) सल्लाह; मध्यस्थता र कार्यान्वयन।,"tuntutan gaji, masa lapang, hari rehat, aduan, piawaian asrama","ज्याला दावी, ओभरटाइम, आराम दिन, गुनासोहरू, होस्टेल मापदण्डहरू","মজুরির দাবি, ওভারটাইম, বিশ্রামের দিন, অভিযোগ, হোস্টেলের মান","मजदूरी का दावा, ओवरटाइम, बाकी दिन, शिकायतें, छात्रावास मानकों",Perumahan & tempat perlindungan,आवास र आश्रय,আবাসন ও আশ্রয়,आवास और आश्रय
Jabatan Tenaga Kerja (Kelantan),Housing & Shelter,jtknkelantan@mohr.gov.my,State labour office for wage/OT/rest day complaints; hostel standards (Act 446) advice; mediation & enforcement.,Kelantan,https://jtksm.mohr.gov.my/ms,+609-748 2506,"No. 1, Aras 11, Wisma Persekutuan, Jalan Bayam, 15200 Kota Bharu, Kelantan","No information available, contact for more detail",Department of Labour (Kelantan) (Jabatan Tenaga Kerja (Kelantan)),"wage claim, overtime, rest days, complaints, hostel standards",Jabatan Tenaga Kerja (Kelantan),श्रम विभाग (केलान्टन) (जागाताटन टेसा केर्जा (केलान्टन)) (Jabatan Tenaga Kerja (Kelantan)),শ্রম বিভাগ (কেলান্টান) (জাবাতান টেনাগা কেরজা (কেলান্টান)) (Jabatan Tenaga Kerja (Kelantan)),श्रम विभाग (केलंटन) (जाबातन तेनगा केर्जा (केलंटन)) (Jabatan Tenaga Kerja (Kelantan)),মজুরি/ওটি/বিশ্রাম দিনের অভিযোগের জন্য রাজ্য শ্রম অফিস; হোস্টেল স্ট্যান্ডার্ডস (আইন 446) পরামর্শ; মধ্যস্থতা এবং প্রয়োগ।,Pejabat Buruh Negeri untuk Upah/OT/REST hari aduan; Standard Hostel (Akta 446) Nasihat; Pengantaraan & Penguatkuasaan.,मजदूरी/ओटी/रेस्ट डे शिकायतों के लिए राज्य श्रम कार्यालय; हॉस्टल मानकों (अधिनियम 446) सलाह; मध्यस्थता और प्रवर्तन।,राज्य श्रम कार्यालय ज्याला / ओट / आराम दिन गुनासोहरूको लागि; होस्टेल मानक (कार्य 44 446) सल्लाह; मध्यस्थता र कार्यान्वयन।,"tuntutan gaji, masa lapang, hari rehat, aduan, piawaian asrama","ज्याला दावी, ओभरटाइम, आराम दिन, गुनासोहरू, होस्टेल मापदण्डहरू","মজুরির দাবি, ওভারটাইম, বিশ্রামের দিন, অভিযোগ, হোস্টেলের মান","मजदूरी का दावा, ओवरटाइम, बाकी दिन, शिकायतें, छात्रावास मानकों",Perumahan & tempat perlindungan,आवास र आश्रय,আবাসন ও আশ্রয়,आवास और आश्रय
Jabatan Tenaga Kerja (Melaka),Housing & Shelter,jtknmelaka@mohr.gov.my,State labour office for wage/OT/rest day complaints; hostel standards (Act 446) advice; mediation & enforcement.,Malacca,https://jtksm.mohr.gov.my/ms,+606-234 5172,"Aras 4, Menara Persekutuan, Jalan Wisma Persekutuan, Malacca International Trade Centre, 75450 Ayer Keroh, Malacca",Monday-Friday 08:00-17:00,Department of Labour (Malacca) (Jabatan Tenaga Kerja (Melaka)),"wage claim, overtime, rest days, complaints, hostel standards",Jabatan Tenaga Kerja (Melaka),श्रम विभाग (मलाका) (जागाताटन सेटागा किर्जा (मेलाका)) (Jabatan Tenaga Kerja (Melaka)),শ্রম বিভাগ (মালাক্কা) (জাবাতান টেনাগা কেরজা (মেলাকা)) (Jabatan Tenaga Kerja (Melaka)),श्रम विभाग (मलक्का) (जाबातन तेनगा केर्जा (मेलाका)) (Jabatan Tenaga Kerja (Melaka)),মজুরি/ওটি/বিশ্রাম দিনের অভিযোগের জন্য রাজ্য শ্রম অফিস; হোস্টেল স্ট্যান্ডার্ডস (আইন 446) পরামর্শ; মধ্যস্থতা এবং প্রয়োগ।,Pejabat Buruh Negeri untuk Upah/OT/REST hari aduan; Standard Hostel (Akta 446) Nasihat; Pengantaraan & Penguatkuasaan.,मजदूरी/ओटी/रेस्ट डे शिकायतों के लिए राज्य श्रम कार्यालय; हॉस्टल मानकों (अधिनियम 446) सलाह; मध्यस्थता और प्रवर्तन।,राज्य श्रम कार्यालय ज्याला / ओट / आराम दिन गुनासोहरूको लागि; होस्टेल मानक (कार्य 44 446) सल्लाह; मध्यस्थता र कार्यान्वयन।,"tuntutan gaji, masa lapang, hari rehat, aduan, piawaian asrama","ज्याला दावी, ओभरटाइम, आराम दिन, गुनासोहरू, होस्टेल मापदण्डहरू","মজুরির দাবি, ওভারটাইম, বিশ্রামের দিন, অভিযোগ, হোস্টেলের মান","मजदूरी का दावा, ओवरटाइम, बाकी दिन, शिकायतें, छात्रावास मानकों",Perumahan & tempat perlindungan,आवास र आश्रय,আবাসন ও আশ্রয়,आवास और आश्रय
Jabatan Tenaga Kerja (Negeri Sembilan),Housing & Shelter,jtknsembilan@mohr.gov.my,State labour office for wage/OT/rest day complaints; hostel standards (Act 446) advice; mediation & enforcement.,Negeri Sembilan,https://jtksm.mohr.gov.my/ms,+606-763 8997,"Wisma Persekutuan, Jalan Dato' Abdul Kadir, Seremban, 70000 Seremban, Negeri Sembilan","No information available, contact for more detail",Department of Labour (Negeri Sembilan) (Jabatan Tenaga Kerja (Negeri Sembilan)),"wage claim, overtime, rest days, complaints, hostel standards",Jabatan Tenaga Kerja (Negeri Sembilan),श्रम विभाग (Negerei Semmailn) (Jabatan सेटागा केर्जा (Negreei Semmbaln)) (Jabatan Tenaga Kerja (Negeri Sembilan)),শ্রম বিভাগ (নেগেরি সেম্বিলান) (জাবাতান টেনাগা কেরজা (নেগেরি সেম্বিলান)) (Jabatan Tenaga Kerja (Negeri Sembilan)),श्रम विभाग (नेगेरी सेम्बिलन) (जाबातन तेनगा केर्जा (नेगेरी सेम्बिलन)) (Jabatan Tenaga Kerja (Negeri Sembilan)),মজুরি/ওটি/বিশ্রাম দিনের অভিযোগের জন্য রাজ্য শ্রম অফিস; হোস্টেল স্ট্যান্ডার্ডস (আইন 446) পরামর্শ; মধ্যস্থতা এবং প্রয়োগ।,Pejabat Buruh Negeri untuk Upah/OT/REST hari aduan; Standard Hostel (Akta 446) Nasihat; Pengantaraan & Penguatkuasaan.,मजदूरी/ओटी/रेस्ट डे शिकायतों के लिए राज्य श्रम कार्यालय; हॉस्टल मानकों (अधिनियम 446) सलाह; मध्यस्थता और प्रवर्तन।,राज्य श्रम कार्यालय ज्याला / ओट / आराम दिन गुनासोहरूको लागि; होस्टेल मानक (कार्य 44 446) सल्लाह; मध्यस्थता र कार्यान्वयन।,"tuntutan gaji, masa lapang, hari rehat, aduan, piawaian asrama","ज्याला दावी, ओभरटाइम, आराम दिन, गुनासोहरू, होस्टेल मापदण्डहरू","মজুরির দাবি, ওভারটাইম, বিশ্রামের দিন, অভিযোগ, হোস্টেলের মান","मजदूरी का दावा, ओवरटाइम, बाकी दिन, शिकायतें, छात्रावास मानकों",Perumahan & tempat perlindungan,आवास र आश्रय,আবাসন ও আশ্রয়,आवास और आश्रय
Jabatan Tenaga Kerja (Pahang),Housing & Shelter,jtknpahang@mohr.gov.my,State labour office for wage/OT/rest day complaints; hostel standards (Act 446) advice; mediation & enforcement.,Pahang,https://jtksm.mohr.gov.my/ms,+609-516 2709,"No. 1, Tingkat 2, Bangunan Persekutuan, Jalan Gambut, 25532, 25000 Kuantan, Pahang",Monday-Friday 10:00-17:00,Department of Labour (Pahang) (Jabatan Tenaga Kerja (Pahang)),"wage claim, overtime, rest days, complaints, hostel standards",Jabatan Tenaga Kerja (Pahang),श्रम विभाग (Pahagg) (जम्बातान सेगागा केर्जा (Pahang)) (Jabatan Tenaga Kerja (Pahang)),শ্রম বিভাগ (পাহাং) (জাবাতান টেনাগা কেরজা (পাহাং)) (Jabatan Tenaga Kerja (Pahang)),श्रम विभाग (पाहंग) (जाबातन तेनगा केर्जा (पाहंग)) (Jabatan Tenaga Kerja (Pahang)),মজুরি/ওটি/বিশ্রাম দিনের অভিযোগের জন্য রাজ্য শ্রম অফিস; হোস্টেল স্ট্যান্ডার্ডস (আইন 446) পরামর্শ; মধ্যস্থতা এবং প্রয়োগ।,Pejabat Buruh Negeri untuk Upah/OT/REST hari aduan; Standard Hostel (Akta 446) Nasihat; Pengantaraan & Penguatkuasaan.,मजदूरी/ओटी/रेस्ट डे शिकायतों के लिए राज्य श्रम कार्यालय; हॉस्टल मानकों (अधिनियम 446) सलाह; मध्यस्थता और प्रवर्तन।,राज्य श्रम कार्यालय ज्याला / ओट / आराम दिन गुनासोहरूको लागि; होस्टेल मानक (कार्य 44 446) सल्लाह; मध्यस्थता र कार्यान्वयन।,"tuntutan gaji, masa lapang, hari rehat, aduan, piawaian asrama","ज्याला दावी, ओभरटाइम, आराम दिन, गुनासोहरू, होस्टेल मापदण्डहरू","মজুরির দাবি, ওভারটাইম, বিশ্রামের দিন, অভিযোগ, হোস্টেলের মান","मजदूरी का दावा, ओवरटाइम, बाकी दिन, शिकायतें, छात्रावास मानकों",Perumahan & tempat perlindungan,आवास र आश्रय,আবাসন ও আশ্রয়,आवास और आश्रय
Jabatan Tenaga Kerja (Georgetown),Housing & Shelter,jtkdgtown@mohr.gov.my,State labour office for wage/OT/rest day complaints; hostel standards (Act 446) advice; mediation & enforcement.,Penang,https://jtksm.mohr.gov.my/ms,+604-262 5536,"Tingkat 2, Bangunan Tuanku Syed Putra, Lebuh Downing, 10300 Pulau Pinang","No information available, contact for more detail",Department of Labour (Georgetown) (Jabatan Tenaga Kerja (Georgetown)),"wage claim, overtime, rest days, complaints, hostel standards",Jabatan Tenaga Kerja (Georgetown),श्रम विभाग (जर्जेटेरो) (जर्बनान सेटागा किर्जा (जर्जेटाउन)) (Jabatan Tenaga Kerja (Georgetown)),শ্রম বিভাগ (জর্জিটাউন) (জাবাতান টেনাগা কেরজা (জর্জিটাউন)) (Jabatan Tenaga Kerja (Georgetown)),श्रम विभाग (जॉर्जटाउन) (Jabatan Tenaga Kerja (जॉर्जटाउन)) (Jabatan Tenaga Kerja (Georgetown)),মজুরি/ওটি/বিশ্রাম দিনের অভিযোগের জন্য রাজ্য শ্রম অফিস; হোস্টেল স্ট্যান্ডার্ডস (আইন 446) পরামর্শ; মধ্যস্থতা এবং প্রয়োগ।,Pejabat Buruh Negeri untuk Upah/OT/REST hari aduan; Standard Hostel (Akta 446) Nasihat; Pengantaraan & Penguatkuasaan.,मजदूरी/ओटी/रेस्ट डे शिकायतों के लिए राज्य श्रम कार्यालय; हॉस्टल मानकों (अधिनियम 446) सलाह; मध्यस्थता और प्रवर्तन।,राज्य श्रम कार्यालय ज्याला / ओट / आराम दिन गुनासोहरूको लागि; होस्टेल मानक (कार्य 44 446) सल्लाह; मध्यस्थता र कार्यान्वयन।,"tuntutan gaji, masa lapang, hari rehat, aduan, piawaian asrama","ज्याला दावी, ओभरटाइम, आराम दिन, गुनासोहरू, होस्टेल मापदण्डहरू","মজুরির দাবি, ওভারটাইম, বিশ্রামের দিন, অভিযোগ, হোস্টেলের মান","मजदूरी का दावा, ओवरटाइम, बाकी दिन, शिकायतें, छात्रावास मानकों",Perumahan & tempat perlindungan,आवास र आश्रय,আবাসন ও আশ্রয়,आवास और आश्रय
Jabatan Tenaga Kerja (Perak),Housing & Shelter,jtknperak@mohr.gov.my,State labour office for wage/OT/rest day complaints; hostel standards (Act 446) advice; mediation & enforcement.,Perak,https://jtksm.mohr.gov.my/ms,+605-254 5271,"Jalan Dato' Seri Ahmad Said Bangunan Persekutuan, Persiaran Greentown, 31450 Ipoh, Perak",Monday-Friday 08:00-17:00,Department of Labour (Perak) (Jabatan Tenaga Kerja (Perak)),"wage claim, overtime, rest days, complaints, hostel standards",Jabatan Tenaga Kerja (Perak),श्रम विभाग (पेराक) (जागाटाटन सेटागा केर्जा (पेराक)) (Jabatan Tenaga Kerja (Perak)),শ্রম বিভাগ (পেরাক) (জাবাতান তেনাগা কেরজা (পেরাক)) (Jabatan Tenaga Kerja (Perak)),श्रम विभाग (पेरक) (जाबातन तेनगा केरजा (पेरक)) (Jabatan Tenaga Kerja (Perak)),মজুরি/ওটি/বিশ্রাম দিনের অভিযোগের জন্য রাজ্য শ্রম অফিস; হোস্টেল স্ট্যান্ডার্ডস (আইন 446) পরামর্শ; মধ্যস্থতা এবং প্রয়োগ।,Pejabat Buruh Negeri untuk Upah/OT/REST hari aduan; Standard Hostel (Akta 446) Nasihat; Pengantaraan & Penguatkuasaan.,मजदूरी/ओटी/रेस्ट डे शिकायतों के लिए राज्य श्रम कार्यालय; हॉस्टल मानकों (अधिनियम 446) सलाह; मध्यस्थता और प्रवर्तन।,राज्य श्रम कार्यालय ज्याला / ओट / आराम दिन गुनासोहरूको लागि; होस्टेल मानक (कार्य 44 446) सल्लाह; मध्यस्थता र कार्यान्वयन।,"tuntutan gaji, masa lapang, hari rehat, aduan, piawaian asrama","ज्याला दावी, ओभरटाइम, आराम दिन, गुनासोहरू, होस्टेल मापदण्डहरू","মজুরির দাবি, ওভারটাইম, বিশ্রামের দিন, অভিযোগ, হোস্টেলের মান","मजदूरी का दावा, ओवरटाइम, बाकी दिन, शिकायतें, छात्रावास मानकों",Perumahan & tempat perlindungan,आवास र आश्रय,আবাসন ও আশ্রয়,आवास और आश्रय
Jabatan Tenaga Kerja (Perlis),Housing & Shelter,jtknperlis@mohr.gov.my,State labour office for wage/OT/rest day complaints; hostel standards (Act 446) advice; mediation & enforcement.,Perlis,https://jtksm.mohr.gov.my/ms,+604-976 1415,"No. 1,Tingkat 1, Bangunan, Jalan Tun Abdul Razak, 01000 Kangar, Perlis",Monday-Friday 08:00-17:00,Department of Labour (Perlis) (Jabatan Tenaga Kerja (Perlis)),"wage claim, overtime, rest days, complaints, hostel standards",Jabatan Tenaga Kerja (Perlis),श्रम विभाग (perlis) (Jabatan Seaga Kerrja (perlis)) (Jabatan Tenaga Kerja (Perlis)),শ্রম বিভাগ (পার্লিস) (জাবাতান টেনাগা কেরজা (পার্লিস)) (Jabatan Tenaga Kerja (Perlis)),श्रम विभाग (पर्लिस) (जबटन तेनगा केर्जा (पर्लिस)) (Jabatan Tenaga Kerja (Perlis)),মজুরি/ওটি/বিশ্রাম দিনের অভিযোগের জন্য রাজ্য শ্রম অফিস; হোস্টেল স্ট্যান্ডার্ডস (আইন 446) পরামর্শ; মধ্যস্থতা এবং প্রয়োগ।,Pejabat Buruh Negeri untuk Upah/OT/REST hari aduan; Standard Hostel (Akta 446) Nasihat; Pengantaraan & Penguatkuasaan.,मजदूरी/ओटी/रेस्ट डे शिकायतों के लिए राज्य श्रम कार्यालय; हॉस्टल मानकों (अधिनियम 446) सलाह; मध्यस्थता और प्रवर्तन।,राज्य श्रम कार्यालय ज्याला / ओट / आराम दिन गुनासोहरूको लागि; होस्टेल मानक (कार्य 44 446) सल्लाह; मध्यस्थता र कार्यान्वयन।,"tuntutan gaji, masa lapang, hari rehat, aduan, piawaian asrama","ज्याला दावी, ओभरटाइम, आराम दिन, गुनासोहरू, होस्टेल मापदण्डहरू","মজুরির দাবি, ওভারটাইম, বিশ্রামের দিন, অভিযোগ, হোস্টেলের মান","मजदूरी का दावा, ओवरटाइम, बाकी दिन, शिकायतें, छात्रावास मानकों",Perumahan & tempat perlindungan,आवास र आश्रय,আবাসন ও আশ্রয়,आवास और आश्रय
Jabatan Tenaga Kerja (Selangor),Housing & Shelter,jtknselangor@mohr.gov.my,State labour office for wage/OT/rest day complaints; hostel standards (Act 446) advice; mediation & enforcement.,Selangor,https://jtksm.mohr.gov.my/ms,+603-5632 8800,"Wisma Consplant 2, Suite A405-7, Tingkat 3A, West Wing, No. 7, Jalan SS16/1, 47500 Subang Jaya, Selangor",Monday-Thursday 08:00-13:00 and 14:00-16:30; Friday 08:00-12:15 and 14:45-16:30,Department of Labour (Selangor) (Jabatan Tenaga Kerja (Selangor)),"wage claim, overtime, rest days, complaints, hostel standards",Jabatan Tenaga Kerja (Selangor),श्रम विभाग (conlangor) (जागाताटन सेटागा किर्जा (Conlangor)) (Jabatan Tenaga Kerja (Selangor)),শ্রম বিভাগ (সেলেঙ্গর) (জাবাতান টেনাগা কেরজা (সেলেঙ্গর)) (Jabatan Tenaga Kerja (Selangor)),श्रम विभाग (सेलांगोर) (जाबातन तेनगा केर्जा (सेलांगोर)) (Jabatan Tenaga Kerja (Selangor)),মজুরি/ওটি/বিশ্রাম দিনের অভিযোগের জন্য রাজ্য শ্রম অফিস; হোস্টেল স্ট্যান্ডার্ডস (আইন 446) পরামর্শ; মধ্যস্থতা এবং প্রয়োগ।,Pejabat Buruh Negeri untuk Upah/OT/REST hari aduan; Standard Hostel (Akta 446) Nasihat; Pengantaraan & Penguatkuasaan.,मजदूरी/ओटी/रेस्ट डे शिकायतों के लिए राज्य श्रम कार्यालय; हॉस्टल मानकों (अधिनियम 446) सलाह; मध्यस्थता और प्रवर्तन।,राज्य श्रम कार्यालय ज्याला / ओट / आराम दिन गुनासोहरूको लागि; होस्टेल मानक (कार्य 44 446) सल्लाह; मध्यस्थता र कार्यान्वयन।,"tuntutan gaji, masa lapang, hari rehat, aduan, piawaian asrama","ज्याला दावी, ओभरटाइम, आराम दिन, गुनासोहरू, होस्टेल मापदण्डहरू","মজুরির দাবি, ওভারটাইম, বিশ্রামের দিন, অভিযোগ, হোস্টেলের মান","मजदूरी का दावा, ओवरटाइम, बाकी दिन, शिकायतें, छात्रावास मानकों",Perumahan & tempat perlindungan,आवास र आश्रय,আবাসন ও আশ্রয়,आवास और आश्रय
Jabatan Tenaga Kerja (Terengganu),Housing & Shelter,jtkntrgnu@mohr.gov.my,State labour office for wage/OT/rest day complaints; hostel standards (Act 446) advice; mediation & enforcement.,Terengganu,https://jtksm.mohr.gov.my/ms,+609-620 3791,"No. 1, Tingkat 6, Wisma Persekutuan, Jalan Sultan Ismail, 20200, Kuala Terengganu, Terengganu, 20200","No information available, contact for more detail",Department of Labour (Terengganu) (Jabatan Tenaga Kerja (Terengganu)),"wage claim, overtime, rest days, complaints, hostel standards",Jabatan Tenaga Kerja (Terengganu),श्रम विभाग (टेरेजिर्गु) (जागातागन सेर्गगा केर्जि (TEREGRAGU))) (Jabatan Tenaga Kerja (Terengganu)),শ্রম বিভাগ (তেরেংগানু) (জাবাতান টেনাগা কেরজা (তেরেংগানু)) (Jabatan Tenaga Kerja (Terengganu)),श्रम विभाग (टेरेंगगानु) (जाबातन तेनगा केर्जा (टेरेंगानु)) (Jabatan Tenaga Kerja (Terengganu)),মজুরি/ওটি/বিশ্রাম দিনের অভিযোগের জন্য রাজ্য শ্রম অফিস; হোস্টেল স্ট্যান্ডার্ডস (আইন 446) পরামর্শ; মধ্যস্থতা এবং প্রয়োগ।,Pejabat Buruh Negeri untuk Upah/OT/REST hari aduan; Standard Hostel (Akta 446) Nasihat; Pengantaraan & Penguatkuasaan.,मजदूरी/ओटी/रेस्ट डे शिकायतों के लिए राज्य श्रम कार्यालय; हॉस्टल मानकों (अधिनियम 446) सलाह; मध्यस्थता और प्रवर्तन।,राज्य श्रम कार्यालय ज्याला / ओट / आराम दिन गुनासोहरूको लागि; होस्टेल मानक (कार्य 44 446) सल्लाह; मध्यस्थता र कार्यान्वयन।,"tuntutan gaji, masa lapang, hari rehat, aduan, piawaian asrama","ज्याला दावी, ओभरटाइम, आराम दिन, गुनासोहरू, होस्टेल मापदण्डहरू","মজুরির দাবি, ওভারটাইম, বিশ্রামের দিন, অভিযোগ, হোস্টেলের মান","मजदूरी का दावा, ओवरटाइम, बाकी दिन, शिकायतें, छात्रावास मानकों",Perumahan & tempat perlindungan,आवास र आश्रय,আবাসন ও আশ্রয়,आवास और आश्रय
Pejabat Tenaga Kerja (Kuala Lumpur),Housing & Shelter,jtknklumpur@mohr.gov.my,Federal Territory labour office for wage/OT/rest day complaints; hostel standards (Act 446) advice; mediation & enforcement.,Kuala Lumpur Federal Territory,https://jtksm.mohr.gov.my/ms,+6034-141 4600,"TINGKAT 9, JABATAN TENAGA KERJA, Menara Perkeso, Jln Ampang, Taman U Thant, 55000 Kuala Lumpur, Federal Territory of Kuala Lumpur",Monday-Friday 08:00-16:30,Department of Labour (Kuala Lumpur) (Pejabat Tenaga Kerja (Kuala Lumpur)),"wage claim, overtime, rest days, complaints, hostel standards",Pejabat Tenaga Kerja (Kuala Lumpur),श्रम विभाग (कुलाल लम्पुपुर) (Peajabat सेटागा केर्जा (कुालालूम्पुर)) (Pejabat Tenaga Kerja (Kuala Lumpur)),শ্রম বিভাগ (কুয়ালালামপুর) (পেজাবত টেনাগা কেরজা (কুয়ালালামপুর)) (Pejabat Tenaga Kerja (Kuala Lumpur)),श्रम विभाग (कुआलालंपुर) (पेजबत तेनगा केर्जा (कुआलालंपुर)) (Pejabat Tenaga Kerja (Kuala Lumpur)),মজুরি/ওটি/বিশ্রাম দিনের অভিযোগের জন্য ফেডারেল টেরিটরি শ্রম অফিস; হোস্টেল স্ট্যান্ডার্ডস (আইন 446) পরামর্শ; মধ্যস্থতা এবং প্রয়োগ।,Pejabat Buruh Wilayah Persekutuan untuk Upah/OT/REST hari aduan; Standard Hostel (Akta 446) Nasihat; Pengantaraan & Penguatkuasaan.,मजदूरी/ओटी/रेस्ट डे शिकायतों के लिए संघीय क्षेत्र श्रम कार्यालय; हॉस्टल मानकों (अधिनियम 446) सलाह; मध्यस्थता और प्रवर्तन।,संघीय क्षेत्र श्रम कार्यालय ज्याला / ओट / आराम दिन गुनासोहरूको लागि; होस्टेल मानक (कार्य 44 446) सल्लाह; मध्यस्थता र कार्यान्वयन।,"tuntutan gaji, masa lapang, hari rehat, aduan, piawaian asrama","ज्याला दावी, ओभरटाइम, आराम दिन, गुनासोहरू, होस्टेल मापदण्डहरू","মজুরির দাবি, ওভারটাইম, বিশ্রামের দিন, অভিযোগ, হোস্টেলের মান","मजदूरी का दावा, ओवरटाइम, बाकी दिन, शिकायतें, छात्रावास मानकों",Perumahan & tempat perlindungan,आवास र आश्रय,আবাসন ও আশ্রয়,आवास और आश्रय
Jabatan Tenaga Kerja Peninsular Malaysia (JTKSM),Housing & Shelter,jtksm@mohr.gov.my,Headquarters in Peninsular Malaysia for wage/OT/rest day complaints; hostel standards (Act 446) advice; mediation & enforcement.,Putrajaya Federal Territory,https://jtksm.mohr.gov.my/ms,+603-8000 8000,"Aras 5, Blok D3, Kompleks D, Pusat Pentadbiran Kerajaan Persekutuan, Presint 1, 62530 Putrajaya",Monday-Thursday 08:00-13:00 and 14:00-17:00; Friday 08:00-12:30 and 14:30-17:00,Department of Labour Peninsular Malaysia (Jabatan Tenaga Kerja Peninsular Malaysia (JTKSM)),"wage claim, overtime, rest days, complaints, hostel standards",Jabatan Tenaga Kerja Peninsular Malaysia (JTKSM),श्रम प्रायद्वीणात्मक मलेशियाको विभाग (जाब्तिटन सेर्सा किर्ज पेन्सिया मलेशिया (JTCM)) (Jabatan Tenaga Kerja Peninsular Malaysia (JTKSM)),শ্রম উপদ্বীপ মালয়েশিয়া বিভাগ (জাবাতান টেনাগা কেরজা উপদ্বীপ মালয়েশিয়া (জেটিকেএসএম)) (Jabatan Tenaga Kerja Peninsular Malaysia (JTKSM)),श्रम प्रायद्वीपीय मलेशिया विभाग (Jabatan Tenaga Kerja प्रायद्वीपीय मलेशिया (JTKSM)) (Jabatan Tenaga Kerja Peninsular Malaysia (JTKSM)),মজুরি/ওটি/বিশ্রাম দিনের অভিযোগের জন্য উপদ্বীপ মালয়েশিয়ায় সদর দফতর; হোস্টেল স্ট্যান্ডার্ডস (আইন 446) পরামর্শ; মধ্যস্থতা এবং প্রয়োগ।,Ibu Pejabat di Semenanjung Malaysia untuk Upah/OT/REST ADUNTS HARI; Standard Hostel (Akta 446) Nasihat; Pengantaraan & Penguatkuasaan.,मजदूरी/ओटी/रेस्ट डे शिकायतों के लिए प्रायद्वीपीय मलेशिया में मुख्यालय; हॉस्टल मानकों (अधिनियम 446) सलाह; मध्यस्थता और प्रवर्तन।,ज्यार्षनिक मलेशियामा मलवादी मलेशियामा / ओट / आराम दिन गुनासोहरूको लागि; होस्टेल मानक (कार्य 44 446) सल्लाह; मध्यस्थता र कार्यान्वयन।,"tuntutan gaji, masa lapang, hari rehat, aduan, piawaian asrama","ज्याला दावी, ओभरटाइम, आराम दिन, गुनासोहरू, होस्टेल मापदण्डहरू","মজুরির দাবি, ওভারটাইম, বিশ্রামের দিন, অভিযোগ, হোস্টেলের মান","मजदूरी का दावा, ओवरटाइम, बाकी दिन, शिकायतें, छात्रावास मानकों",Perumahan & tempat perlindungan,आवास र आश्रय,আবাসন ও আশ্রয়,आवास और आश्रय
Tenaganita,Housing & Shelter,general@tenaganita.net,"Migrant rights casework, legal referrals and safe-shelter support for vulnerable workers, including trafficking survivors.",Selangor,https://tenaganita.net/,+603-7770 3671,"12, Jalan 6/11, Seksyen 6, 46000 Petaling Jaya, Selangor, Malaysia",Monday-Friday 09:30-18:00,Tenaganita,"NGO, housing advice, case management, hardship aid, free",Tenaganita,टेग्याटानिता (Tenaganita),টেনাগানিতা (Tenaganita),तनागनीता (Tenaganita),"অভিবাসী অধিকারের কেস ওয়ার্ক, আইনী রেফারেল এবং পাচারকারী বেঁচে যাওয়া সহ দুর্বল শ্রমিকদের জন্য নিরাপদ শেল্টার সমর্থন।","Kerja hak migran, rujukan undang-undang dan sokongan selamat untuk pekerja yang terdedah, termasuk mangsa yang diperdagangkan.","प्रवासी अधिकार कैसवर्क, कानूनी रेफरल और कमजोर श्रमिकों के लिए सुरक्षित-शेल्टर समर्थन, जिसमें तस्करी से बचे लोगों सहित।","प्रवासी अधिकार केसवर्क, कानूनी रेफरलन्स र फ्रिनिएका कामदारहरूलाई तस्करी बचेकाहरू सहित कमजोर अधिकारीहरूको लागि सुरक्षित-आश्रय समर्थन समर्थन।","NGO, Nasihat Perumahan, Pengurusan Kes, Bantuan Kesusahan, Percuma","एनजीओ, आवास सल्लाह, केस व्यवस्थापन, कठिनाई सहायता, स्वतन्त्र","এনজিও, আবাসন পরামর্শ, কেস ম্যানেজমেন্ট, কষ্ট সহায়তা, বিনামূল্যে","एनजीओ, आवास सलाह, केस प्रबंधन, कठिनाई सहायता, मुफ्त",Perumahan & tempat perlindungan,आवास र आश्रय,আবাসন ও আশ্রয়,आवास और आश्रय
Malaysian Red Crescent Society (Johor),Health & Wellbeing,johor@redcrescent.org.my,"First aid, ambulance support, disaster relief and community training (branch services vary).",Johor,https://www.facebook.com/redcrescentjb/,+607-223 8354,"66 Jalan Yahya Awal, Johor Bahru, Malaysia",Monday-Friday 08:30-17:30; Saturday 08:30-13:00,Malaysian Red Crescent Society (Johor),"first aid, ambulance, disaster relief, training",Persatuan Bulan Sabit Merah Malaysia (Johor),मलेशियन रेड क्रसार्सेन्ट सोसाइज (जोहि) (Malaysian Red Crescent Society (Johor)),মালয়েশিয়ান রেড ক্রিসেন্ট সোসাইটি (জোহর) (Malaysian Red Crescent Society (Johor)),मलेशियाई रेड क्रिसेंट सोसाइटी (जोहोर) (Malaysian Red Crescent Society (Johor)),"প্রাথমিক চিকিত্সা, অ্যাম্বুলেন্স সমর্থন, দুর্যোগ ত্রাণ এবং সম্প্রদায় প্রশিক্ষণ (শাখা পরিষেবাগুলি পরিবর্তিত হয়)।","Pertolongan cemas, sokongan ambulans, pelepasan bencana dan latihan komuniti (perkhidmatan cawangan berbeza -beza).","प्राथमिक चिकित्सा, एम्बुलेंस समर्थन, आपदा राहत और सामुदायिक प्रशिक्षण (शाखा सेवाएं अलग -अलग)।","प्राथमिक उपचार, एम्बुलेन्स समर्थन, प्रकोप राहत र सामुदायिक प्रशिक्षण (शाखा सेवा फरक)।","pertolongan cemas, ambulans, bantuan bencana, latihan","प्राथमिक उपचार, एम्बुलेन्स, प्रकोप आराम, प्रशिक्षण","প্রাথমিক চিকিত্সা, অ্যাম্বুলেন্স, দুর্যোগ ত্রাণ, প্রশিক্ষণ","प्राथमिक चिकित्सा, एम्बुलेंस, आपदा राहत, प्रशिक्षण",Kesihatan & Kesejahteraan,स्वास्थ्य र हेलोबिंग,স্বাস্থ্য ও সুস্থতা,स्वास्थ्य और भलाई
Jabatan Bantuan Guaman Ibu Pejabat (JBG) ,Legal Aid,fuad.aziz@jbg.gov.my,"Headquarters for legal aid & emerging public defence for children in criminal cases, regardless of nationality (per 2025 law updates); advice & referrals via JBG offices.",Putrajaya Federal Territory,https://www.jbg.gov.my/index.php/en/services/legal-aid-services,+603-8885 1827,"Aras 1, Bangunan Hal Ehwal Undang Undang, Presint 3, Pusat Pentadbiran Kerajaan Persekutuan, 62692, Wilayah Persekutuan Putrajaya.",Monday-Friday 08:30-16:00,Legal Aid Department Headquarters (Jabatan Bantuan Guaman Ibu Pejabat (JBG)),"legal aid, children, under 18, criminal, regardless of nationality, public defender, appointment",Jabatan Bantuan Guaman Ibu Pejabat (JBG),कानूनी सहायता विभाग मुख्यालय (जागातान बान्टुआन गुम्बान ISB पीवेबाट (JBG)) (Jabatan Bantuan Guaman Ibu Pejabat (JBG)),আইনী সহায়তা বিভাগের সদর দফতর (জাবাতান বান্টুয়ান গুয়ামান ইবু পেজাবাত (জেবিজি)) (Jabatan Bantuan Guaman Ibu Pejabat (JBG)),कानूनी सहायता विभाग मुख्यालय (Jabatan Bantuan Guaman Ibu Pejabat (JBG)) (Jabatan Bantuan Guaman Ibu Pejabat (JBG)),জাতীয়তা নির্বিশেষে আইনী সহায়তা এবং ফৌজদারি মামলায় শিশুদের জন্য উদীয়মান পাবলিক ডিফেন্সের সদর দফতর (প্রতি 2025 আইন আপডেট); জেবিজি অফিসগুলির মাধ্যমে পরামর্শ এবং রেফারেল।,"Ibu Pejabat Bantuan Undang -Undang & Pertahanan Awam Muncul untuk Kanak -kanak dalam Kes Jenayah, tanpa mengira kewarganegaraan (setiap 2025 kemas kini undang -undang); Nasihat & Rujukan melalui Pejabat JBG.","कानूनी सहायता और आपराधिक मामलों में बच्चों के लिए उभरते सार्वजनिक रक्षा के लिए मुख्यालय, राष्ट्रीयता की परवाह किए बिना (2025 कानून अपडेट के अनुसार); JBG कार्यालयों के माध्यम से सलाह और रेफरल।","कानूनी सहायताको लागि मुख्यालयको लागि मुख्यालयको लागि, देशगतताको पर्वाह नगरीकनै, राष्ट्रियताका लागि (प्रति 20225 कानून अपडेट)। jbg कार्यालयहरू मार्फत सल्लाह र सन्दर्भहरू।","Bantuan undang -undang, kanak -kanak, di bawah 18 tahun, jenayah, tanpa mengira kewarganegaraan, pertahanan awam, pelantikan","कानूनी सहायता, बच्चाहरू, सन्तानहरू, 1 18 बर्ष भन्दा कम, राष्ट्रियता, सार्वजनिक डिफेन्डर, नियुक्ति","আইনী সহায়তা, 18 বছরের কম বয়সী শিশুরা, জাতীয়তা নির্বিশেষে অপরাধী, পাবলিক ডিফেন্ডার, অ্যাপয়েন্টমেন্ট","कानूनी सहायता, बच्चे, 18 वर्ष से कम, अपराधी, राष्ट्रीयता, सार्वजनिक रक्षक, नियुक्ति की परवाह किए बिना",Bantuan undang -undang,कानुनी सहायता,আইনী সহায়তা,वैध सहायता
Yayasan Bantuan Guaman Kebangsaan (YBGK),Legal Aid,ybgk.kl@gmail.com,Free criminal legal aid for Malaysian citizens and non-citizens under 18; referrals to duty lawyers at police/court.,Kuala Lumpur Federal Territory,https://www.ybgk.org.my/,+603-2692 1122,"Unit 3.03, Tingkat 3, Wisma Badan Peguam Malaysia 2, Leboh Pasar Besar,50000 Kuala Lumpur",Monday-Friday 08:30-17:30,National Legal Aid Foundation (Yayasan Bantuan Guaman Kebangsaan (YBGK)),"legal aid, children, under 18, criminal, free, referrals",Yayasan Bantuan Guaman Kebangsaan (YBGK),राष्ट्रिय वैधानिक सहायता फाउन्डेशन (याय्वान बान्टुआन गुम्बानन (YBGK)) (Yayasan Bantuan Guaman Kebangsaan (YBGK)),জাতীয় আইনী এইড ফাউন্ডেশন (ইয়াসান বান্টুয়ান গুয়ামান কেবাংসান (ওয়াইবিজিকে)) (Yayasan Bantuan Guaman Kebangsaan (YBGK)),नेशनल लीगल एड फाउंडेशन (यायासन बंटुआन गुआमन केबांगसन (YBGK)) (Yayasan Bantuan Guaman Kebangsaan (YBGK)),মালয়েশিয়ার নাগরিক এবং 18 বছরের কম বয়সী নাগরিকদের জন্য বিনামূল্যে ফৌজদারি আইনী সহায়তা; পুলিশ/আদালতে ডিউটি ​​আইনজীবীদের কাছে রেফারেলস।,Bantuan undang-undang jenayah percuma untuk warga Malaysia dan bukan warganegara di bawah 18 tahun; Rujukan kepada peguam tugas di polis/mahkamah.,मलेशियाई नागरिकों और 18 से कम गैर-नागरिकों के लिए नि: शुल्क आपराधिक कानूनी सहायता; पुलिस/अदालत में ड्यूटी वकीलों के लिए रेफरल।,मलेशियन नागरिक र गैर-नागरिकहरूको लागि नि: शुल्क फौज्य वैधानिक सहायता; पुलिस / अदालतमा कर्तव्यहरू कर्तव्यहरू।,"Bantuan undang -undang, kanak -kanak, di bawah 18 tahun, jenayah, percuma, rujukan","कानूनी सहायता, बच्चाहरू, 1 18 बर्ष भन्दा कम, आपराधिक, नि: शुल्क, रेफरलहरू","আইনী সহায়তা, 18 বছরের কম বয়সী শিশুরা, অপরাধী, বিনামূল্যে, রেফারেল","कानूनी सहायता, बच्चे, 18 वर्ष से कम, आपराधिक, मुक्त, रेफरल",Bantuan undang -undang,कानुनी सहायता,আইনী সহায়তা,वैध सहायता
Jabatan Bantuan Guaman Wilayah Persekutuan Kuala Lumpur,Legal Aid,sazlinidayu@jbggov.my,"Legal aid & emerging public defence for children in criminal cases, regardless of nationality (per 2025 law updates); advice & referrals via JBG offices.",Kuala Lumpur Federal Territory,https://www.jbg.gov.my/index.php/en/services/legal-aid-services,+603-2694 2700,"Tingkat 28, Menara TH Perdana,,1001 Jalan Sultan Ismail, 50250 Kuala Lumpur.",Monday-Thursday 09:00-12:30 and 14:00-15:30; Friday 09:00-12:00 and 14:45-15:30,Legal Aid Department Wilayah Persekutuan Kuala Lumpur (Jabatan Bantuan Guaman Wilayah Persekutuan Kuala Lumpur),"legal aid, children, under 18, criminal, regardless of nationality, public defender, appointment",Jabatan Bantuan Guaman Wilayah Persekutuan Kuala Lumpur,कानूनी सहायता विभाग विलाियोन चुहावट कुलापुर (जाबेटान बान्तीन गुन्सुन कुनेखुण कुनेखुक कुमाल कुमाउर) (Jabatan Bantuan Guaman Wilayah Persekutuan Kuala Lumpur),আইনী সহায়তা বিভাগ (Jabatan Bantuan Guaman Wilayah Persekutuan Kuala Lumpur),कानूनी सहायता विभाग विलायह पर्सेकुटुआन कुआलालंपुर (जबटन बंटुआन गुआमन विलयाहहसुत्तुआन कुआलालंपुर) (Jabatan Bantuan Guaman Wilayah Persekutuan Kuala Lumpur),জাতীয়তা নির্বিশেষে ফৌজদারি মামলায় শিশুদের জন্য আইনী সহায়তা এবং উদীয়মান পাবলিক প্রতিরক্ষা (প্রতি 2025 আইন আপডেট); জেবিজি অফিসগুলির মাধ্যমে পরামর্শ এবং রেফারেল।,"Bantuan undang -undang & pertahanan awam yang baru muncul untuk kanak -kanak dalam kes jenayah, tanpa mengira kewarganegaraan (setiap 2025 kemas kini undang -undang); Nasihat & Rujukan melalui Pejabat JBG.","आपराधिक मामलों में बच्चों के लिए कानूनी सहायता और उभरती हुई सार्वजनिक रक्षा, राष्ट्रीयता की परवाह किए बिना (प्रति 2025 कानून अपडेट); JBG कार्यालयों के माध्यम से सलाह और रेफरल।","कानूनी सहायता र आपराधिक मामिलाहरूमा बच्चाहरूको लागि जनरलनको लागि जनरल सुरक्षाको लागि, राष्ट्रियता बिना (प्रति 20225 कानून अद्यावधिकहरू); jbg कार्यालयहरू मार्फत सल्लाह र सन्दर्भहरू।","Bantuan undang -undang, kanak -kanak, di bawah 18 tahun, jenayah, tanpa mengira kewarganegaraan, pertahanan awam, pelantikan","कानूनी सहायता, बच्चाहरू, सन्तानहरू, 1 18 बर्ष भन्दा कम, राष्ट्रियता, सार्वजनिक डिफेन्डर, नियुक्ति","আইনী সহায়তা, 18 বছরের কম বয়সী শিশুরা, জাতীয়তা নির্বিশেষে অপরাধী, পাবলিক ডিফেন্ডার, অ্যাপয়েন্টমেন্ট","कानूनी सहायता, बच्चे, 18 वर्ष से कम, अपराधी, राष्ट्रीयता, सार्वजनिक रक्षक, नियुक्ति की परवाह किए बिना",Bantuan undang -undang,कानुनी सहायता,আইনী সহায়তা,वैध सहायता
Jabatan Bantuan Guaman Selangor,Legal Aid,anisah.nor@jbg.gov.my,"Legal aid & emerging public defence for children in criminal cases, regardless of nationality (per 2025 law updates); advice & referrals via JBG offices.",Selangor,https://www.jbg.gov.my/index.php/en/services/legal-aid-services,+603-5545 3398,"Lot F-50, Tingkat 1, Pusat Komersial Ideal Convention Centre (IDCC), Jalan Pahat L 15/L, Seksyen 15, 40200 Shah Alam, Selangor",Monday-Thursday 08:00-13:00 and 14:00-17:00; Friday 08:00-12:15 and 14:45-17:00,Legal Aid Department Selangor (Jabatan Bantuan Guaman Selangor),"legal aid, children, under 18, criminal, regardless of nationality, public defender, appointment",Jabatan Bantuan Guaman Selangor,कानूनी सहायता विभाग संभागले (जाबुटन बान्टुआन गुमान स्मार्ग) (Jabatan Bantuan Guaman Selangor),আইনী সহায়তা বিভাগ সেলেঙ্গর (জাবাতান বান্টুয়ান গুয়ামান সেলেঙ্গর) (Jabatan Bantuan Guaman Selangor),लीगल एड डिपार्टमेंट सेलांगोर (जबटन बंटुआन गुआमन सेलांगोर) (Jabatan Bantuan Guaman Selangor),জাতীয়তা নির্বিশেষে ফৌজদারি মামলায় শিশুদের জন্য আইনী সহায়তা এবং উদীয়মান পাবলিক প্রতিরক্ষা (প্রতি 2025 আইন আপডেট); জেবিজি অফিসগুলির মাধ্যমে পরামর্শ এবং রেফারেল।,"Bantuan undang -undang & pertahanan awam yang baru muncul untuk kanak -kanak dalam kes jenayah, tanpa mengira kewarganegaraan (setiap 2025 kemas kini undang -undang); Nasihat & Rujukan melalui Pejabat JBG.","आपराधिक मामलों में बच्चों के लिए कानूनी सहायता और उभरती हुई सार्वजनिक रक्षा, राष्ट्रीयता की परवाह किए बिना (प्रति 2025 कानून अपडेट); JBG कार्यालयों के माध्यम से सलाह और रेफरल।","कानूनी सहायता र आपराधिक मामिलाहरूमा बच्चाहरूको लागि जनरलनको लागि जनरल सुरक्षाको लागि, राष्ट्रियता बिना (प्रति 20225 कानून अद्यावधिकहरू); jbg कार्यालयहरू मार्फत सल्लाह र सन्दर्भहरू।","Bantuan undang -undang, kanak -kanak, di bawah 18 tahun, jenayah, tanpa mengira kewarganegaraan, pertahanan awam, pelantikan","कानूनी सहायता, बच्चाहरू, सन्तानहरू, 1 18 बर्ष भन्दा कम, राष्ट्रियता, सार्वजनिक डिफेन्डर, नियुक्ति","আইনী সহায়তা, 18 বছরের কম বয়সী শিশুরা, জাতীয়তা নির্বিশেষে অপরাধী, পাবলিক ডিফেন্ডার, অ্যাপয়েন্টমেন্ট","कानूनी सहायता, बच्चे, 18 वर्ष से कम, अपराधी, राष्ट्रीयता, सार्वजनिक रक्षक, नियुक्ति की परवाह किए बिना",Bantuan undang -undang,कानुनी सहायता,আইনী সহায়তা,वैध सहायता
Jabatan Bantuan Guaman Negeri Sembilan,Legal Aid,hanis.jamilludin@jbg.gov.my,"Legal aid & emerging public defence for children in criminal cases, regardless of nationality (per 2025 law updates); advice & referrals via JBG offices.",Negeri Sembilan,https://www.jbg.gov.my/index.php/en/services/legal-aid-services,+606-763 0457,"Tingkat 7, Wisma Persekutuan, Jalan Dato' Abdul Kadir, 70000 SEREMBAN, NEGERI SEMBILAN",Monday-Friday 09:00-17:00,Legal Aid Department Negeri Sembilan (Jabatan Bantuan Guaman Negeri Sembilan),"legal aid, children, under 18, criminal, regardless of nationality, public defender, appointment",Jabatan Bantuan Guaman Negeri Sembilan,कानूनी सहायता विभाग नागोरी सेम्बाइन (जागातान बन्टुआन गुआम नाउँने नामानी सेम्बालि)) (Jabatan Bantuan Guaman Negeri Sembilan),আইনী সহায়তা বিভাগ নেগেরি সেম্বিলান (জাবাতান বান্টুয়ান গুয়ামান নেগেরি সেম্বিলান) (Jabatan Bantuan Guaman Negeri Sembilan),लीगल एड डिपार्टमेंट नेगेरी सेम्बिलन (जाबातन बंटुआन गुआमन नेगेरी सेम्बिलन) (Jabatan Bantuan Guaman Negeri Sembilan),জাতীয়তা নির্বিশেষে ফৌজদারি মামলায় শিশুদের জন্য আইনী সহায়তা এবং উদীয়মান পাবলিক প্রতিরক্ষা (প্রতি 2025 আইন আপডেট); জেবিজি অফিসগুলির মাধ্যমে পরামর্শ এবং রেফারেল।,"Bantuan Undang -Undang & Pertahanan Awam Muncul untuk Kanak -kanak dalam Kes Jenayah, tanpa mengira kewarganegaraan (setiap 2025 kemas kini undang -undang); Nasihat & Rujukan melalui Pejabat JBG.","आपराधिक मामलों में बच्चों के लिए कानूनी सहायता और उभरती हुई सार्वजनिक रक्षा, राष्ट्रीयता की परवाह किए बिना (प्रति 2025 कानून अपडेट); JBG कार्यालयों के माध्यम से सलाह और रेफरल।","कानूनी सहायता र आपराधिक मामिलाहरूमा बच्चाहरूको लागि जनरलनको लागि जनरल सुरक्षाको लागि, राष्ट्रियता बिना (प्रति 20225 कानून अद्यावधिकहरू); jbg कार्यालयहरू मार्फत सल्लाह र सन्दर्भहरू।","Bantuan undang -undang, kanak -kanak, di bawah 18 tahun, jenayah, tanpa mengira kewarganegaraan, pertahanan awam, pelantikan","कानूनी सहायता, बच्चाहरू, सन्तानहरू, 1 18 बर्ष भन्दा कम, राष्ट्रियता, सार्वजनिक डिफेन्डर, नियुक्ति","আইনী সহায়তা, 18 বছরের কম বয়সী শিশুরা, জাতীয়তা নির্বিশেষে অপরাধী, পাবলিক ডিফেন্ডার, অ্যাপয়েন্টমেন্ট","कानूनी सहायता, बच्चे, 18 वर्ष से कम, अपराधी, राष्ट्रीयता, सार्वजनिक रक्षक, नियुक्ति की परवाह किए बिना",Bantuan undang -undang,कानुनी सहायता,আইনী সহায়তা,वैध सहायता
Jabatan Bantuan Guaman Melaka,Legal Aid,qaiyyum@jbg.gov.my,"Legal aid & emerging public defence for children in criminal cases, regardless of nationality (per 2025 law updates); advice & referrals via JBG offices.",Malacca,https://www.jbg.gov.my/index.php/en/services/legal-aid-services,+606-234 5277,"Tingkat 6, Menara Persekutuan, Jalan Persekutuan, MITC, Hang Tuah Jaya, 75450 Ayer Keroh, MELAKA",Monday-Thursday 08:30-13:00 and 14:00-16:30; Friday 08:00-12:15 and 14:45-16:30,Legal Aid Department Malacca (Jabatan Bantuan Guaman Melaka),"legal aid, children, under 18, criminal, regardless of nationality, public defender, appointment",Jabatan Bantuan Guaman Melaka,कानूनी सहायता विभाग मलाका (जागातान बन्टुआन गुडान मेलाका) (Jabatan Bantuan Guaman Melaka),আইনী সহায়তা বিভাগ মালাক্কা (জাবাতান বান্টুয়ান গুয়ামান মেলাকা) (Jabatan Bantuan Guaman Melaka),लीगल एड डिपार्टमेंट मलक्का (जबटन बंटुआन गुआमन मेलाका) (Jabatan Bantuan Guaman Melaka),জাতীয়তা নির্বিশেষে ফৌজদারি মামলায় শিশুদের জন্য আইনী সহায়তা এবং উদীয়মান পাবলিক প্রতিরক্ষা (প্রতি 2025 আইন আপডেট); জেবিজি অফিসগুলির মাধ্যমে পরামর্শ এবং রেফারেল।,"Bantuan undang -undang & pertahanan awam yang baru muncul untuk kanak -kanak dalam kes jenayah, tanpa mengira kewarganegaraan (setiap 2025 kemas kini undang -undang); Nasihat & Rujukan melalui Pejabat JBG.","आपराधिक मामलों में बच्चों के लिए कानूनी सहायता और उभरती हुई सार्वजनिक रक्षा, राष्ट्रीयता की परवाह किए बिना (प्रति 2025 कानून अपडेट); JBG कार्यालयों के माध्यम से सलाह और रेफरल।","कानूनी सहायता र आपराधिक मामिलाहरूमा बच्चाहरूको लागि जनरलनको लागि जनरल सुरक्षाको लागि, राष्ट्रियता बिना (प्रति 20225 कानून अद्यावधिकहरू); jbg कार्यालयहरू मार्फत सल्लाह र सन्दर्भहरू।","Bantuan undang -undang, kanak -kanak, di bawah 18 tahun, jenayah, tanpa mengira kewarganegaraan, pertahanan awam, pelantikan","कानूनी सहायता, बच्चाहरू, सन्तानहरू, 1 18 बर्ष भन्दा कम, राष्ट्रियता, सार्वजनिक डिफेन्डर, नियुक्ति","আইনী সহায়তা, 18 বছরের কম বয়সী শিশুরা, জাতীয়তা নির্বিশেষে অপরাধী, পাবলিক ডিফেন্ডার, অ্যাপয়েন্টমেন্ট","कानूनी सहायता, बच्चे, 18 वर्ष से कम, अपराधी, राष्ट्रीयता, सार्वजनिक रक्षक, नियुक्ति की परवाह किए बिना",Bantuan undang -undang,कानुनी सहायता,আইনী সহায়তা,वैध सहायता
Jabatan Bantuan Guaman Johor,Legal Aid,aidatulazura@jbg.gov.my,"Legal aid & emerging public defence for children in criminal cases, regardless of nationality (per 2025 law updates); advice & referrals via JBG offices.",Johor,https://www.jbg.gov.my/index.php/en/services/legal-aid-services,+607-223 4960,"Lot L4-01, Tingkat 4, Menara Landmark, No.12, Jalan Ngee Heng, 80000 Johor Baharu, JOHOR",Sunday-Wednesday 08:00-16:00; Thursday 08:00-15:30,Legal Aid Department Johor (Jabatan Bantuan Guaman Johor),"legal aid, children, under 18, criminal, regardless of nationality, public defender, appointment",Jabatan Bantuan Guaman Johor,कानूनी सहायता विभाग जोहो (जागातान बन्टुआन गुआन जोहो) (Jabatan Bantuan Guaman Johor),আইনী সহায়তা বিভাগ জোহর (জাবাতান বান্টুয়ান গুয়ামান জোহর) (Jabatan Bantuan Guaman Johor),कानूनी सहायता विभाग जोहोर (जबटन बंटुआन गुआमन जोहोर) (Jabatan Bantuan Guaman Johor),জাতীয়তা নির্বিশেষে ফৌজদারি মামলায় শিশুদের জন্য আইনী সহায়তা এবং উদীয়মান পাবলিক প্রতিরক্ষা (প্রতি 2025 আইন আপডেট); জেবিজি অফিসগুলির মাধ্যমে পরামর্শ এবং রেফারেল।,"Bantuan undang -undang & pertahanan awam yang baru muncul untuk kanak -kanak dalam kes jenayah, tanpa mengira kewarganegaraan (setiap 2025 kemas kini undang -undang); Nasihat & Rujukan melalui Pejabat JBG.","आपराधिक मामलों में बच्चों के लिए कानूनी सहायता और उभरती हुई सार्वजनिक रक्षा, राष्ट्रीयता की परवाह किए बिना (प्रति 2025 कानून अपडेट); JBG कार्यालयों के माध्यम से सलाह और रेफरल।","कानूनी सहायता र आपराधिक मामिलाहरूमा बच्चाहरूको लागि जनरलनको लागि जनरल सुरक्षाको लागि, राष्ट्रियता बिना (प्रति 20225 कानून अद्यावधिकहरू); jbg कार्यालयहरू मार्फत सल्लाह र सन्दर्भहरू।","Bantuan undang -undang, kanak -kanak, di bawah 18 tahun, jenayah, tanpa mengira kewarganegaraan, pertahanan awam, pelantikan","कानूनी सहायता, बच्चाहरू, सन्तानहरू, 1 18 बर्ष भन्दा कम, राष्ट्रियता, सार्वजनिक डिफेन्डर, नियुक्ति","আইনী সহায়তা, 18 বছরের কম বয়সী শিশুরা, জাতীয়তা নির্বিশেষে অপরাধী, পাবলিক ডিফেন্ডার, অ্যাপয়েন্টমেন্ট","कानूनी सहायता, बच्चे, 18 वर्ष से कम, अपराधी, राष्ट्रीयता, सार्वजनिक रक्षक, नियुक्ति की परवाह किए बिना",Bantuan undang -undang,कानुनी सहायता,আইনী সহায়তা,वैध सहायता
Jabatan Bantuan Guaman Muar,Legal Aid,khir.nizam@jbg.gov.my,"Legal aid & emerging public defence for children in criminal cases, regardless of nationality (per 2025 law updates); advice & referrals via JBG offices.",Johor,https://www.jbg.gov.my/index.php/en/services/legal-aid-services,+606-952 2410,"Lot 2, Tingkat Mezzanine, Bangunan Muar Trade Centre, No. 16, Jalan Petrie, 84000 Muar, JOHOR",Sunday-Wednesday 08:00-17:00; Thursday 08:00-15:00,Legal Aid Department Muar (Jabatan Bantuan Guaman Muar),"legal aid, children, under 18, criminal, regardless of nationality, public defender, appointment",Jabatan Bantuan Guaman Muar,कानूनी सहायता विभाग Mur (जागातान बन्टुआन गुआन मुआहर) (Jabatan Bantuan Guaman Muar),আইনী সহায়তা বিভাগ মুয়ার (জাবাতান বান্টুয়ান গুয়ামান মুয়ার) (Jabatan Bantuan Guaman Muar),कानूनी सहायता विभाग मुर (जबटन बंटुआन गुआमन मुर) (Jabatan Bantuan Guaman Muar),জাতীয়তা নির্বিশেষে ফৌজদারি মামলায় শিশুদের জন্য আইনী সহায়তা এবং উদীয়মান পাবলিক প্রতিরক্ষা (প্রতি 2025 আইন আপডেট); জেবিজি অফিসগুলির মাধ্যমে পরামর্শ এবং রেফারেল।,"Bantuan Undang -Undang & Pertahanan Awam Muncul untuk Kanak -kanak dalam Kes Jenayah, tanpa mengira kewarganegaraan (setiap 2025 kemas kini undang -undang); Nasihat & Rujukan melalui Pejabat JBG.","आपराधिक मामलों में बच्चों के लिए कानूनी सहायता और उभरती हुई सार्वजनिक रक्षा, राष्ट्रीयता की परवाह किए बिना (प्रति 2025 कानून अपडेट); JBG कार्यालयों के माध्यम से सलाह और रेफरल।","कानूनी सहायता र आपराधिक मामिलाहरूमा बच्चाहरूको लागि जनरलनको लागि जनरल सुरक्षाको लागि, राष्ट्रियता बिना (प्रति 20225 कानून अद्यावधिकहरू); jbg कार्यालयहरू मार्फत सल्लाह र सन्दर्भहरू।","Bantuan undang -undang, kanak -kanak, di bawah 18 tahun, jenayah, tanpa mengira kewarganegaraan, pertahanan awam, pelantikan","कानूनी सहायता, बच्चाहरू, सन्तानहरू, 1 18 बर्ष भन्दा कम, राष्ट्रियता, सार्वजनिक डिफेन्डर, नियुक्ति","আইনী সহায়তা, 18 বছরের কম বয়সী শিশুরা, জাতীয়তা নির্বিশেষে অপরাধী, পাবলিক ডিফেন্ডার, অ্যাপয়েন্টমেন্ট","कानूनी सहायता, बच्चे, 18 वर्ष से कम, अपराधी, राष्ट्रीयता, सार्वजनिक रक्षक, नियुक्ति की परवाह किए बिना",Bantuan undang -undang,कानुनी सहायता,আইনী সহায়তা,वैध सहायता
Jabatan Bantuan Guaman Pahang,Legal Aid,zulfazliah.mahmudjbg.gov.my,"Legal aid & emerging public defence for children in criminal cases, regardless of nationality (per 2025 law updates); advice & referrals via JBG offices.",Pahang,https://www.jbg.gov.my/index.php/en/services/legal-aid-services,+609-516 1135,"Tingkat 8, Wisma Persekutuan, Jalan Gambut, PAHANG",Sunday-Wednesday 09:00-17:30; Thursday 09:00-11:30,Legal Aid Department Pahang (Jabatan Bantuan Guaman Pahang),"legal aid, children, under 18, criminal, regardless of nationality, public defender, appointment",Jabatan Bantuan Guaman Pahang,कानूनी सहायता विभाग Phahant (जाबेटन बन्टुआन गुआनौन pahag) (Jabatan Bantuan Guaman Pahang),আইনী সহায়তা বিভাগ পাহাং (জাবাতান বান্টুয়ান গুয়ামান পাহাং) (Jabatan Bantuan Guaman Pahang),लीगल एड डिपार्टमेंट पाहंग (जबटन बंटुआन गुआमन पाहंग) (Jabatan Bantuan Guaman Pahang),জাতীয়তা নির্বিশেষে ফৌজদারি মামলায় শিশুদের জন্য আইনী সহায়তা এবং উদীয়মান পাবলিক প্রতিরক্ষা (প্রতি 2025 আইন আপডেট); জেবিজি অফিসগুলির মাধ্যমে পরামর্শ এবং রেফারেল।,"Bantuan undang -undang & pertahanan awam yang baru muncul untuk kanak -kanak dalam kes jenayah, tanpa mengira kewarganegaraan (setiap 2025 kemas kini undang -undang); Nasihat & Rujukan melalui Pejabat JBG.","आपराधिक मामलों में बच्चों के लिए कानूनी सहायता और उभरती हुई सार्वजनिक रक्षा, राष्ट्रीयता की परवाह किए बिना (प्रति 2025 कानून अपडेट); JBG कार्यालयों के माध्यम से सलाह और रेफरल।","कानूनी सहायता र आपराधिक मामिलाहरूमा बच्चाहरूको लागि जनरलनको लागि जनरल सुरक्षाको लागि, राष्ट्रियता बिना (प्रति 20225 कानून अद्यावधिकहरू); jbg कार्यालयहरू मार्फत सल्लाह र सन्दर्भहरू।","Bantuan undang -undang, kanak -kanak, di bawah 18 tahun, jenayah, tanpa mengira kewarganegaraan, pertahanan awam, pelantikan","कानूनी सहायता, बच्चाहरू, सन्तानहरू, 1 18 बर्ष भन्दा कम, राष्ट्रियता, सार्वजनिक डिफेन्डर, नियुक्ति","আইনী সহায়তা, 18 বছরের কম বয়সী শিশুরা, জাতীয়তা নির্বিশেষে অপরাধী, পাবলিক ডিফেন্ডার, অ্যাপয়েন্টমেন্ট","कानूनी सहायता, बच्चे, 18 वर्ष से कम, अपराधी, राष्ट्रीयता, सार्वजनिक रक्षक, नियुक्ति की परवाह किए बिना",Bantuan undang -undang,कानुनी सहायता,আইনী সহায়তা,वैध सहायता
Jabatan Bantuan Guaman Raub,Legal Aid,azhwa@jbg.gov.my,"Legal aid & emerging public defence for children in criminal cases, regardless of nationality (per 2025 law updates); advice & referrals via JBG offices.",Pahang,https://www.jbg.gov.my/index.php/en/services/legal-aid-services,+609-355 3677,"Tingkat 2, Bangunan Gunasama Persekutuan, Jalan Tengku Abdul Samad, 27600 RAUB, PAHANG",Monday-Friday 08:00-17:00,Legal Aid Department Raub (Jabatan Bantuan Guaman Raub),"legal aid, children, under 18, criminal, regardless of nationality, public defender, appointment",Jabatan Bantuan Guaman Raub,कानूनी सहायता विभाग रब (जागातान बन्टुआन गुम्बान राति) (Jabatan Bantuan Guaman Raub),আইনী সহায়তা বিভাগ রাউব (জাবাতান বান্টুয়ান গুয়ামান রাউব) (Jabatan Bantuan Guaman Raub),लीगल एड डिपार्टमेंट राउब (जबटन बंटुआन गुआमन राउब) (Jabatan Bantuan Guaman Raub),জাতীয়তা নির্বিশেষে ফৌজদারি মামলায় শিশুদের জন্য আইনী সহায়তা এবং উদীয়মান পাবলিক প্রতিরক্ষা (প্রতি 2025 আইন আপডেট); জেবিজি অফিসগুলির মাধ্যমে পরামর্শ এবং রেফারেল।,"Bantuan undang -undang & pertahanan awam yang baru muncul untuk kanak -kanak dalam kes jenayah, tanpa mengira kewarganegaraan (setiap 2025 kemas kini undang -undang); Nasihat & Rujukan melalui Pejabat JBG.","आपराधिक मामलों में बच्चों के लिए कानूनी सहायता और उभरती हुई सार्वजनिक रक्षा, राष्ट्रीयता की परवाह किए बिना (प्रति 2025 कानून अपडेट); JBG कार्यालयों के माध्यम से सलाह और रेफरल।","कानूनी सहायता र आपराधिक मामिलाहरूमा बच्चाहरूको लागि जनरलनको लागि जनरल सुरक्षाको लागि, राष्ट्रियता बिना (प्रति 20225 कानून अद्यावधिकहरू); jbg कार्यालयहरू मार्फत सल्लाह र सन्दर्भहरू।","Bantuan undang -undang, kanak -kanak, di bawah 18 tahun, jenayah, tanpa mengira kewarganegaraan, pertahanan awam, pelantikan","कानूनी सहायता, बच्चाहरू, सन्तानहरू, 1 18 बर्ष भन्दा कम, राष्ट्रियता, सार्वजनिक डिफेन्डर, नियुक्ति","আইনী সহায়তা, 18 বছরের কম বয়সী শিশুরা, জাতীয়তা নির্বিশেষে অপরাধী, পাবলিক ডিফেন্ডার, অ্যাপয়েন্টমেন্ট","कानूनी सहायता, बच्चे, 18 वर्ष से कम, अपराधी, राष्ट्रीयता, सार्वजनिक रक्षक, नियुक्ति की परवाह किए बिना",Bantuan undang -undang,कानुनी सहायता,আইনী সহায়তা,वैध सहायता
Jabatan Bantuan Guaman Terengganu,Legal Aid,ainfadilla@jbg.gov.my,"Legal aid & emerging public defence for children in criminal cases, regardless of nationality (per 2025 law updates); advice & referrals via JBG offices.",Terengganu,https://www.jbg.gov.my/index.php/en/services/legal-aid-services,+609-620 3240,"Aras 1, Wisma PERKESO, Lot 2467, Jalan Air Jernih,, 20538 KUALA TERENGGANU, TERENGGANU","No information available, contact for more detail",Legal Aid Department Terengganu (Jabatan Bantuan Guaman Terengganu),"legal aid, children, under 18, criminal, regardless of nationality, public defender, appointment",Jabatan Bantuan Guaman Terengganu,कानूनी सहायता विभाग टेरेन्जुग्रागरू (जागातान बन्टुआन गुआनौनग्रागुगुगुगुगुगुगगु (Jabatan Bantuan Guaman Terengganu),আইনী সহায়তা বিভাগ তেরেংগানু (জাবাতান বান্টুয়ান গুয়ামান টেরেংগানু) (Jabatan Bantuan Guaman Terengganu),कानूनी सहायता विभाग Terengganu (Jabatan Bantuan Guaman Terengganu) (Jabatan Bantuan Guaman Terengganu),জাতীয়তা নির্বিশেষে ফৌজদারি মামলায় শিশুদের জন্য আইনী সহায়তা এবং উদীয়মান পাবলিক প্রতিরক্ষা (প্রতি 2025 আইন আপডেট); জেবিজি অফিসগুলির মাধ্যমে পরামর্শ এবং রেফারেল।,"Bantuan undang -undang & pertahanan awam yang baru muncul untuk kanak -kanak dalam kes jenayah, tanpa mengira kewarganegaraan (setiap 2025 kemas kini undang -undang); Nasihat & Rujukan melalui Pejabat JBG.","आपराधिक मामलों में बच्चों के लिए कानूनी सहायता और उभरती हुई सार्वजनिक रक्षा, राष्ट्रीयता की परवाह किए बिना (प्रति 2025 कानून अपडेट); JBG कार्यालयों के माध्यम से सलाह और रेफरल।","कानूनी सहायता र आपराधिक मामिलाहरूमा बच्चाहरूको लागि जनरलनको लागि जनरल सुरक्षाको लागि, राष्ट्रियता बिना (प्रति 20225 कानून अद्यावधिकहरू); jbg कार्यालयहरू मार्फत सल्लाह र सन्दर्भहरू।","Bantuan undang -undang, kanak -kanak, di bawah 18 tahun, jenayah, tanpa mengira kewarganegaraan, pertahanan awam, pelantikan","कानूनी सहायता, बच्चाहरू, सन्तानहरू, 1 18 बर्ष भन्दा कम, राष्ट्रियता, सार्वजनिक डिफेन्डर, नियुक्ति","আইনী সহায়তা, 18 বছরের কম বয়সী শিশুরা, জাতীয়তা নির্বিশেষে অপরাধী, পাবলিক ডিফেন্ডার, অ্যাপয়েন্টমেন্ট","कानूनी सहायता, बच्चे, 18 वर्ष से कम, अपराधी, राष्ट्रीयता, सार्वजनिक रक्षक, नियुक्ति की परवाह किए बिना",Bantuan undang -undang,कानुनी सहायता,আইনী সহায়তা,वैध सहायता
Jabatan Bantuan Guaman Kelantan,Legal Aid,norhamizah@jbg.gov.my,"Legal aid & emerging public defence for children in criminal cases, regardless of nationality (per 2025 law updates); advice & referrals via JBG offices.",Kelantan,https://www.jbg.gov.my/index.php/en/services/legal-aid-services,+609-748 2548,"Lot PT84 & PT85, Wisma Mustapha, Seksyen 15, Jalan Sultanah Zainab, 15050 KOTA BHARU, KELANTAN","No information available, contact for more detail",Legal Aid Department Kelantan (Jabatan Bantuan Guaman Kelantan),"legal aid, children, under 18, criminal, regardless of nationality, public defender, appointment",Jabatan Bantuan Guaman Kelantan,कानूनी सहायता विभाग केलान्न्टन (जागातान बान्टुआन गुम्बान केलानन) (Jabatan Bantuan Guaman Kelantan),আইনী সহায়তা বিভাগ কেলান্টান (জাবাতান বান্টুয়ান গুয়ামান কেলান্টান) (Jabatan Bantuan Guaman Kelantan),कानूनी सहायता विभाग केलंटन (जबटन बंटुआन गुआमन केलंतन) (Jabatan Bantuan Guaman Kelantan),জাতীয়তা নির্বিশেষে ফৌজদারি মামলায় শিশুদের জন্য আইনী সহায়তা এবং উদীয়মান পাবলিক প্রতিরক্ষা (প্রতি 2025 আইন আপডেট); জেবিজি অফিসগুলির মাধ্যমে পরামর্শ এবং রেফারেল।,"Bantuan Undang -Undang & Pertahanan Awam Muncul untuk Kanak -kanak dalam Kes Jenayah, tanpa mengira kewarganegaraan (setiap 2025 kemas kini undang -undang); Nasihat & Rujukan melalui Pejabat JBG.","आपराधिक मामलों में बच्चों के लिए कानूनी सहायता और उभरती हुई सार्वजनिक रक्षा, राष्ट्रीयता की परवाह किए बिना (प्रति 2025 कानून अपडेट); JBG कार्यालयों के माध्यम से सलाह और रेफरल।","कानूनी सहायता र आपराधिक मामिलाहरूमा बच्चाहरूको लागि जनरलनको लागि जनरल सुरक्षाको लागि, राष्ट्रियता बिना (प्रति 20225 कानून अद्यावधिकहरू); jbg कार्यालयहरू मार्फत सल्लाह र सन्दर्भहरू।","Bantuan undang -undang, kanak -kanak, di bawah 18 tahun, jenayah, tanpa mengira kewarganegaraan, pertahanan awam, pelantikan","कानूनी सहायता, बच्चाहरू, सन्तानहरू, 1 18 बर्ष भन्दा कम, राष्ट्रियता, सार्वजनिक डिफेन्डर, नियुक्ति","আইনী সহায়তা, 18 বছরের কম বয়সী শিশুরা, জাতীয়তা নির্বিশেষে অপরাধী, পাবলিক ডিফেন্ডার, অ্যাপয়েন্টমেন্ট","कानूनी सहायता, बच्चे, 18 वर्ष से कम, अपराधी, राष्ट्रीयता, सार्वजनिक रक्षक, नियुक्ति की परवाह किए बिना",Bantuan undang -undang,कानुनी सहायता,আইনী সহায়তা,वैध सहायता
Jabatan Bantuan Guaman Gua Musang,Legal Aid,suriani.rashid@jbg.gov.my,"Legal aid & emerging public defence for children in criminal cases, regardless of nationality (per 2025 law updates); advice & referrals via JBG offices.",Kelantan,https://www.jbg.gov.my/index.php/en/services/legal-aid-services,+609-912 3688,"Lot 6, Tingkat 1, Bangunan Tabung Haji, Bandar Baru Gua Musang, 18300 GUA MUSANG, KELANTAN","No information available, contact for more detail",Legal Aid Department Gua Musang (Jabatan Bantuan Guaman Gua Musang),"legal aid, children, under 18, criminal, regardless of nationality, public defender, appointment",Jabatan Bantuan Guaman Gua Musang,कानूनी सहायता विभाग गुआम andang (जाब्तिनान बान्टुआन गुआवन गुआंग गुआ ang) (Jabatan Bantuan Guaman Gua Musang),আইনী সহায়তা বিভাগ গুয়া মুসং (জাবাতান বান্টুয়ান গুয়ামান গুয়া মুসং) (Jabatan Bantuan Guaman Gua Musang),कानूनी सहायता विभाग गुआ मुसंग (जबटन बंटुआन गुआमन गुआ मुसंग) (Jabatan Bantuan Guaman Gua Musang),জাতীয়তা নির্বিশেষে ফৌজদারি মামলায় শিশুদের জন্য আইনী সহায়তা এবং উদীয়মান পাবলিক প্রতিরক্ষা (প্রতি 2025 আইন আপডেট); জেবিজি অফিসগুলির মাধ্যমে পরামর্শ এবং রেফারেল।,"Bantuan undang -undang & pertahanan awam yang baru muncul untuk kanak -kanak dalam kes jenayah, tanpa mengira kewarganegaraan (setiap 2025 kemas kini undang -undang); Nasihat & Rujukan melalui Pejabat JBG.","आपराधिक मामलों में बच्चों के लिए कानूनी सहायता और उभरती हुई सार्वजनिक रक्षा, राष्ट्रीयता की परवाह किए बिना (प्रति 2025 कानून अपडेट); JBG कार्यालयों के माध्यम से सलाह और रेफरल।","कानूनी सहायता र आपराधिक मामिलाहरूमा बच्चाहरूको लागि जनरलनको लागि जनरल सुरक्षाको लागि, राष्ट्रियता बिना (प्रति 20225 कानून अद्यावधिकहरू); jbg कार्यालयहरू मार्फत सल्लाह र सन्दर्भहरू।","Bantuan undang -undang, kanak -kanak, di bawah 18 tahun, jenayah, tanpa mengira kewarganegaraan, pertahanan awam, pelantikan","कानूनी सहायता, बच्चाहरू, सन्तानहरू, 1 18 बर्ष भन्दा कम, राष्ट्रियता, सार्वजनिक डिफेन्डर, नियुक्ति","আইনী সহায়তা, 18 বছরের কম বয়সী শিশুরা, জাতীয়তা নির্বিশেষে অপরাধী, পাবলিক ডিফেন্ডার, অ্যাপয়েন্টমেন্ট","कानूनी सहायता, बच्चे, 18 वर्ष से कम, अपराधी, राष्ट्रीयता, सार्वजनिक रक्षक, नियुक्ति की परवाह किए बिना",Bantuan undang -undang,कानुनी सहायता,আইনী সহায়তা,वैध सहायता
Jabatan Bantuan Guaman Perak,Legal Aid,hezlin@jbg.gov.my,"Legal aid & emerging public defence for children in criminal cases, regardless of nationality (per 2025 law updates); advice & referrals via JBG offices.",Perak,https://www.jbg.gov.my/index.php/en/services/legal-aid-services,+605-254 4027,"Tingkat Bawah, Blok A (A2), Bangunan Persekutuan Ipoh, Jalan Dato' Ahmad Said (Greentown), 30450 IPOH, PERAK",Monday-Friday 08:00-12:00 and 14:00-16:00,Legal Aid Department Perak (Jabatan Bantuan Guaman Perak),"legal aid, children, under 18, criminal, regardless of nationality, public defender, appointment",Jabatan Bantuan Guaman Perak,कानूनी सहायता विभाग पेराक (जाब्तिन बान्टुआन गुमान पेराक) (Jabatan Bantuan Guaman Perak),আইনী সহায়তা বিভাগ পেরাক (জাবাতান বান্টুয়ান গুয়ামান পেরাক) (Jabatan Bantuan Guaman Perak),कानूनी सहायता विभाग पेरक (जबटन बंटुआन गुआमन पेरक) (Jabatan Bantuan Guaman Perak),জাতীয়তা নির্বিশেষে ফৌজদারি মামলায় শিশুদের জন্য আইনী সহায়তা এবং উদীয়মান পাবলিক প্রতিরক্ষা (প্রতি 2025 আইন আপডেট); জেবিজি অফিসগুলির মাধ্যমে পরামর্শ এবং রেফারেল।,"Bantuan undang -undang & pertahanan awam yang baru muncul untuk kanak -kanak dalam kes jenayah, tanpa mengira kewarganegaraan (setiap 2025 kemas kini undang -undang); Nasihat & Rujukan melalui Pejabat JBG.","आपराधिक मामलों में बच्चों के लिए कानूनी सहायता और उभरती हुई सार्वजनिक रक्षा, राष्ट्रीयता की परवाह किए बिना (प्रति 2025 कानून अपडेट); JBG कार्यालयों के माध्यम से सलाह और रेफरल।","कानूनी सहायता र आपराधिक मामिलाहरूमा बच्चाहरूको लागि जनरलनको लागि जनरल सुरक्षाको लागि, राष्ट्रियता बिना (प्रति 20225 कानून अद्यावधिकहरू); jbg कार्यालयहरू मार्फत सल्लाह र सन्दर्भहरू।","Bantuan undang -undang, kanak -kanak, di bawah 18 tahun, jenayah, tanpa mengira kewarganegaraan, pertahanan awam, pelantikan","कानूनी सहायता, बच्चाहरू, सन्तानहरू, 1 18 बर्ष भन्दा कम, राष्ट्रियता, सार्वजनिक डिफेन्डर, नियुक्ति","আইনী সহায়তা, 18 বছরের কম বয়সী শিশুরা, জাতীয়তা নির্বিশেষে অপরাধী, পাবলিক ডিফেন্ডার, অ্যাপয়েন্টমেন্ট","कानूनी सहायता, बच्चे, 18 वर्ष से कम, अपराधी, राष्ट्रीयता, सार्वजनिक रक्षक, नियुक्ति की परवाह किए बिना",Bantuan undang -undang,कानुनी सहायता,আইনী সহায়তা,वैध सहायता
Jabatan Bantuan Guaman Taiping,Legal Aid,syuhada@jbg.gov.my,"Legal aid & emerging public defence for children in criminal cases, regardless of nationality (per 2025 law updates); advice & referrals via JBG offices.",Perak,https://www.jbg.gov.my/index.php/en/services/legal-aid-services,+605-808 2701,"Tingkat 3, Wisma Persekutuan, Jalan Istana Larut, 34000 TAIPING, PERAK","No information available, contact for more detail",Legal Aid Department Taiping (Jabatan Bantuan Guaman Taiping),"legal aid, children, under 18, criminal, regardless of nationality, public defender, appointment",Jabatan Bantuan Guaman Taiping,कानूनी सहायता विभाग तापिंग (जागातान बन्टुआन गुआमन तालिप) (Jabatan Bantuan Guaman Taiping),আইনী সহায়তা বিভাগ তাইপিং (জাবাতান বান্টুয়ান গুয়ামান তাইপিং) (Jabatan Bantuan Guaman Taiping),कानूनी सहायता विभाग ताइपिंग (जबटन बंटुआन गुआमन ताइपिंग) (Jabatan Bantuan Guaman Taiping),জাতীয়তা নির্বিশেষে ফৌজদারি মামলায় শিশুদের জন্য আইনী সহায়তা এবং উদীয়মান পাবলিক প্রতিরক্ষা (প্রতি 2025 আইন আপডেট); জেবিজি অফিসগুলির মাধ্যমে পরামর্শ এবং রেফারেল।,"Bantuan Undang -Undang & Pertahanan Awam Muncul untuk Kanak -kanak dalam Kes Jenayah, tanpa mengira kewarganegaraan (setiap 2025 kemas kini undang -undang); Nasihat & Rujukan melalui Pejabat JBG.","आपराधिक मामलों में बच्चों के लिए कानूनी सहायता और उभरती हुई सार्वजनिक रक्षा, राष्ट्रीयता की परवाह किए बिना (प्रति 2025 कानून अपडेट); JBG कार्यालयों के माध्यम से सलाह और रेफरल।","कानूनी सहायता र आपराधिक मामिलाहरूमा बच्चाहरूको लागि जनरलनको लागि जनरल सुरक्षाको लागि, राष्ट्रियता बिना (प्रति 20225 कानून अद्यावधिकहरू); jbg कार्यालयहरू मार्फत सल्लाह र सन्दर्भहरू।","Bantuan undang -undang, kanak -kanak, di bawah 18 tahun, jenayah, tanpa mengira kewarganegaraan, pertahanan awam, pelantikan","कानूनी सहायता, बच्चाहरू, सन्तानहरू, 1 18 बर्ष भन्दा कम, राष्ट्रियता, सार्वजनिक डिफेन्डर, नियुक्ति","আইনী সহায়তা, 18 বছরের কম বয়সী শিশুরা, জাতীয়তা নির্বিশেষে অপরাধী, পাবলিক ডিফেন্ডার, অ্যাপয়েন্টমেন্ট","कानूनी सहायता, बच्चे, 18 वर्ष से कम, अपराधी, राष्ट्रीयता, सार्वजनिक रक्षक, नियुक्ति की परवाह किए बिना",Bantuan undang -undang,कानुनी सहायता,আইনী সহায়তা,वैध सहायता
Jabatan Bantuan Guaman Pulau Pinang,Legal Aid,manomani@jbg.gov.my,"Legal aid & emerging public defence for children in criminal cases, regardless of nationality (per 2025 law updates); advice & referrals via JBG offices.",Penang,https://www.jbg.gov.my/index.php/en/services/legal-aid-services,+604-210 9100,"Aras 4, Bangunan Gunasama Persekutuan, Jalan Anson, 10400 GEORGETOWN, PULAU PINANG",Monday-Friday 08:00-13:00 and 14:00-16:30,Legal Aid Department Pulau Pinang (Jabatan Bantuan Guaman Pulau Pinang),"legal aid, children, under 18, criminal, regardless of nationality, public defender, appointment",Jabatan Bantuan Guaman Pulau Pinang,कानूनी सहायता विभाग पुल्ची पिना ung (जागातान बान्टुआन गुआउन PULU pulnu puanung) (Jabatan Bantuan Guaman Pulau Pinang),আইনী সহায়তা বিভাগ পুলাউ পিনাং (জাবাতান বান্টুয়ান গুয়ামান পুলাউ পিনাং) (Jabatan Bantuan Guaman Pulau Pinang),कानूनी सहायता विभाग पुलाऊ पिनांग (जाबातन बंटुआन गुआमन पुलाउ पिनंग) (Jabatan Bantuan Guaman Pulau Pinang),জাতীয়তা নির্বিশেষে ফৌজদারি মামলায় শিশুদের জন্য আইনী সহায়তা এবং উদীয়মান পাবলিক প্রতিরক্ষা (প্রতি 2025 আইন আপডেট); জেবিজি অফিসগুলির মাধ্যমে পরামর্শ এবং রেফারেল।,"Bantuan Undang -Undang & Pertahanan Awam Muncul untuk Kanak -kanak dalam Kes Jenayah, tanpa mengira kewarganegaraan (setiap 2025 kemas kini undang -undang); Nasihat & Rujukan melalui Pejabat JBG.","आपराधिक मामलों में बच्चों के लिए कानूनी सहायता और उभरती हुई सार्वजनिक रक्षा, राष्ट्रीयता की परवाह किए बिना (प्रति 2025 कानून अपडेट); JBG कार्यालयों के माध्यम से सलाह और रेफरल।","कानूनी सहायता र आपराधिक मामिलाहरूमा बच्चाहरूको लागि जनरलनको लागि जनरल सुरक्षाको लागि, राष्ट्रियता बिना (प्रति 20225 कानून अद्यावधिकहरू); jbg कार्यालयहरू मार्फत सल्लाह र सन्दर्भहरू।","Bantuan undang -undang, kanak -kanak, di bawah 18 tahun, jenayah, tanpa mengira kewarganegaraan, pertahanan awam, pelantikan","कानूनी सहायता, बच्चाहरू, सन्तानहरू, 1 18 बर्ष भन्दा कम, राष्ट्रियता, सार्वजनिक डिफेन्डर, नियुक्ति","আইনী সহায়তা, 18 বছরের কম বয়সী শিশুরা, জাতীয়তা নির্বিশেষে অপরাধী, পাবলিক ডিফেন্ডার, অ্যাপয়েন্টমেন্ট","कानूनी सहायता, बच्चे, 18 वर्ष से कम, अपराधी, राष्ट्रीयता, सार्वजनिक रक्षक, नियुक्ति की परवाह किए बिना",Bantuan undang -undang,कानुनी सहायता,আইনী সহায়তা,वैध सहायता
Jabatan Bantuan Guaman Langkawi,Legal Aid,faridah.ismail@jbg.gov.my,"Legal aid & emerging public defence for children in criminal cases, regardless of nationality (per 2025 law updates); advice & referrals via JBG offices.",Kedah,https://www.jbg.gov.my/index.php/en/services/legal-aid-services,+604-969 8180,"Lot 10B & 11B, Tingkat Bawah, Kompleks Cayman, Pekan Baru Kuah, 07000 LANGKAWI, KEDAH",Sunday-Wednesday 08:00-17:00; Thursday 08:30-15:30,Legal Aid Department Langkawi (Jabatan Bantuan Guaman Langkawi),"legal aid, children, under 18, criminal, regardless of nationality, public defender, appointment",Jabatan Bantuan Guaman Langkawi,कानूनी सहायता विभाग लंगकावा (जागातान बन्टुआन गुआमन लांगकवा) (Jabatan Bantuan Guaman Langkawi),আইনী সহায়তা বিভাগ ল্যাংকাউই (জাবাতান বান্টুয়ান গুয়ামান ল্যাংকাউই) (Jabatan Bantuan Guaman Langkawi),कानूनी सहायता विभाग लंगकवी (जबटन बंटुआन गुआमन लंगकवी) (Jabatan Bantuan Guaman Langkawi),জাতীয়তা নির্বিশেষে ফৌজদারি মামলায় শিশুদের জন্য আইনী সহায়তা এবং উদীয়মান পাবলিক প্রতিরক্ষা (প্রতি 2025 আইন আপডেট); জেবিজি অফিসগুলির মাধ্যমে পরামর্শ এবং রেফারেল।,"Bantuan undang -undang & pertahanan awam yang baru muncul untuk kanak -kanak dalam kes jenayah, tanpa mengira kewarganegaraan (setiap 2025 kemas kini undang -undang); Nasihat & Rujukan melalui Pejabat JBG.","आपराधिक मामलों में बच्चों के लिए कानूनी सहायता और उभरती हुई सार्वजनिक रक्षा, राष्ट्रीयता की परवाह किए बिना (प्रति 2025 कानून अपडेट); JBG कार्यालयों के माध्यम से सलाह और रेफरल।","कानूनी सहायता र आपराधिक मामिलाहरूमा बच्चाहरूको लागि जनरलनको लागि जनरल सुरक्षाको लागि, राष्ट्रियता बिना (प्रति 20225 कानून अद्यावधिकहरू); jbg कार्यालयहरू मार्फत सल्लाह र सन्दर्भहरू।","Bantuan undang -undang, kanak -kanak, di bawah 18 tahun, jenayah, tanpa mengira kewarganegaraan, pertahanan awam, pelantikan","कानूनी सहायता, बच्चाहरू, सन्तानहरू, 1 18 बर्ष भन्दा कम, राष्ट्रियता, सार्वजनिक डिफेन्डर, नियुक्ति","আইনী সহায়তা, 18 বছরের কম বয়সী শিশুরা, জাতীয়তা নির্বিশেষে অপরাধী, পাবলিক ডিফেন্ডার, অ্যাপয়েন্টমেন্ট","कानूनी सहायता, बच्चे, 18 वर्ष से कम, अपराधी, राष्ट्रीयता, सार्वजनिक रक्षक, नियुक्ति की परवाह किए बिना",Bantuan undang -undang,कानुनी सहायता,আইনী সহায়তা,वैध सहायता
Jabatan Bantuan Guaman Perlis,Legal Aid,aliasuzila@jbg.gov.my,"Legal aid & emerging public defence for children in criminal cases, regardless of nationality (per 2025 law updates); advice & referrals via JBG offices.",Perlis,https://www.jbg.gov.my/index.php/en/services/legal-aid-services,+604-976 7739,"No. 8, 10, 12, Taman Temak Jaya, Jalan Kangar-Alor Star, 01000 KANGAR, PERLIS","No information available, contact for more detail",Legal Aid Department Perlis (Jabatan Bantuan Guaman Perlis),"legal aid, children, under 18, criminal, regardless of nationality, public defender, appointment",Jabatan Bantuan Guaman Perlis,कानूनी सहायता विभाग पेलिस (जागातान बान्टुआन गुम्बान पेलिस) (Jabatan Bantuan Guaman Perlis),আইনী সহায়তা বিভাগ পারলিস (জাবাতান বান্টুয়ান গুয়ামান পারলিস) (Jabatan Bantuan Guaman Perlis),कानूनी सहायता विभाग पर्लिस (जबटन बंटुआन गुआमन पर्लिस) (Jabatan Bantuan Guaman Perlis),জাতীয়তা নির্বিশেষে ফৌজদারি মামলায় শিশুদের জন্য আইনী সহায়তা এবং উদীয়মান পাবলিক প্রতিরক্ষা (প্রতি 2025 আইন আপডেট); জেবিজি অফিসগুলির মাধ্যমে পরামর্শ এবং রেফারেল।,"Bantuan undang -undang & pertahanan awam yang baru muncul untuk kanak -kanak dalam kes jenayah, tanpa mengira kewarganegaraan (setiap 2025 kemas kini undang -undang); Nasihat & Rujukan melalui Pejabat JBG.","आपराधिक मामलों में बच्चों के लिए कानूनी सहायता और उभरती हुई सार्वजनिक रक्षा, राष्ट्रीयता की परवाह किए बिना (प्रति 2025 कानून अपडेट); JBG कार्यालयों के माध्यम से सलाह और रेफरल।","कानूनी सहायता र आपराधिक मामिलाहरूमा बच्चाहरूको लागि जनरलनको लागि जनरल सुरक्षाको लागि, राष्ट्रियता बिना (प्रति 20225 कानून अद्यावधिकहरू); jbg कार्यालयहरू मार्फत सल्लाह र सन्दर्भहरू।","Bantuan undang -undang, kanak -kanak, di bawah 18 tahun, jenayah, tanpa mengira kewarganegaraan, pertahanan awam, pelantikan","कानूनी सहायता, बच्चाहरू, सन्तानहरू, 1 18 बर्ष भन्दा कम, राष्ट्रियता, सार्वजनिक डिफेन्डर, नियुक्ति","আইনী সহায়তা, 18 বছরের কম বয়সী শিশুরা, জাতীয়তা নির্বিশেষে অপরাধী, পাবলিক ডিফেন্ডার, অ্যাপয়েন্টমেন্ট","कानूनी सहायता, बच्चे, 18 वर्ष से कम, अपराधी, राष्ट्रीयता, सार्वजनिक रक्षक, नियुक्ति की परवाह किए बिना",Bantuan undang -undang,कानुनी सहायता,আইনী সহায়তা,वैध सहायता
Jabatan Bantuan Guaman Sabah,Legal Aid,herlina.muse@jbg.gov.my,"Legal aid & emerging public defence for children in criminal cases, regardless of nationality (per 2025 law updates); advice & referrals via JBG offices.",Sabah,https://www.jbg.gov.my/index.php/en/services/legal-aid-services,+608-848 8434,"Aras 2, Menara MAA, No. 6, Lorong Api-Api 1, Peti Surat 11319, 88814 KOTA KINABALU, SABAH",Monday-Thursday 08:00-13:00 and 14:00-16:00; Friday 08:00-11:30 and 14:00-16:00,Legal Aid Department Sabah (Jabatan Bantuan Guaman Sabah),"legal aid, children, under 18, criminal, regardless of nationality, public defender, appointment",Jabatan Bantuan Guaman Sabah,कानूनी सहायता विभाग सुबा (जागातान बन्टुआन गुम्बान सुब्बा) (Jabatan Bantuan Guaman Sabah),আইনী সহায়তা বিভাগ সাবাহ (জাবাতান বান্টুয়ান গুয়ামান সাবাহ) (Jabatan Bantuan Guaman Sabah),कानूनी सहायता विभाग सबा (जबटन बंटुआन गुआमन सबा) (Jabatan Bantuan Guaman Sabah),জাতীয়তা নির্বিশেষে ফৌজদারি মামলায় শিশুদের জন্য আইনী সহায়তা এবং উদীয়মান পাবলিক প্রতিরক্ষা (প্রতি 2025 আইন আপডেট); জেবিজি অফিসগুলির মাধ্যমে পরামর্শ এবং রেফারেল।,"Bantuan Undang -Undang & Pertahanan Awam Muncul untuk Kanak -kanak dalam Kes Jenayah, tanpa mengira kewarganegaraan (setiap 2025 kemas kini undang -undang); Nasihat & Rujukan melalui Pejabat JBG.","आपराधिक मामलों में बच्चों के लिए कानूनी सहायता और उभरती हुई सार्वजनिक रक्षा, राष्ट्रीयता की परवाह किए बिना (प्रति 2025 कानून अपडेट); JBG कार्यालयों के माध्यम से सलाह और रेफरल।","कानूनी सहायता र आपराधिक मामिलाहरूमा बच्चाहरूको लागि जनरलनको लागि जनरल सुरक्षाको लागि, राष्ट्रियता बिना (प्रति 20225 कानून अद्यावधिकहरू); jbg कार्यालयहरू मार्फत सल्लाह र सन्दर्भहरू।","Bantuan undang -undang, kanak -kanak, di bawah 18 tahun, jenayah, tanpa mengira kewarganegaraan, pertahanan awam, pelantikan","कानूनी सहायता, बच्चाहरू, सन्तानहरू, 1 18 बर्ष भन्दा कम, राष्ट्रियता, सार्वजनिक डिफेन्डर, नियुक्ति","আইনী সহায়তা, 18 বছরের কম বয়সী শিশুরা, জাতীয়তা নির্বিশেষে অপরাধী, পাবলিক ডিফেন্ডার, অ্যাপয়েন্টমেন্ট","कानूनी सहायता, बच्चे, 18 वर्ष से कम, अपराधी, राष्ट्रीयता, सार्वजनिक रक्षक, नियुक्ति की परवाह किए बिना",Bantuan undang -undang,कानुनी सहायता,আইনী সহায়তা,वैध सहायता
Jabatan Bantuan Guaman Wilayah Persekutuan Labuan,Legal Aid,norehan.hamid@jbg.gov.my,"Legal aid & emerging public defence for children in criminal cases, regardless of nationality (per 2025 law updates); advice & referrals via JBG offices.",Labuan Federal Territory,https://www.jbg.gov.my/index.php/en/services/legal-aid-services,+608-741 2242,"Tingkat 9(A), Blok 4, Menara Pejabat Ujana Kewangan, Jalan Merdeka, 87018 WILAYAH PERSEKUTUAN LABUAN",Monday-Thursday 08:00-13:00 and 14:00-16:00; Friday 08:00-11:30 and 14:00-16:00,Legal Aid Department Wilayah Persekutuan Labuan (Jabatan Bantuan Guaman Wilayah Persekutuan Labuan),"legal aid, children, under 18, criminal, regardless of nationality, public defender, appointment",Jabatan Bantuan Guaman Wilayah Persekutuan Labuan,कानूनी सहायता विभाग विलायाह लगगुआन लाबान (जाब्पना बन्टुआन गुम्बान विलावीन लगाउन लाबान) (Jabatan Bantuan Guaman Wilayah Persekutuan Labuan),আইনী সহায়তা বিভাগ (Jabatan Bantuan Guaman Wilayah Persekutuan Labuan),कानूनी सहायता विभाग विलायह पर्सेकुटुआन लाबुआन (जाबातन बंटुआन गुआमन विलायह पर्सेकुटुआन लाबुआन) (Jabatan Bantuan Guaman Wilayah Persekutuan Labuan),জাতীয়তা নির্বিশেষে ফৌজদারি মামলায় শিশুদের জন্য আইনী সহায়তা এবং উদীয়মান পাবলিক প্রতিরক্ষা (প্রতি 2025 আইন আপডেট); জেবিজি অফিসগুলির মাধ্যমে পরামর্শ এবং রেফারেল।,"Bantuan Undang -Undang & Pertahanan Awam Muncul untuk Kanak -kanak dalam Kes Jenayah, tanpa mengira kewarganegaraan (setiap 2025 kemas kini undang -undang); Nasihat & Rujukan melalui Pejabat JBG.","आपराधिक मामलों में बच्चों के लिए कानूनी सहायता और उभरती हुई सार्वजनिक रक्षा, राष्ट्रीयता की परवाह किए बिना (प्रति 2025 कानून अपडेट); JBG कार्यालयों के माध्यम से सलाह और रेफरल।","कानूनी सहायता र आपराधिक मामिलाहरूमा बच्चाहरूको लागि जनरलनको लागि जनरल सुरक्षाको लागि, राष्ट्रियता बिना (प्रति 20225 कानून अद्यावधिकहरू); jbg कार्यालयहरू मार्फत सल्लाह र सन्दर्भहरू।","Bantuan undang -undang, kanak -kanak, di bawah 18 tahun, jenayah, tanpa mengira kewarganegaraan, pertahanan awam, pelantikan","कानूनी सहायता, बच्चाहरू, सन्तानहरू, 1 18 बर्ष भन्दा कम, राष्ट्रियता, सार्वजनिक डिफेन्डर, नियुक्ति","আইনী সহায়তা, 18 বছরের কম বয়সী শিশুরা, জাতীয়তা নির্বিশেষে অপরাধী, পাবলিক ডিফেন্ডার, অ্যাপয়েন্টমেন্ট","कानूनी सहायता, बच्चे, 18 वर्ष से कम, अपराधी, राष्ट्रीयता, सार्वजनिक रक्षक, नियुक्ति की परवाह किए बिना",Bantuan undang -undang,कानुनी सहायता,আইনী সহায়তা,वैध सहायता
Jabatan Bantuan Guaman Sarawak,Legal Aid,haffiza.jemali@jbg.gov.my,"Legal aid & emerging public defence for children in criminal cases, regardless of nationality (per 2025 law updates); advice & referrals via JBG offices.",Sarawak,https://www.jbg.gov.my/index.php/en/services/legal-aid-services,+608-225 8699,"Tingkat 6, Bangunan Sultan Iskandar, Jalan Simpang Tiga, 93300 KUCHING, SARAWAK",Monday-Friday 08:00-16:00,Legal Aid Department Sarawak (Jabatan Bantuan Guaman Sarawak),"legal aid, children, under 18, criminal, regardless of nationality, public defender, appointment",Jabatan Bantuan Guaman Sarawak,कानूनी सहायता विभाग सारावल (जाब्तिना बन्टुआन गुआवक) (Jabatan Bantuan Guaman Sarawak),আইনী সহায়তা বিভাগ সারাওয়াক (জাবাতান বান্টুয়ান গুয়ামান সারাওয়াক) (Jabatan Bantuan Guaman Sarawak),कानूनी सहायता विभाग सारावाक (जबटन बंटुआन गुआमन सारावाक) (Jabatan Bantuan Guaman Sarawak),জাতীয়তা নির্বিশেষে ফৌজদারি মামলায় শিশুদের জন্য আইনী সহায়তা এবং উদীয়মান পাবলিক প্রতিরক্ষা (প্রতি 2025 আইন আপডেট); জেবিজি অফিসগুলির মাধ্যমে পরামর্শ এবং রেফারেল।,"Bantuan Undang -Undang & Pertahanan Awam Muncul untuk Kanak -kanak dalam Kes Jenayah, tanpa mengira kewarganegaraan (setiap 2025 kemas kini undang -undang); Nasihat & Rujukan melalui Pejabat JBG.","आपराधिक मामलों में बच्चों के लिए कानूनी सहायता और उभरती हुई सार्वजनिक रक्षा, राष्ट्रीयता की परवाह किए बिना (प्रति 2025 कानून अपडेट); JBG कार्यालयों के माध्यम से सलाह और रेफरल।","कानूनी सहायता र आपराधिक मामिलाहरूमा बच्चाहरूको लागि जनरलनको लागि जनरल सुरक्षाको लागि, राष्ट्रियता बिना (प्रति 20225 कानून अद्यावधिकहरू); jbg कार्यालयहरू मार्फत सल्लाह र सन्दर्भहरू।","Bantuan undang -undang, kanak -kanak, di bawah 18 tahun, jenayah, tanpa mengira kewarganegaraan, pertahanan awam, pelantikan","कानूनी सहायता, बच्चाहरू, सन्तानहरू, 1 18 बर्ष भन्दा कम, राष्ट्रियता, सार्वजनिक डिफेन्डर, नियुक्ति","আইনী সহায়তা, 18 বছরের কম বয়সী শিশুরা, জাতীয়তা নির্বিশেষে অপরাধী, পাবলিক ডিফেন্ডার, অ্যাপয়েন্টমেন্ট","कानूनी सहायता, बच्चे, 18 वर्ष से कम, अपराधी, राष्ट्रीयता, सार्वजनिक रक्षक, नियुक्ति की परवाह किए बिना",Bantuan undang -undang,कानुनी सहायता,আইনী সহায়তা,वैध सहायता
Jabatan Bantuan Guaman Miri,Legal Aid,hcling@jbg.gov.my,"Legal aid & emerging public defence for children in criminal cases, regardless of nationality (per 2025 law updates); advice & referrals via JBG offices.",Sarawak,https://www.jbg.gov.my/index.php/en/services/legal-aid-services,+608-542 3606,"Tingkat 13, Lot 97, Wisma Yulan, Jalan Brooke, Peti Surat 2300, 98008 MIRI, SARAWAK",Monday-Thursday 08:00-13:00 and 14:00-17:00; Friday 08:00-11:45 and 14:15-17:00,Legal Aid Department Miri (Jabatan Bantuan Guaman Miri),"legal aid, children, under 18, criminal, regardless of nationality, public defender, appointment",Jabatan Bantuan Guaman Miri,कानूनी सहायता विभाग मिरिरी (जागातान बान्टुआन गुदार मिरिन) (Jabatan Bantuan Guaman Miri),আইনী সহায়তা বিভাগ মিরি (জাবাতান বান্টুয়ান গুয়ামান মিরি) (Jabatan Bantuan Guaman Miri),कानूनी सहायता विभाग मिरी (जबटन बंटुआन गुआमन मिरी) (Jabatan Bantuan Guaman Miri),জাতীয়তা নির্বিশেষে ফৌজদারি মামলায় শিশুদের জন্য আইনী সহায়তা এবং উদীয়মান পাবলিক প্রতিরক্ষা (প্রতি 2025 আইন আপডেট); জেবিজি অফিসগুলির মাধ্যমে পরামর্শ এবং রেফারেল।,"Bantuan Undang -Undang & Pertahanan Awam Muncul untuk Kanak -kanak dalam Kes Jenayah, tanpa mengira kewarganegaraan (setiap 2025 kemas kini undang -undang); Nasihat & Rujukan melalui Pejabat JBG.","आपराधिक मामलों में बच्चों के लिए कानूनी सहायता और उभरती हुई सार्वजनिक रक्षा, राष्ट्रीयता की परवाह किए बिना (प्रति 2025 कानून अपडेट); JBG कार्यालयों के माध्यम से सलाह और रेफरल।","कानूनी सहायता र आपराधिक मामिलाहरूमा बच्चाहरूको लागि जनरलनको लागि जनरल सुरक्षाको लागि, राष्ट्रियता बिना (प्रति 20225 कानून अद्यावधिकहरू); jbg कार्यालयहरू मार्फत सल्लाह र सन्दर्भहरू।","Bantuan undang -undang, kanak -kanak, di bawah 18 tahun, jenayah, tanpa mengira kewarganegaraan, pertahanan awam, pelantikan","कानूनी सहायता, बच्चाहरू, सन्तानहरू, 1 18 बर्ष भन्दा कम, राष्ट्रियता, सार्वजनिक डिफेन्डर, नियुक्ति","আইনী সহায়তা, 18 বছরের কম বয়সী শিশুরা, জাতীয়তা নির্বিশেষে অপরাধী, পাবলিক ডিফেন্ডার, অ্যাপয়েন্টমেন্ট","कानूनी सहायता, बच्चे, 18 वर्ष से कम, अपराधी, राष्ट्रीयता, सार्वजनिक रक्षक, नियुक्ति की परवाह किए बिना",Bantuan undang -undang,कानुनी सहायता,আইনী সহায়তা,वैध सहायता
Jabatan Bantuan Guaman Sibu,Legal Aid,norhayati.abu@jbg.gov.my,"Legal aid & emerging public defence for children in criminal cases, regardless of nationality (per 2025 law updates); advice & referrals via JBG offices.",Sarawak,https://www.jbg.gov.my/index.php/en/services/legal-aid-services,+608-434 3978,"Tingkat 10 (Section A), Wisma Vasty, Lot. No 445, Blok 5, No.15, Jalan Pulau, 96000 SIBU, SARAWAK","No information available, contact for more detail",Legal Aid Department Sibu (Jabatan Bantuan Guaman Sibu),"legal aid, children, under 18, criminal, regardless of nationality, public defender, appointment",Jabatan Bantuan Guaman Sibu,कानूनी सहायता विभाग सिब्लु (जागातान बन्टुआन गुम्बान सिब्स) (Jabatan Bantuan Guaman Sibu),আইনী সহায়তা বিভাগ সিবু (জাবাতান বান্টুয়ান গুয়ামান সিবু) (Jabatan Bantuan Guaman Sibu),कानूनी सहायता विभाग SIBU (JABATAN BANTUAN GUAMAN SIBU) (Jabatan Bantuan Guaman Sibu),জাতীয়তা নির্বিশেষে ফৌজদারি মামলায় শিশুদের জন্য আইনী সহায়তা এবং উদীয়মান পাবলিক প্রতিরক্ষা (প্রতি 2025 আইন আপডেট); জেবিজি অফিসগুলির মাধ্যমে পরামর্শ এবং রেফারেল।,"Bantuan Undang -Undang & Pertahanan Awam Muncul untuk Kanak -kanak dalam Kes Jenayah, tanpa mengira kewarganegaraan (setiap 2025 kemas kini undang -undang); Nasihat & Rujukan melalui Pejabat JBG.","आपराधिक मामलों में बच्चों के लिए कानूनी सहायता और उभरती हुई सार्वजनिक रक्षा, राष्ट्रीयता की परवाह किए बिना (प्रति 2025 कानून अपडेट); JBG कार्यालयों के माध्यम से सलाह और रेफरल।","कानूनी सहायता र आपराधिक मामिलाहरूमा बच्चाहरूको लागि जनरलनको लागि जनरल सुरक्षाको लागि, राष्ट्रियता बिना (प्रति 20225 कानून अद्यावधिकहरू); jbg कार्यालयहरू मार्फत सल्लाह र सन्दर्भहरू।","Bantuan undang -undang, kanak -kanak, di bawah 18 tahun, jenayah, tanpa mengira kewarganegaraan, pertahanan awam, pelantikan","कानूनी सहायता, बच्चाहरू, सन्तानहरू, 1 18 बर्ष भन्दा कम, राष्ट्रियता, सार्वजनिक डिफेन्डर, नियुक्ति","আইনী সহায়তা, 18 বছরের কম বয়সী শিশুরা, জাতীয়তা নির্বিশেষে অপরাধী, পাবলিক ডিফেন্ডার, অ্যাপয়েন্টমেন্ট","कानूनी सहायता, बच्चे, 18 वर्ष से कम, अपराधी, राष्ट्रीयता, सार्वजनिक रक्षक, नियुक्ति की परवाह किए बिना",Bantuan undang -undang,कानुनी सहायता,আইনী সহায়তা,वैध सहायता
FWCMS One Stop Center (Putrajaya),Work,bestinetintls@gmail.com,"Nationwide coverage; Centralised online system for foreign worker recruitment & permits (quota, calling visa, permit renewal, exit memo). Worker-facing at FSSC: eComplaints for employer abuse; call centre for guidance.",Putrajaya Federal Territory,https://fwcms.com.my/,+603-8689 2822,"A2-1-1, 1st Floor, Kompleks Perniagaan Ayer@8, Jalan P8G, Presint 8, 62000 Putrajaya, Malaysia.",Monday-Friday 09:00-18:00,FWCMS One Stop Center (Putrajaya),"eVDR, ePLKS, eCOM, eComplaints, eWages, employer process, hotline, appointment",FWCMS One Stop Centre (Putrajaya),FWCMS एक स्टप केन्द्र (प्लेराजीया) (FWCMS One Stop Center (Putrajaya)),এফডাব্লুসিএমএস ওয়ান স্টপ সেন্টার (পুত্রজায়া) (FWCMS One Stop Center (Putrajaya)),FWCMS वन स्टॉप सेंटर (पुत्रजया) (FWCMS One Stop Center (Putrajaya)),"দেশব্যাপী কভারেজ; বিদেশী কর্মী নিয়োগ ও পারমিটের জন্য কেন্দ্রীয় অনলাইন সিস্টেম (কোটা, কলিং ভিসা, পারমিট পুনর্নবীকরণ, প্রস্থান মেমো)। এফএসএসসিতে কর্মী-মুখোমুখি হওয়া: নিয়োগকর্তার নির্যাতনের জন্য একচেটিয়া; গাইডেন্সের জন্য কল সেন্টার।","Liputan di seluruh negara; Sistem dalam talian berpusat untuk pengambilan & permit pekerja asing (kuota, panggilan visa, pembaharuan permit, memo keluar). Pekerja-pekerja di FSSC: Ecomplaints untuk penyalahgunaan majikan; Pusat Panggilan untuk Panduan.","राष्ट्रव्यापी कवरेज; विदेशी कार्यकर्ता भर्ती और परमिट के लिए केंद्रीकृत ऑनलाइन प्रणाली (कोटा, कॉलिंग वीजा, परमिट नवीकरण, निकास मेमो)। एफएसएससी में कार्यकर्ता-सामना: नियोक्ता के दुरुपयोग के लिए Ecomplaints; मार्गदर्शन के लिए कॉल सेंटर।","राष्ट्रव्यापी कभरेज; वैदेशिक कार्यकर्ता भर्ती र अनुमतिको लागि केन्द्रीकृत अनलाइन प्रणाली (कोटा, भिसा, नवीकरण, नवीकरण मेमो) निकास गर्नुहोस्। श्रमिक-अनुहार एफएसएससी मा अनुहार: रोजगार दुरुपयोग को लागी स्वर्ग; मार्गदर्शनका लागि कल सेन्टर।","EVDR, EPLKS, ECOM, ECOMPLAINTS, EWAGES, PROSES MEMBACA, HOTLINE, TEMPATAN","इभम, EPLKs, ECK, EMPLESTS, ewles, रोजगारदाता प्रक्रिया, हटलाइन, नियुक्ति","ইভিডিআর, ইপিএলএসএস, ইকোম, ইকামেন্টস, ইওজেজস, নিয়োগকর্তা প্রক্রিয়া, হটলাইন, অ্যাপয়েন্টমেন্ট","EVDR, EPLKS, ECOM, Ecomplaints, Ewages, नियोक्ता प्रक्रिया, हॉटलाइन, नियुक्ति",Bekerja,काम,কাজ,काम
North South Initiative (NSI),Legal Aid,resq@nsinitiative.net,"Policy advocacy & migrant rights education; cross-border collaboration to improve fair labour migration systems. Targeting Indonesian, Bangladeshi, Pakistani, Myanmar & Nepali workers in Malaysia.",Selangor,https://nsinitiative.net/,+603-7663 5466,"A-2-7, Jalan Sungai Jernih 8/1, Seksyen 8 Petaling Jaya, 46050 Petaling Jaya, Selangor",Monday-Friday 10:00-19:00; Saturday 10:00-17:00,North South Initiative (NSI),"NGO, advocacy, labour rights, migration policy, legal awareness, migrant communities IDN BGD PAK MMR NPL, free",Inisiatif Utara Selatan (NSI),उत्तर दक्षिण पहल (NSI) (North South Initiative (NSI)),উত্তর দক্ষিণ উদ্যোগ (এনএসআই) (North South Initiative (NSI)),उत्तर दक्षिण पहल (एनएसआई) (North South Initiative (NSI)),"নীতি অ্যাডভোকেসি এবং অভিবাসী অধিকার শিক্ষা; ন্যায্য শ্রম মাইগ্রেশন সিস্টেমগুলি উন্নত করতে আন্তঃসীমান্ত সহযোগিতা। মালয়েশিয়ার ইন্দোনেশিয়ান, বাংলাদেশী, পাকিস্তানি, মিয়ানমার ও নেপালি কর্মীদের লক্ষ্য করে।","Polisi Advokasi & Pendidikan Hak Migran; Kerjasama rentas sempadan untuk meningkatkan sistem penghijrahan buruh yang adil. Menyasarkan pekerja Indonesia, Bangladeshi, Pakistan, Myanmar & Nepal di Malaysia.","नीति वकालत और प्रवासी अधिकार शिक्षा; निष्पक्ष श्रम प्रवास प्रणालियों में सुधार के लिए सीमा पार सहयोग। मलेशिया में इंडोनेशियाई, बांग्लादेशी, पाकिस्तानी, म्यांमार और नेपाली श्रमिकों को लक्षित करना।","नीति वकालत र आप्रवासी अधिकार शिक्षा; निष्पक्ष श्रम प्रवासी प्रणाली सुधार गर्न सीमा विरोधी सहयोग। मलेशियामा मंगेरियाकी, पाकिस्तानी, म्याकिस्तानी, पाकिस्तानी र नेपाली कामदारहरूलाई लक्षित गर्ने।","NGO, Advokasi, Hak Buruh, Dasar Migrasi, Kesedaran Undang -Undang, Komuniti Migran IDN BGD Pak MMR NPL, Percuma","एनजीओ, वकालत, श्रम अधिकार, प्रवासी नीति, कानूनी जागरूकता, आप्रवासी समुदायहरु inn bgd pug pemr mpr mmr mmr mmr mmr mmr mmr mmr mmr mmr mpr, नि: शुल्क","এনজিও, অ্যাডভোকেসি, শ্রম অধিকার, মাইগ্রেশন নীতি, আইনী সচেতনতা, অভিবাসী সম্প্রদায় আইডিএন বিজিডি পাক এমএমআর এনপিএল, বিনামূল্যে","एनजीओ, वकालत, श्रम अधिकार, प्रवासन नीति, कानूनी जागरूकता, प्रवासी समुदाय आईडीएन बीजीडी पाक एमएमआर एनपीएल, मुक्त",Bantuan undang -undang,कानुनी सहायता,আইনী সহায়তা,वैध सहायता
North South Initiative (NSI),Housing & Shelter,resq@nsinitiative.net,"Emergency ""Solidarity House"" providing short-term stay for male migrant workers and refugees; referrals to partner shelters for women. Targeting Indonesian, Bangladeshi, Pakistani, Myanmar & Nepali communities.",Selangor,https://nsinitiative.net/,+603-7663 5467,"A-2-7, Jalan Sungai Jernih 8/1, Seksyen 8 Petaling Jaya, 46050 Petaling Jaya, Selangor",Monday-Friday 10:00-19:00; Saturday 10:00-17:00,North South Initiative (NSI),"NGO, emergency shelter, temporary housing, referrals, migrant communities IDN BGD PAK MMR NPL, free",Inisiatif Utara Selatan (NSI),उत्तर दक्षिण पहल (NSI) (North South Initiative (NSI)),উত্তর দক্ষিণ উদ্যোগ (এনএসআই) (North South Initiative (NSI)),उत्तर दक्षिण पहल (एनएसआई) (North South Initiative (NSI)),"জরুরী ""সংহতি হাউস"" পুরুষ অভিবাসী শ্রমিক এবং শরণার্থীদের জন্য স্বল্পমেয়াদী থাকার ব্যবস্থা; মহিলাদের জন্য অংশীদার আশ্রয়কেন্দ্রগুলিতে রেফারেল। ইন্দোনেশিয়ান, বাংলাদেশী, পাকিস্তানি, মিয়ানমার ও নেপালি সম্প্রদায়গুলিকে লক্ষ্য করে।","Kecemasan ""rumah perpaduan"" yang menyediakan penginapan jangka pendek untuk pekerja migran lelaki dan pelarian; Rujukan kepada tempat perlindungan rakan kongsi untuk wanita. Menyasarkan Indonesia, Bangladeshi, Pakistan, Myanmar & Nepal.","आपातकालीन ""एकजुटता घर"" पुरुष प्रवासी श्रमिकों और शरणार्थियों के लिए अल्पकालिक प्रवास प्रदान करता है; महिलाओं के लिए साझेदार आश्रयों के लिए रेफरल। इंडोनेशियाई, बांग्लादेशी, पाकिस्तानी, म्यांमार और नेपाली समुदायों को लक्षित करना।","आपतकालीन ""ऐतिहास घर"" पुरुष आप्रवासी कामदारहरू र शरणार्थीहरूको लागि छोटो अवधिको रूपमा रहन बाँकी छ; महिलाहरुलाई साझेदार आश्रयहरु लाई रेफरल गर्दछ। इन्डोनेसियाली, बंगलादेशी, पाकिस्तानी, म्याकलर र नेपाली समुदायलाई लक्षित गरी।","NGO, tempat perlindungan kecemasan, perumahan sementara, rujukan, komuniti pendatang IDN BGD PAK MMR NPL, Percuma","एनजीओ, आपतकालीन आश्रय, अस्थायी आवास, रेजिग्रेट समुदायहरू आईएनटीएन बीजीडी पाक एमएमआरआरआर एमएमआरआरआरएमआर एमएपीएल","এনজিও, জরুরী আশ্রয়, অস্থায়ী আবাসন, রেফারেলস, অভিবাসী সম্প্রদায় আইডিএন বিজিডি পাক এমএমআর এনপিএল, বিনামূল্যে","एनजीओ, आपातकालीन आश्रय, अस्थायी आवास, रेफरल, प्रवासी समुदाय आईडीएन बीजीडी पाक एमएमआर एनपीएल, मुक्त",Perumahan & tempat perlindungan,आवास र आश्रय,আবাসন ও আশ্রয়,आवास और आश्रय
Tzu Chi (Headquarters),Housing & Shelter,info@tzuchi.my,"Provides food aid, emergency relief, and temporary shelter for vulnerable communities including migrant workers and refugees. Nationwide presence with main centre in KL & Selangor.",Kuala Lumpur Federal Territory,https://www.tzuchi.my/en,+603-6256 3800,"KL Tzu-Chi Jing Si Hall, No 359, Jalan Kepong, 52000 Kuala Lumpur",Monday-Sunday 09:00-16:00,Tzu Chi (Headquarters),"NGO, food aid, emergency relief, shelter, free",Tzu Chi (ibu pejabat),TZU CHI (मुख्यालय) (Tzu Chi (Headquarters)),তজু চি (সদর দফতর) (Tzu Chi (Headquarters)),त्ज़ु ची (मुख्यालय) (Tzu Chi (Headquarters)),"অভিবাসী শ্রমিক এবং শরণার্থী সহ দুর্বল সম্প্রদায়ের জন্য খাদ্য সহায়তা, জরুরী ত্রাণ এবং অস্থায়ী আশ্রয় সরবরাহ করে। কেএল এবং সেলেঙ্গোরের প্রধান কেন্দ্রের সাথে দেশব্যাপী উপস্থিতি।","Menyediakan bantuan makanan, bantuan kecemasan, dan tempat perlindungan sementara untuk komuniti yang terdedah termasuk pekerja migran dan pelarian. Kehadiran di seluruh negara dengan pusat utama di KL & Selangor.","प्रवासी श्रमिकों और शरणार्थियों सहित कमजोर समुदायों के लिए खाद्य सहायता, आपातकालीन राहत और अस्थायी आश्रय प्रदान करता है। केएल और सेलांगोर में मुख्य केंद्र के साथ राष्ट्रव्यापी उपस्थिति।","खाद्य सहायता, आपतकालीन राहत, आप्रवासी कामदारहरू र शरणार्थीहरू लगायतका दुर्व्यवहार्यका लागि अस्थायी आश्रय। KL & Sealgor मा मुख्य केन्द्रको साथ राष्ट्रव्यापी उपस्थिति।","NGO, bantuan makanan, bantuan kecemasan, tempat tinggal, percuma","एनजीओ, खाद्य सहायता, आपतकालीन राहत, आश्रय, नि: शुल्क","এনজিও, খাদ্য সহায়তা, জরুরী ত্রাণ, আশ্রয়, বিনামূল্যে","एनजीओ, खाद्य सहायता, आपातकालीन राहत, आश्रय, मुक्त",Perumahan & tempat perlindungan,आवास र आश्रय,আবাসন ও আশ্রয়,आवास और आश्रय
Tzu Chi (Malacca Branch),Housing & Shelter,btzuchi@tzuchi.my,"Provides food aid, emergency relief, and temporary shelter for vulnerable communities including migrant workers and refugees. Nationwide presence with main centre in KL & Selangor.",Malacca,https://www.tzuchi.my/en,+606-281 0818,"7850, Lot 922-923, Kws Perindustrian, Batu Berendam Fasa 3(B), Batu Berendam, 75350 Malacca",Monday-Saturday 08:30-18:00,Tzu Chi (Malacca Branch),"NGO, food aid, emergency relief, shelter, free",Tzu Chi (cawangan Melaka),TZU CHI (मलाका शाखा) (Tzu Chi (Malacca Branch)),তজু চি (মালাক্কা শাখা) (Tzu Chi (Malacca Branch)),त्ज़ु ची (मलक्का शाखा) (Tzu Chi (Malacca Branch)),"অভিবাসী শ্রমিক এবং শরণার্থী সহ দুর্বল সম্প্রদায়ের জন্য খাদ্য সহায়তা, জরুরী ত্রাণ এবং অস্থায়ী আশ্রয় সরবরাহ করে। কেএল এবং সেলেঙ্গোরের প্রধান কেন্দ্রের সাথে দেশব্যাপী উপস্থিতি।","Menyediakan bantuan makanan, bantuan kecemasan, dan tempat perlindungan sementara untuk komuniti yang terdedah termasuk pekerja migran dan pelarian. Kehadiran di seluruh negara dengan pusat utama di KL & Selangor.","प्रवासी श्रमिकों और शरणार्थियों सहित कमजोर समुदायों के लिए खाद्य सहायता, आपातकालीन राहत और अस्थायी आश्रय प्रदान करता है। केएल और सेलांगोर में मुख्य केंद्र के साथ राष्ट्रव्यापी उपस्थिति।","खाद्य सहायता, आपतकालीन राहत, आप्रवासी कामदारहरू र शरणार्थीहरू लगायतका दुर्व्यवहार्यका लागि अस्थायी आश्रय। KL & Sealgor मा मुख्य केन्द्रको साथ राष्ट्रव्यापी उपस्थिति।","NGO, bantuan makanan, bantuan kecemasan, tempat tinggal, percuma","एनजीओ, खाद्य सहायता, आपतकालीन राहत, आश्रय, नि: शुल्क","এনজিও, খাদ্য সহায়তা, জরুরী ত্রাণ, আশ্রয়, বিনামূল্যে","एनजीओ, खाद्य सहायता, आपातकालीन राहत, आश्रय, मुक्त",Perumahan & tempat perlindungan,आवास र आश्रय,আবাসন ও আশ্রয়,आवास और आश्रय
Tzu Chi (Penang Branch),Housing & Shelter,info@tzuchi.my,"Provides food aid, emergency relief, and temporary shelter for vulnerable communities including migrant workers and refugees. Nationwide presence with main centre in KL & Selangor.",Penang,https://www.tzuchi.my/en,+604-228 1013,"316, Jalan Macalister, 10450 Penang",Monday-Sunday 08:00-14:00,Tzu Chi (Penang Branch),"NGO, food aid, emergency relief, shelter, free",Tzu Chi (Cawangan Pulau Pinang),TZU CHI (पेनांग शाखा) (Tzu Chi (Penang Branch)),তজু চি (পেনাং শাখা) (Tzu Chi (Penang Branch)),त्ज़ु ची (पेनांग शाखा) (Tzu Chi (Penang Branch)),"অভিবাসী শ্রমিক এবং শরণার্থী সহ দুর্বল সম্প্রদায়ের জন্য খাদ্য সহায়তা, জরুরী ত্রাণ এবং অস্থায়ী আশ্রয় সরবরাহ করে। কেএল এবং সেলেঙ্গোরের প্রধান কেন্দ্রের সাথে দেশব্যাপী উপস্থিতি।","Menyediakan bantuan makanan, bantuan kecemasan, dan tempat perlindungan sementara untuk komuniti yang terdedah termasuk pekerja migran dan pelarian. Kehadiran di seluruh negara dengan pusat utama di KL & Selangor.","प्रवासी श्रमिकों और शरणार्थियों सहित कमजोर समुदायों के लिए खाद्य सहायता, आपातकालीन राहत और अस्थायी आश्रय प्रदान करता है। केएल और सेलांगोर में मुख्य केंद्र के साथ राष्ट्रव्यापी उपस्थिति।","खाद्य सहायता, आपतकालीन राहत, आप्रवासी कामदारहरू र शरणार्थीहरू लगायतका दुर्व्यवहार्यका लागि अस्थायी आश्रय। KL & Sealgor मा मुख्य केन्द्रको साथ राष्ट्रव्यापी उपस्थिति।","NGO, bantuan makanan, bantuan kecemasan, tempat tinggal, percuma","एनजीओ, खाद्य सहायता, आपतकालीन राहत, आश्रय, नि: शुल्क","এনজিও, খাদ্য সহায়তা, জরুরী ত্রাণ, আশ্রয়, বিনামূল্যে","एनजीओ, खाद्य सहायता, आपातकालीन राहत, आश्रय, मुक्त",Perumahan & tempat perlindungan,आवास र आश्रय,আবাসন ও আশ্রয়,आवास और आश्रय
Tzu Chi (Kedah Branch),Housing & Shelter,tzwelfarekd@yahoo.com,"Provides food aid, emergency relief, and temporary shelter for vulnerable communities including migrant workers and refugees. Nationwide presence with main centre in KL & Selangor.",Kedah,https://www.tzuchi.my/en,+604-731 1013,"535A, Jalan Perak, Kws Perindustrian Mergong  205150 Alor Setar, Kedah",Monday-Sunday 08:30-17:30,Tzu Chi (Kedah Branch),"NGO, food aid, emergency relief, shelter, free",Tzu Chi (Cawangan Kedah),TZU CHI (kaahah शाखा) (Tzu Chi (Kedah Branch)),তজু চি (কেদা শাখা) (Tzu Chi (Kedah Branch)),त्ज़ु ची (केदाह शाखा) (Tzu Chi (Kedah Branch)),"অভিবাসী শ্রমিক এবং শরণার্থী সহ দুর্বল সম্প্রদায়ের জন্য খাদ্য সহায়তা, জরুরী ত্রাণ এবং অস্থায়ী আশ্রয় সরবরাহ করে। কেএল এবং সেলেঙ্গোরের প্রধান কেন্দ্রের সাথে দেশব্যাপী উপস্থিতি।","Menyediakan bantuan makanan, bantuan kecemasan, dan tempat perlindungan sementara untuk komuniti yang terdedah termasuk pekerja migran dan pelarian. Kehadiran di seluruh negara dengan pusat utama di KL & Selangor.","प्रवासी श्रमिकों और शरणार्थियों सहित कमजोर समुदायों के लिए खाद्य सहायता, आपातकालीन राहत और अस्थायी आश्रय प्रदान करता है। केएल और सेलांगोर में मुख्य केंद्र के साथ राष्ट्रव्यापी उपस्थिति।","खाद्य सहायता, आपतकालीन राहत, आप्रवासी कामदारहरू र शरणार्थीहरू लगायतका दुर्व्यवहार्यका लागि अस्थायी आश्रय। KL & Sealgor मा मुख्य केन्द्रको साथ राष्ट्रव्यापी उपस्थिति।","NGO, bantuan makanan, bantuan kecemasan, tempat tinggal, percuma","एनजीओ, खाद्य सहायता, आपतकालीन राहत, आश्रय, नि: शुल्क","এনজিও, খাদ্য সহায়তা, জরুরী ত্রাণ, আশ্রয়, বিনামূল্যে","एनजीओ, खाद्य सहायता, आपातकालीन राहत, आश्रय, मुक्त",Perumahan & tempat perlindungan,आवास र आश्रय,আবাসন ও আশ্রয়,आवास और आश्रय
Tzu Chi Learning Centre - Ampang,Other Support,info@tzuchi.my,Learning centre providing primary education for non-citizen children; run by Tzu Chi Foundation; intake by assessment/availability.,Selangor,https://www.tzuchi.my/en,+603-6256 3800,Contact Tzu Chi (Headquarters) for more detail,Contact Tzu Chi (Headquarters) for more detail,Tzu Chi Learning Centre - Ampang,"children education, learning centre, non citizen, primary, NGO, intake required, free",Pusat Pembelajaran Tzu Chi - Ampang,TZU CHI सिकाई सेन्टर - एम्प्ला (Tzu Chi Learning Centre - Ampang),তজু চি লার্নিং সেন্টার - আমপাং (Tzu Chi Learning Centre - Ampang),त्ज़ु ची लर्निंग सेंटर - ampang (Tzu Chi Learning Centre - Ampang),শিখন কেন্দ্র অ-নাগরিক শিশুদের জন্য প্রাথমিক শিক্ষা প্রদান; তজু চি ফাউন্ডেশন দ্বারা পরিচালিত; মূল্যায়ন/প্রাপ্যতা দ্বারা গ্রহণ।,Pusat Pembelajaran menyediakan pendidikan rendah untuk kanak-kanak bukan warganegara; dikendalikan oleh Tzu Chi Foundation; pengambilan oleh penilaian/ketersediaan.,गैर-नागरिक बच्चों के लिए प्राथमिक शिक्षा प्रदान करने वाले लर्निंग सेंटर; Tzu ची फाउंडेशन द्वारा चलाया; मूल्यांकन/उपलब्धता द्वारा सेवन।,शिक्षा केन्द्रले गैर-नागरिक बच्चाहरूको लागि प्राथमिक शिक्षा प्रदान गर्दछ; TZU CHI फाउंडेशन द्वारा चलाउनुहोस्; अन्तर्दृष्टि / उपलब्धता द्वारा itake।,"pendidikan kanak -kanak, pusat pembelajaran, bukan warganegara, primer, NGO, pengambilan diperlukan, percuma","बच्चाहरू शिक्षा, सिकाई केन्द्र, गैर नागरिक, प्राथमिक, एनजीओ, इन्टेक आवश्यक छ","শিশুদের শিক্ষা, লার্নিং সেন্টার, নন সিটিজেন, প্রাথমিক, এনজিও, গ্রহণের প্রয়োজন, বিনামূল্যে","बच्चे शिक्षा, शिक्षण केंद्र, गैर नागरिक, प्राथमिक, एनजीओ, सेवन आवश्यक, मुफ्त",Sokongan lain,अन्य सहयोग,অন্যান্য সমর্থন,अन्य समर्थन
Tzu Chi Learning Centre - Selayang,Other Support,info@tzuchi.my,Learning centre providing primary education for non-citizen children; run by Tzu Chi Foundation; intake by assessment/availability.,Selangor,https://www.tzuchi.my/en,+603-6256 3800,Contact Tzu Chi (Headquarters) for more detail,Contact Tzu Chi (Headquarters) for more detail,Tzu Chi Learning Centre - Selayang,"children education, learning centre, non citizen, primary, NGO, intake required, free",Pusat Pembelajaran Tzu Chi - Selayang,TZU CHI सिकाई केन्द्र - सेलेमन (Tzu Chi Learning Centre - Selayang),তজু চি লার্নিং সেন্টার - সেলায়াং (Tzu Chi Learning Centre - Selayang),त्ज़ु ची लर्निंग सेंटर - सेलायंग (Tzu Chi Learning Centre - Selayang),শিখন কেন্দ্র অ-নাগরিক শিশুদের জন্য প্রাথমিক শিক্ষা প্রদান; তজু চি ফাউন্ডেশন দ্বারা পরিচালিত; মূল্যায়ন/প্রাপ্যতা দ্বারা গ্রহণ।,Pusat Pembelajaran menyediakan pendidikan rendah untuk kanak-kanak bukan warganegara; dikendalikan oleh Tzu Chi Foundation; pengambilan oleh penilaian/ketersediaan.,गैर-नागरिक बच्चों के लिए प्राथमिक शिक्षा प्रदान करने वाले लर्निंग सेंटर; Tzu ची फाउंडेशन द्वारा चलाया; मूल्यांकन/उपलब्धता द्वारा सेवन।,शिक्षा केन्द्रले गैर-नागरिक बच्चाहरूको लागि प्राथमिक शिक्षा प्रदान गर्दछ; TZU CHI फाउंडेशन द्वारा चलाउनुहोस्; अन्तर्दृष्टि / उपलब्धता द्वारा itake।,"pendidikan kanak -kanak, pusat pembelajaran, bukan warganegara, primer, NGO, pengambilan diperlukan, percuma","बच्चाहरू शिक्षा, सिकाई केन्द्र, गैर नागरिक, प्राथमिक, एनजीओ, इन्टेक आवश्यक छ","শিশুদের শিক্ষা, লার্নিং সেন্টার, নন সিটিজেন, প্রাথমিক, এনজিও, গ্রহণের প্রয়োজন, বিনামূল্যে","बच्चे शिक्षा, शिक्षण केंद्र, गैर नागरिक, प्राथमिक, एनजीओ, सेवन आवश्यक, मुफ्त",Sokongan lain,अन्य सहयोग,অন্যান্য সমর্থন,अन्य समर्थन
Tzu Chi Learning Centre - Kota Kinabalu,Other Support,info@tzuchi.my,Learning centre providing primary education for non-citizen children; run by Tzu Chi Foundation; intake by assessment/availability.,Sabah,https://www.tzuchi.my/en,+603-6256 3800,Contact Tzu Chi (Headquarters) for more detail,Contact Tzu Chi (Headquarters) for more detail,Tzu Chi Learning Centre - Kota Kinabalu,"children education, learning centre, non citizen, primary, NGO, intake required, free",Pusat Pembelajaran Tzu Chi - Kota Kinabalu,TZU CHI सिकाई केन्द्र - कोटा क्यान्बुलोउ (Tzu Chi Learning Centre - Kota Kinabalu),তজু চি লার্নিং সেন্টার - কোটা কিনাবালু (Tzu Chi Learning Centre - Kota Kinabalu),त्ज़ु ची लर्निंग सेंटर - कोटा किनाबालु (Tzu Chi Learning Centre - Kota Kinabalu),শিখন কেন্দ্র অ-নাগরিক শিশুদের জন্য প্রাথমিক শিক্ষা প্রদান; তজু চি ফাউন্ডেশন দ্বারা পরিচালিত; মূল্যায়ন/প্রাপ্যতা দ্বারা গ্রহণ।,Pusat Pembelajaran menyediakan pendidikan rendah untuk kanak-kanak bukan warganegara; dikendalikan oleh Tzu Chi Foundation; pengambilan oleh penilaian/ketersediaan.,गैर-नागरिक बच्चों के लिए प्राथमिक शिक्षा प्रदान करने वाले लर्निंग सेंटर; Tzu ची फाउंडेशन द्वारा चलाया; मूल्यांकन/उपलब्धता द्वारा सेवन।,शिक्षा केन्द्रले गैर-नागरिक बच्चाहरूको लागि प्राथमिक शिक्षा प्रदान गर्दछ; TZU CHI फाउंडेशन द्वारा चलाउनुहोस्; अन्तर्दृष्टि / उपलब्धता द्वारा itake।,"pendidikan kanak -kanak, pusat pembelajaran, bukan warganegara, primer, NGO, pengambilan diperlukan, percuma","बच्चाहरू शिक्षा, सिकाई केन्द्र, गैर नागरिक, प्राथमिक, एनजीओ, इन्टेक आवश्यक छ","শিশুদের শিক্ষা, লার্নিং সেন্টার, নন সিটিজেন, প্রাথমিক, এনজিও, গ্রহণের প্রয়োজন, বিনামূল্যে","बच्चे शिक्षा, शिक्षण केंद्र, गैर नागरिक, प्राथमिक, एनजीओ, सेवन आवश्यक, मुफ्त",Sokongan lain,अन्य सहयोग,অন্যান্য সমর্থন,अन्य समर्थन
Tzu Chi Learning Centre - Sandakan,Other Support,info@tzuchi.my,Learning centre providing primary education for non-citizen children; run by Tzu Chi Foundation; intake by assessment/availability.,Sabah,https://www.tzuchi.my/en,+603-6256 3800,Contact Tzu Chi (Headquarters) for more detail,Contact Tzu Chi (Headquarters) for more detail,Tzu Chi Learning Centre - Sandakan,"children education, learning centre, non citizen, primary, NGO, intake required, free",Pusat Pembelajaran Tzu Chi - Sandakan,TZU CHI सिकाई केन्द्र - Sandakan (Tzu Chi Learning Centre - Sandakan),তজু চি লার্নিং সেন্টার - সান্দাকান (Tzu Chi Learning Centre - Sandakan),त्ज़ु ची लर्निंग सेंटर - सैंडकन (Tzu Chi Learning Centre - Sandakan),শিখন কেন্দ্র অ-নাগরিক শিশুদের জন্য প্রাথমিক শিক্ষা প্রদান; তজু চি ফাউন্ডেশন দ্বারা পরিচালিত; মূল্যায়ন/প্রাপ্যতা দ্বারা গ্রহণ।,Pusat Pembelajaran menyediakan pendidikan rendah untuk kanak-kanak bukan warganegara; dikendalikan oleh Tzu Chi Foundation; pengambilan oleh penilaian/ketersediaan.,गैर-नागरिक बच्चों के लिए प्राथमिक शिक्षा प्रदान करने वाले लर्निंग सेंटर; Tzu ची फाउंडेशन द्वारा चलाया; मूल्यांकन/उपलब्धता द्वारा सेवन।,शिक्षा केन्द्रले गैर-नागरिक बच्चाहरूको लागि प्राथमिक शिक्षा प्रदान गर्दछ; TZU CHI फाउंडेशन द्वारा चलाउनुहोस्; अन्तर्दृष्टि / उपलब्धता द्वारा itake।,"pendidikan kanak -kanak, pusat pembelajaran, bukan warganegara, primer, NGO, pengambilan diperlukan, percuma","बच्चाहरू शिक्षा, सिकाई केन्द्र, गैर नागरिक, प्राथमिक, एनजीओ, इन्टेक आवश्यक छ","শিশুদের শিক্ষা, লার্নিং সেন্টার, নন সিটিজেন, প্রাথমিক, এনজিও, গ্রহণের প্রয়োজন, বিনামূল্যে","बच्चे शिक्षा, शिक्षण केंद्र, गैर नागरिक, प्राथमिक, एनजीओ, सेवन आवश्यक, मुफ्त",Sokongan lain,अन्य सहयोग,অন্যান্য সমর্থন,अन्य समर्थन
Tzu Chi Learning Centre - Tawau,Other Support,info@tzuchi.my,Learning centre providing primary education for non-citizen children; run by Tzu Chi Foundation; intake by assessment/availability.,Sabah,https://www.tzuchi.my/en,+603-6256 3800,Contact Tzu Chi (Headquarters) for more detail,Contact Tzu Chi (Headquarters) for more detail,Tzu Chi Learning Centre - Tawau,"children education, learning centre, non citizen, primary, NGO, intake required, free",Pusat Pembelajaran Tzu Chi - Tawau,TZU CHI SININICH केन्द्र - ताईउ (Tzu Chi Learning Centre - Tawau),Tzu chi লার্নিং সেন্টার - তাওয়াউ (Tzu Chi Learning Centre - Tawau),त्ज़ु ची लर्निंग सेंटर - तवाऊ (Tzu Chi Learning Centre - Tawau),শিখন কেন্দ্র অ-নাগরিক শিশুদের জন্য প্রাথমিক শিক্ষা প্রদান; তজু চি ফাউন্ডেশন দ্বারা পরিচালিত; মূল্যায়ন/প্রাপ্যতা দ্বারা গ্রহণ।,Pusat Pembelajaran menyediakan pendidikan rendah untuk kanak-kanak bukan warganegara; dikendalikan oleh Tzu Chi Foundation; pengambilan oleh penilaian/ketersediaan.,गैर-नागरिक बच्चों के लिए प्राथमिक शिक्षा प्रदान करने वाले लर्निंग सेंटर; Tzu ची फाउंडेशन द्वारा चलाया; मूल्यांकन/उपलब्धता द्वारा सेवन।,शिक्षा केन्द्रले गैर-नागरिक बच्चाहरूको लागि प्राथमिक शिक्षा प्रदान गर्दछ; TZU CHI फाउंडेशन द्वारा चलाउनुहोस्; अन्तर्दृष्टि / उपलब्धता द्वारा itake।,"pendidikan kanak -kanak, pusat pembelajaran, bukan warganegara, primer, NGO, pengambilan diperlukan, percuma","बच्चाहरू शिक्षा, सिकाई केन्द्र, गैर नागरिक, प्राथमिक, एनजीओ, इन्टेक आवश्यक छ","শিশুদের শিক্ষা, লার্নিং সেন্টার, নন সিটিজেন, প্রাথমিক, এনজিও, গ্রহণের প্রয়োজন, বিনামূল্যে","बच्चे शिक्षा, शिक्षण केंद्र, गैर नागरिक, प्राथमिक, एनजीओ, सेवन आवश्यक, मुफ्त",Sokongan lain,अन्य सहयोग,অন্যান্য সমর্থন,अन्य समर्थन
MERCY Malaysia Sabah Chapter ,Health & Wellbeing,mercysabahchapter02@gmail.com,"Medical relief, health-related development and outreach for vulnerable groups.",Sabah,https://www.facebook.com/mercymalaysiasabah/?locale=ms_MY,+608-8272 667,"Lot No 4, Jalan Percetakan, Off, Jalan Tuaran, 88400 Kota Kinabalu, Sabah",Monday-Friday 09:00-17:00,MERCY Malaysia Sabah Chapter ,"NGO, community health, mobile clinic, mental health, disaster relief, outreach, appointment, free",Mercy Malaysia Sabah Bab,दया मलेसिया साबह अध्याय (MERCY Malaysia Sabah Chapter),করুণা মালয়েশিয়া সাবাহ অধ্যায় (MERCY Malaysia Sabah Chapter),मर्सी मलेशिया सबा अध्याय (MERCY Malaysia Sabah Chapter),"চিকিত্সা ত্রাণ, স্বাস্থ্য সম্পর্কিত উন্নয়ন এবং দুর্বল গোষ্ঠীর জন্য প্রচার।","Pelepasan perubatan, pembangunan berkaitan kesihatan dan jangkauan untuk kumpulan yang terdedah.","कमजोर समूहों के लिए चिकित्सा राहत, स्वास्थ्य संबंधी विकास और आउटरीच।","चिकित्सा राहत, स्वास्थ्य-सम्बन्धित विकास र कमजोर समूहहरूको लागि आउट्रिच।","NGO, Kesihatan Komuniti, Klinik Mudah Alih, Kesihatan Mental, Relief Bencana, Jangkauan, Pelantikan, Percuma","एनजीओ, सामुदायिक स्वास्थ्य, मोबाइल क्लिनिक, मानसिक स्वास्थ्य, प्रकोप राहत, आउटरीच, नियुक्ति, नि: शुल्क","এনজিও, কমিউনিটি হেলথ, মোবাইল ক্লিনিক, মানসিক স্বাস্থ্য, দুর্যোগ ত্রাণ, প্রচার, অ্যাপয়েন্টমেন্ট, বিনামূল্যে","एनजीओ, सामुदायिक स्वास्थ्य, मोबाइल क्लिनिक, मानसिक स्वास्थ्य, आपदा राहत, आउटरीच, नियुक्ति, मुफ्त",Kesihatan & Kesejahteraan,स्वास्थ्य र हेलोबिंग,স্বাস্থ্য ও সুস্থতা,स्वास्थ्य और भलाई
MERCY Malaysia Sarawak Chapter ,Health & Wellbeing,info@mercy.org.my,"Medical relief, health-related development and outreach for vulnerable groups.",Sarawak,https://mercy.org.my/,+603-2142 2007,"Lorong Kota Padawan 6, Padawan, Sarawak, Malaysia",Monday-Friday 09:00-17:00,MERCY Malaysia Sarawak Chapter ,"NGO, community health, mobile clinic, mental health, disaster relief, outreach, appointment, free",Mercy Malaysia Sarawak Bab,दया मलेसिया सारवक अध्याय (MERCY Malaysia Sarawak Chapter),করুণা মালয়েশিয়া সারাওয়াক অধ্যায় (MERCY Malaysia Sarawak Chapter),मर्सी मलेशिया सरवाक अध्याय (MERCY Malaysia Sarawak Chapter),"চিকিত্সা ত্রাণ, স্বাস্থ্য সম্পর্কিত উন্নয়ন এবং দুর্বল গোষ্ঠীর জন্য প্রচার।","Pelepasan perubatan, pembangunan berkaitan kesihatan dan jangkauan untuk kumpulan yang terdedah.","कमजोर समूहों के लिए चिकित्सा राहत, स्वास्थ्य संबंधी विकास और आउटरीच।","चिकित्सा राहत, स्वास्थ्य-सम्बन्धित विकास र कमजोर समूहहरूको लागि आउट्रिच।","NGO, Kesihatan Komuniti, Klinik Mudah Alih, Kesihatan Mental, Relief Bencana, Jangkauan, Pelantikan, Percuma","एनजीओ, सामुदायिक स्वास्थ्य, मोबाइल क्लिनिक, मानसिक स्वास्थ्य, प्रकोप राहत, आउटरीच, नियुक्ति, नि: शुल्क","এনজিও, কমিউনিটি হেলথ, মোবাইল ক্লিনিক, মানসিক স্বাস্থ্য, দুর্যোগ ত্রাণ, প্রচার, অ্যাপয়েন্টমেন্ট, বিনামূল্যে","एनजीओ, सामुदायिक स्वास्थ्य, मोबाइल क्लिनिक, मानसिक स्वास्थ्य, आपदा राहत, आउटरीच, नियुक्ति, मुफ्त",Kesihatan & Kesejahteraan,स्वास्थ्य र हेलोबिंग,স্বাস্থ্য ও সুস্থতা,स्वास्थ्य और भलाई
Pertubuhan Keselamatan Sosial (PERKESO) Ibu Pejabat,Health & Wellbeing,perkeso@perkeso.gov.my,"National social security/insurance body; compensation, rehab, and support for all workers including migrants.",Kuala Lumpur Federal Territory,https://www.perkeso.gov.my,+603-4264 5000,"Menara PERKESO, 281, Jalan Ampang, 50538 Kuala Lumpur",Monday-Friday 08:00-17:00,Social Security Organisation (SOCSO) Headquarters (Pertubuhan Keselamatan Sosial (PERKESO) Ibu Pejabat),"govt, appointment, walk-in, insurance, free legal help, EN, MS, HI",Pertubuhan Keselamatan Sosial (PERKESO) Ibu Pejabat,सामाजिक सुरक्षा संगठन (सोसोज) मुख्यालय (पेरोबुहान केसेलेष्णु स्पर्श (पर्कीसो) ima peajabat) (Pertubuhan Keselamatan Sosial (PERKESO) Ibu Pejabat),সামাজিক সুরক্ষা সংস্থা (এসওসিএসও) সদর দফতর (পার্টুবুহান কেসেলামাতান সোসিয়াল (পার্কেসো) আইবু পেজাবাত) (Pertubuhan Keselamatan Sosial (PERKESO) Ibu Pejabat),सामाजिक सुरक्षा संगठन (SOCSO) मुख्यालय (Pertubuhan Keselamatan Sosial (Perkeso) Ibu Pejabat) (Pertubuhan Keselamatan Sosial (PERKESO) Ibu Pejabat),"জাতীয় সামাজিক সুরক্ষা/বীমা সংস্থা; ক্ষতিপূরণ, পুনর্বাসন এবং অভিবাসীদের সহ সমস্ত শ্রমিকের জন্য সমর্থন।","Badan Keselamatan Sosial/Insurans Kebangsaan; Pampasan, pemulihan, dan sokongan untuk semua pekerja termasuk pendatang.","राष्ट्रीय सामाजिक सुरक्षा/बीमा निकाय; प्रवासियों सहित सभी श्रमिकों के लिए मुआवजा, पुनर्वसन और समर्थन।","राष्ट्रिय सामाजिक सुरक्षा / बीमा शरीर; क्षतिपूर्ति, पुनर्वसन, र प्रवासी सहित सबै कामदारहरूको लागि समर्थन।","Kerajaan, pelantikan, berjalan kaki, insurans, bantuan undang-undang percuma, en, ms, hi","सरकार, नियुक्ति, हिँड्न, बीमा, नि: शुल्क कानूनी मद्दत, en, Ms, हाई","সরকার, অ্যাপয়েন্টমেন্ট, ওয়াক-ইন, বীমা, বিনামূল্যে আইনী সহায়তা, এন, এমএস, হাই","सरकार, नियुक्ति, वॉक-इन, बीमा, मुफ्त कानूनी सहायता, एन, एमएस, हाय",Kesihatan & Kesejahteraan,स्वास्थ्य र हेलोबिंग,স্বাস্থ্য ও সুস্থতা,स्वास्थ्य और भलाई
Pertubuhan Keselamatan Sosial (PERKESO) Selangor,Health & Wellbeing,selangor@perkeso.gov.my,SOCSO branch in Selangor for workers & migrants.,Selangor,https://www.perkeso.gov.my/en/selangor.html,+603-3341 8200,"PERKESO Building, Persiaran Sukan Section 13, 40675 Shah Alam, Selangor",Monday-Friday 08:00-17:00,Social Security Organisation (SOCSO) Selangor (Pertubuhan Keselamatan Sosial (PERKESO) Selangor),"govt, walk-in, insurance, free legal help, EN, MS, HI",Pertubuhan Keselamatan Sosial (PERKESO) Selangor,सामाजिक सुरक्षा संगठन (SUTOSO) Sealger (Pertuuuunuth Chasemathan Scosial (Perkeoso) clalgor) (Pertubuhan Keselamatan Sosial (PERKESO) Selangor),সামাজিক সুরক্ষা সংস্থা (এসওসিএসও) সেলেঙ্গর (পার্টুবুহান কেসেলামাতান সোসিয়াল (পার্কেসো) সেলেঙ্গর) (Pertubuhan Keselamatan Sosial (PERKESO) Selangor),सामाजिक सुरक्षा संगठन (SOCSO) SELANGOR (Pertubuhan Keselamatan Sosial (Perkeso) Selangor) (Pertubuhan Keselamatan Sosial (PERKESO) Selangor),শ্রমিক ও অভিবাসীদের জন্য সেলেঙ্গোরে সোসো শাখা।,Cawangan SOCSO di Selangor untuk Pekerja & Pendatang.,श्रमिकों और प्रवासियों के लिए सेलांगोर में SOCSO शाखा।,श्रमिक र प्रवासीका लागि संकुचनमा सोम हाँगाहरू।,"Kerajaan, berjalan kaki, insurans, bantuan undang-undang percuma, en, ms, hi","सरकार, हिँड्न, बीमा, नि: शुल्क कानूनी मद्दत, en, एमएस, हाई","সরকার, ওয়াক-ইন, বীমা, বিনামূল্যে আইনী সহায়তা, এন, এমএস, হাই","सरकार, वॉक-इन, बीमा, मुफ्त कानूनी सहायता, एन, एमएस, हाय",Kesihatan & Kesejahteraan,स्वास्थ्य र हेलोबिंग,স্বাস্থ্য ও সুস্থতা,स्वास्थ्य और भलाई
Pertubuhan Keselamatan Sosial (PERKESO) Sabah,Health & Wellbeing,sabah@perkeso.gov.my,Sabah branch for worker social protection for Sabah.,Sabah,https://www.perkeso.gov.my/en/sabah.html,+608-8253 622,"Jalan Kolam, Luyang Commercial Centre, 88300 Kota Kinabalu, Sabah",Monday-Friday 08:00-17:00,Social Security Organisation (SOCSO) Sabah (Pertubuhan Keselamatan Sosial (PERKESO) Sabah),"govt, walk-in, insurance, free legal help, EN, MS, HI",Pertubuhan Keselamatan Sosial (PERKESO) Sabah,सामाजिक सुरक्षा संगठन (बिड) Sabah (पेरोबहाउन केसलमपन (पर्खनुहोस्) Sabah) (Pertubuhan Keselamatan Sosial (PERKESO) Sabah),সামাজিক সুরক্ষা সংস্থা (সোসো) সাবাহ (পার্টুবুহান কেসেলামাতান সোসিয়াল (পার্কেসো) সাবাহ) (Pertubuhan Keselamatan Sosial (PERKESO) Sabah),सोशल सिक्योरिटी ऑर्गनाइजेशन (SOCSO) सबा (पर्टुबुहान केसेलमतन सोसियल (पर्केसो) सबा) (Pertubuhan Keselamatan Sosial (PERKESO) Sabah),সাবাহের জন্য শ্রমিক সামাজিক সুরক্ষার জন্য সাবাহ শাখা।,Cawangan Sabah untuk Perlindungan Sosial Pekerja untuk Sabah.,सबा के लिए सबा शाखा सबा के लिए सामाजिक सुरक्षा।,साबह शाखाले सबहको लागि काम गर्ने सामाजिक संरक्षणको लागि सामाजिक संरक्षणको लागि।,"Kerajaan, berjalan kaki, insurans, bantuan undang-undang percuma, en, ms, hi","सरकार, हिँड्न, बीमा, नि: शुल्क कानूनी मद्दत, en, एमएस, हाई","সরকার, ওয়াক-ইন, বীমা, বিনামূল্যে আইনী সহায়তা, এন, এমএস, হাই","सरकार, वॉक-इन, बीमा, मुफ्त कानूनी सहायता, एन, एमएस, हाय",Kesihatan & Kesejahteraan,स्वास्थ्य र हेलोबिंग,স্বাস্থ্য ও সুস্থতা,स्वास्थ्य और भलाई
Jabatan Keselamatan dan Kesihatan Pekerjaan (JKKP) Ibu Pejabat,Health & Wellbeing,projkkp@mohr.gov.my,"Occupational safety & health, workplace complaints",Putrajaya Federal Territory,https://dosh.gov.my/,+603 8000 8000,"Aras 1, 3, 4 & 5, Setia Perkasa 4, Kompleks Setia Perkasa, Pusat Pentadbiran Kerajaan Persekutuan, 62530 W. P. Putrajaya",Monday-Thursday 08:00-13:00 and 14:00-17:00; Friday 08:00-12:15 and 14:45-17:00,Department of Occupational Safety & Health (DOSH) Headquarters (Jabatan Keselamatan dan Kesihatan Pekerjaan (JKKP) Ibu Pejabat),"govt, appointment, walk-in, EN, MS",Jabatan Keselamatan dan Kesihatan Pekerjaan (JKKP) Ibu Pejabat,व्यावसायिक सुरक्षा र स्वास्थ्य (DOSH) मुख्यालय (Dosh) मुख्यालय (जागातान केसलाउट डान केफेनन perchajaan (JKKP) ITB पीराबाट) (Jabatan Keselamatan dan Kesihatan Pekerjaan (JKKP) Ibu Pejabat),পেশাগত সুরক্ষা ও স্বাস্থ্য বিভাগ (ডিওএসএইচ) সদর দফতর (জাবাতান কেসেলামাতান ড্যান কেসিহাতান পেজারজান (জে কেকেপি) আইবু পেজাবাত) (Jabatan Keselamatan dan Kesihatan Pekerjaan (JKKP) Ibu Pejabat),व्यावसायिक सुरक्षा और स्वास्थ्य विभाग (DOSH) मुख्यालय (Jabatan Keselamatan Dan Kesihatan Pekerjaan (JKKP) इबु पेजबत) (Jabatan Keselamatan dan Kesihatan Pekerjaan (JKKP) Ibu Pejabat),"পেশাগত সুরক্ষা এবং স্বাস্থ্য, কর্মক্ষেত্রের অভিযোগ","Keselamatan & Kesihatan Pekerjaan, Aduan Tempat Kerja","व्यावसायिक सुरक्षा और स्वास्थ्य, कार्यस्थल की शिकायतें","व्यावसायिक सुरक्षा र स्वास्थ्य, कार्यस्थल गुनासोहरू","Kerajaan, pelantikan, berjalan kaki, en, MS","सरकार, अपोइन्टमेन्ट, हिँड्न, एन्स, एमएस","সরকার, অ্যাপয়েন্টমেন্ট, ওয়াক-ইন, এন, এমএস","सरकार, नियुक्ति, वॉक-इन, एन, एमएस",Kesihatan & Kesejahteraan,स्वास्थ्य र हेलोबिंग,স্বাস্থ্য ও সুস্থতা,स्वास्थ्य और भलाई
Jabatan Keselamatan dan Kesihatan Pekerjaan (JKKP) Selangor,Health & Wellbeing,projkkp@mohr.gov.my,"Occupational safety & health, workplace complaints",Selangor,https://dosh.gov.my/,+603-5623 6400,"No. 1, Jalan Meru Susur 1, 41050 Klang, Selangor",Monday-Saturday 09:00-18:00,Department of Occupational Safety & Health (DOSH) Selangor (Jabatan Keselamatan dan Kesihatan Pekerjaan (JKKP) Selangor),,Jabatan Keselamatan dan Kesihatan Pekerjaan (JKKP) Selangor,व्यावसायिक सुरक्षा र स्वास्थ्यको विभाग (DOSH) carlangor (Jabatan Chasemaatan Dankhatan dechajaan (JKKP) claalgor) (Jabatan Keselamatan dan Kesihatan Pekerjaan (JKKP) Selangor),পেশাগত সুরক্ষা ও স্বাস্থ্য বিভাগ (ডিওএসএইচ) সেলেঙ্গর (জাবাতান কেসেলামাতান ড্যান কেসিহাতান পেজারজান (জে কেকেপি) সেলেঙ্গর) (Jabatan Keselamatan dan Kesihatan Pekerjaan (JKKP) Selangor),व्यावसायिक सुरक्षा और स्वास्थ्य विभाग (DOSH) SELANGOR (JABATAN KESELAMATAN DAN KESIHATAN PEKERJAN (JKKP) SELANGOR) (Jabatan Keselamatan dan Kesihatan Pekerjaan (JKKP) Selangor),"পেশাগত সুরক্ষা এবং স্বাস্থ্য, কর্মক্ষেত্রের অভিযোগ","Keselamatan & Kesihatan Pekerjaan, Aduan Tempat Kerja","व्यावसायिक सुरक्षा और स्वास्थ्य, कार्यस्थल की शिकायतें","व्यावसायिक सुरक्षा र स्वास्थ्य, कार्यस्थल गुनासोहरू",,,,,Kesihatan & Kesejahteraan,स्वास्थ्य र हेलोबिंग,স্বাস্থ্য ও সুস্থতা,स्वास्थ्य और भलाई
Jabatan Keselamatan dan Kesihatan Pekerjaan (JKKP) Sabah,Health & Wellbeing,projkkp@mohr.gov.my,"Occupational safety & health, workplace complaints",Sabah,https://dosh.gov.my/,+608-8236 611,"Wisma Perindustrian, Jalan Istiadat, 88400 Kota Kinabalu, Sabah",Monday-Saturday 08:00-17:00,Department of Occupational Safety & Health (DOSH) Sabah (Jabatan Keselamatan dan Kesihatan Pekerjaan (JKKP) Sabah),,Jabatan Keselamatan dan Kesihatan Pekerjaan (JKKP) Sabah,व्यावसायिक सुरक्षा र स्वास्थ्य (dosh) विश्राम (Jabantan) sabaahan dankhatan deasihanta perchjaan (JKKP) Sakhah) (Jabatan Keselamatan dan Kesihatan Pekerjaan (JKKP) Sabah),পেশাগত সুরক্ষা ও স্বাস্থ্য বিভাগ (দোশ) সাবাহ (জাবাতান কেসেলামাতান ড্যান কেসিহাতান পেজারজান (জে কেকেপি) সাবাহ) (Jabatan Keselamatan dan Kesihatan Pekerjaan (JKKP) Sabah),व्यावसायिक सुरक्षा और स्वास्थ्य विभाग (DOSH) सबा (JABATAN KESELAMATAN DAN KESIHATAN PEKERJAN (JKKP) सबा) (Jabatan Keselamatan dan Kesihatan Pekerjaan (JKKP) Sabah),"পেশাগত সুরক্ষা এবং স্বাস্থ্য, কর্মক্ষেত্রের অভিযোগ","Keselamatan & Kesihatan Pekerjaan, Aduan Tempat Kerja","व्यावसायिक सुरक्षा और स्वास्थ्य, कार्यस्थल की शिकायतें","व्यावसायिक सुरक्षा र स्वास्थ्य, कार्यस्थल गुनासोहरू",,,,,Kesihatan & Kesejahteraan,स्वास्थ्य र हेलोबिंग,স্বাস্থ্য ও সুস্থতা,स्वास्थ्य और भलाई
Malaysian Trades Union Congress (MTUC) Headquarters,Legal Aid,sgmtuc@gmail.com,"National trade union centre advocating for workers' rights, minimum wage, fair workweeks, labour law reforms, and union organizing. Provides support for migrant workers, retrenched workers, and promotes safer workplaces nationwide.  ",Selangor,https://mtuc.org.my/,+603-8024 2953,"10-5, 10-5, Jalan USJ 9/5t, Subang Business Centre, 47620 Subang Jaya, Selangor",Monday-Friday 09:00-17:00,Malaysian Trades Union Congress (MTUC) Headquarters,"NGO, union, advocacy, labour rights, legal aid, worker protection, free",Ibu Pejabat Kongres Kesatuan Perdagangan Malaysia (MTUC),मलेशियन ट्रेडियन युनियन एमिग्रेड (MTUC) मुख्यालय (Malaysian Trades Union Congress (MTUC) Headquarters),মালয়েশিয়ার ট্রেডস ইউনিয়ন কংগ্রেস (এমটিইউসি) সদর দফতর (Malaysian Trades Union Congress (MTUC) Headquarters),मलेशियाई ट्रेड्स यूनियन कांग्रेस (MTUC) मुख्यालय (Malaysian Trades Union Congress (MTUC) Headquarters),"জাতীয় ট্রেড ইউনিয়ন কেন্দ্র শ্রমিকদের অধিকার, ন্যূনতম মজুরি, ন্যায্য ওয়ার্কউইকস, শ্রম আইন সংস্কার এবং ইউনিয়ন সংগঠনের পক্ষে পরামর্শ দিচ্ছেন। অভিবাসী শ্রমিক, রিটার্নড শ্রমিকদের জন্য সহায়তা সরবরাহ করে এবং দেশব্যাপী নিরাপদ কর্মক্ষেত্র প্রচার করে।","Pusat Kesatuan Perdagangan Kebangsaan yang menyokong hak pekerja, upah minimum, kerja kerja yang adil, pembaharuan undang -undang buruh, dan penganjuran kesatuan. Memberi sokongan kepada pekerja asing, pekerja yang diberhentikan, dan menggalakkan tempat kerja yang lebih selamat di seluruh negara.","नेशनल ट्रेड यूनियन सेंटर श्रमिकों के अधिकारों, न्यूनतम मजदूरी, निष्पक्ष वर्कवेक, श्रम कानून सुधार और संघ के आयोजन की वकालत कर रहा है। प्रवासी श्रमिकों के लिए सहायता प्रदान करता है, श्रमिकों को हटाता है, और राष्ट्रव्यापी सुरक्षित कार्यस्थलों को बढ़ावा देता है।","राष्ट्रिय ट्रेड युनियन कमाउन मजदुरहरूको अधिकार, न्यूनतम ज्याला, निष्पक्ष कार्यक्षेत्र, श्रम कानून सुधार र संघ आयोजना गर्दै। प्रवासी कामदारहरू, प्रतिवेदन मजदुरहरू, र देशभरि सुरक्षित कार्यस्थलहरूको समर्थन प्रदान गर्दछ।","NGO, Kesatuan, Advokasi, Hak Buruh, Bantuan Undang -Undang, Perlindungan Pekerja, Percuma","एनजीओ, युनियन, वकालत, श्रम अधिकार, कानूनी सहायता, कामदार संरक्षण, नि: शुल्क","এনজিও, ইউনিয়ন, অ্যাডভোকেসি, শ্রম অধিকার, আইনী সহায়তা, শ্রমিক সুরক্ষা, বিনামূল্যে","एनजीओ, संघ, वकालत, श्रम अधिकार, कानूनी सहायता, कार्यकर्ता संरक्षण, मुक्त",Bantuan undang -undang,कानुनी सहायता,আইনী সহায়তা,वैध सहायता
Malaysian Trades Union Congress (MTUC) Penang,Legal Aid,kveeriah@hotmail.com,"National trade union centre advocating for workers' rights, minimum wage, fair workweeks, labour law reforms, and union organizing. Provides support for migrant workers, retrenched workers, and promotes safer workplaces nationwide.  ",Penang,https://mtuc.org.my/,+6019-477 6437,"2965, Jalan Perai Utama 1, Taman Perai Utama, 13600 Perai, Pulau Pinang",Monday-Saturday 09:00-05:00,Malaysian Trades Union Congress (MTUC) Penang,"NGO, union, advocacy, labour rights, legal aid, worker protection, free",Kongres Kesatuan Perdagangan Malaysia (MTUC) Pulau Pinang,मलेशियन ट्रेडियन यूनियन एमिग्रेन्स (MTUC) PTANG (Malaysian Trades Union Congress (MTUC) Penang),মালয়েশিয়ার ট্রেডস ইউনিয়ন কংগ্রেস (এমটিইউসি) পেনাং (Malaysian Trades Union Congress (MTUC) Penang),मलेशियाई ट्रेड्स यूनियन कांग्रेस (MTUC) पेनांग (Malaysian Trades Union Congress (MTUC) Penang),"জাতীয় ট্রেড ইউনিয়ন কেন্দ্র শ্রমিকদের অধিকার, ন্যূনতম মজুরি, ন্যায্য ওয়ার্কউইকস, শ্রম আইন সংস্কার এবং ইউনিয়ন সংগঠনের পক্ষে পরামর্শ দিচ্ছেন। অভিবাসী শ্রমিক, রিটার্নড শ্রমিকদের জন্য সহায়তা সরবরাহ করে এবং দেশব্যাপী নিরাপদ কর্মক্ষেত্র প্রচার করে।","Pusat Kesatuan Perdagangan Kebangsaan yang menyokong hak pekerja, upah minimum, kerja kerja yang adil, pembaharuan undang -undang buruh, dan penganjuran kesatuan. Memberi sokongan kepada pekerja asing, pekerja yang diberhentikan, dan menggalakkan tempat kerja yang lebih selamat di seluruh negara.","नेशनल ट्रेड यूनियन सेंटर श्रमिकों के अधिकारों, न्यूनतम मजदूरी, निष्पक्ष वर्कवेक, श्रम कानून सुधार और संघ के आयोजन की वकालत कर रहा है। प्रवासी श्रमिकों के लिए सहायता प्रदान करता है, श्रमिकों को हटाता है, और राष्ट्रव्यापी सुरक्षित कार्यस्थलों को बढ़ावा देता है।","राष्ट्रिय ट्रेड युनियन कमाउन मजदुरहरूको अधिकार, न्यूनतम ज्याला, निष्पक्ष कार्यक्षेत्र, श्रम कानून सुधार र संघ आयोजना गर्दै। प्रवासी कामदारहरू, प्रतिवेदन मजदुरहरू, र देशभरि सुरक्षित कार्यस्थलहरूको समर्थन प्रदान गर्दछ।","NGO, Kesatuan, Advokasi, Hak Buruh, Bantuan Undang -Undang, Perlindungan Pekerja, Percuma","एनजीओ, युनियन, वकालत, श्रम अधिकार, कानूनी सहायता, कामदार संरक्षण, नि: शुल्क","এনজিও, ইউনিয়ন, অ্যাডভোকেসি, শ্রম অধিকার, আইনী সহায়তা, শ্রমিক সুরক্ষা, বিনামূল্যে","एनजीओ, संघ, वकालत, श्रम अधिकार, कानूनी सहायता, कार्यकर्ता संरक्षण, मुक्त",Bantuan undang -undang,कानुनी सहायता,আইনী সহায়তা,वैध सहायता
Malaysian Trades Union Congress (MTUC) Johor,Legal Aid,mteh1963@gmail.com,"National trade union centre advocating for workers' rights, minimum wage, fair workweeks, labour law reforms, and union organizing. Provides support for migrant workers, retrenched workers, and promotes safer workplaces nationwide.  ",Johor,https://mtuc.org.my/,+607-224 4233,"No. 49, Jalan Sri Bahagia, Johor Bahru Johor, 81200","No information available, contact for more detail",Malaysian Trades Union Congress (MTUC) Johor,"NGO, union, advocacy, labour rights, legal aid, worker protection, free",Kongres Kesatuan Perdagangan Malaysia (MTUC) Johor,मलेशियन ट्रेडियन युनियन युनियन Congress (MTUC) जोहि (Malaysian Trades Union Congress (MTUC) Johor),মালয়েশিয়ার ট্রেডস ইউনিয়ন কংগ্রেস (এমটিইউসি) জোহর (Malaysian Trades Union Congress (MTUC) Johor),मलेशियाई ट्रेड्स यूनियन कांग्रेस (MTUC) जोहोर (Malaysian Trades Union Congress (MTUC) Johor),"জাতীয় ট্রেড ইউনিয়ন কেন্দ্র শ্রমিকদের অধিকার, ন্যূনতম মজুরি, ন্যায্য ওয়ার্কউইকস, শ্রম আইন সংস্কার এবং ইউনিয়ন সংগঠনের পক্ষে পরামর্শ দিচ্ছেন। অভিবাসী শ্রমিক, রিটার্নড শ্রমিকদের জন্য সহায়তা সরবরাহ করে এবং দেশব্যাপী নিরাপদ কর্মক্ষেত্র প্রচার করে।","Pusat Kesatuan Perdagangan Kebangsaan yang menyokong hak pekerja, upah minimum, kerja kerja yang adil, pembaharuan undang -undang buruh, dan penganjuran kesatuan. Memberi sokongan kepada pekerja asing, pekerja yang diberhentikan, dan menggalakkan tempat kerja yang lebih selamat di seluruh negara.","नेशनल ट्रेड यूनियन सेंटर श्रमिकों के अधिकारों, न्यूनतम मजदूरी, निष्पक्ष वर्कवेक, श्रम कानून सुधार और संघ के आयोजन की वकालत कर रहा है। प्रवासी श्रमिकों के लिए सहायता प्रदान करता है, श्रमिकों को हटाता है, और राष्ट्रव्यापी सुरक्षित कार्यस्थलों को बढ़ावा देता है।","राष्ट्रिय ट्रेड युनियन कमाउन मजदुरहरूको अधिकार, न्यूनतम ज्याला, निष्पक्ष कार्यक्षेत्र, श्रम कानून सुधार र संघ आयोजना गर्दै। प्रवासी कामदारहरू, प्रतिवेदन मजदुरहरू, र देशभरि सुरक्षित कार्यस्थलहरूको समर्थन प्रदान गर्दछ।","NGO, Kesatuan, Advokasi, Hak Buruh, Bantuan Undang -Undang, Perlindungan Pekerja, Percuma","एनजीओ, युनियन, वकालत, श्रम अधिकार, कानूनी सहायता, कामदार संरक्षण, नि: शुल्क","এনজিও, ইউনিয়ন, অ্যাডভোকেসি, শ্রম অধিকার, আইনী সহায়তা, শ্রমিক সুরক্ষা, বিনামূল্যে","एनजीओ, संघ, वकालत, श्रम अधिकार, कानूनी सहायता, कार्यकर्ता संरक्षण, मुक्त",Bantuan undang -undang,कानुनी सहायता,আইনী সহায়তা,वैध सहायता
Malaysian Trades Union Congress (MTUC) Kedah,Legal Aid,zamri.midah@gmail.com,"National trade union centre advocating for workers' rights, minimum wage, fair workweeks, labour law reforms, and union organizing. Provides support for migrant workers, retrenched workers, and promotes safer workplaces nationwide.  ",Kedah,https://mtuc.org.my/,+6012-539 8475,"D/A 161 & 162, Tingkat 1, Susuran Sultan Abdul Hamid 8, Kompleks Perniagaan Sultan, Abdul Hamid Fasa 2, Persiaran Sultan Abdul Hamid, 05050 Alor Star, Kedah","No information available, contact for more detail",Malaysian Trades Union Congress (MTUC) Kedah,"NGO, union, advocacy, labour rights, legal aid, worker protection, free",Kongres Kesatuan Perdagangan Malaysia (MTUC) Kedah,मलेशियन ट्रेडियन युनियन एमिग्रेन्स (MTUC) k केक (Malaysian Trades Union Congress (MTUC) Kedah),মালয়েশিয়ার ট্রেডস ইউনিয়ন কংগ্রেস (এমটিইউসি) কেদা (Malaysian Trades Union Congress (MTUC) Kedah),मलेशियाई ट्रेड्स यूनियन कांग्रेस (MTUC) केदाह (Malaysian Trades Union Congress (MTUC) Kedah),"জাতীয় ট্রেড ইউনিয়ন কেন্দ্র শ্রমিকদের অধিকার, ন্যূনতম মজুরি, ন্যায্য ওয়ার্কউইকস, শ্রম আইন সংস্কার এবং ইউনিয়ন সংগঠনের পক্ষে পরামর্শ দিচ্ছেন। অভিবাসী শ্রমিক, রিটার্নড শ্রমিকদের জন্য সহায়তা সরবরাহ করে এবং দেশব্যাপী নিরাপদ কর্মক্ষেত্র প্রচার করে।","Pusat Kesatuan Perdagangan Kebangsaan yang menyokong hak pekerja, upah minimum, kerja kerja yang adil, pembaharuan undang -undang buruh, dan penganjuran kesatuan. Memberi sokongan kepada pekerja asing, pekerja yang diberhentikan, dan menggalakkan tempat kerja yang lebih selamat di seluruh negara.","नेशनल ट्रेड यूनियन सेंटर श्रमिकों के अधिकारों, न्यूनतम मजदूरी, निष्पक्ष वर्कवेक, श्रम कानून सुधार और संघ के आयोजन की वकालत कर रहा है। प्रवासी श्रमिकों के लिए सहायता प्रदान करता है, श्रमिकों को हटाता है, और राष्ट्रव्यापी सुरक्षित कार्यस्थलों को बढ़ावा देता है।","राष्ट्रिय ट्रेड युनियन कमाउन मजदुरहरूको अधिकार, न्यूनतम ज्याला, निष्पक्ष कार्यक्षेत्र, श्रम कानून सुधार र संघ आयोजना गर्दै। प्रवासी कामदारहरू, प्रतिवेदन मजदुरहरू, र देशभरि सुरक्षित कार्यस्थलहरूको समर्थन प्रदान गर्दछ।","NGO, Kesatuan, Advokasi, Hak Buruh, Bantuan Undang -Undang, Perlindungan Pekerja, Percuma","एनजीओ, युनियन, वकालत, श्रम अधिकार, कानूनी सहायता, कामदार संरक्षण, नि: शुल्क","এনজিও, ইউনিয়ন, অ্যাডভোকেসি, শ্রম অধিকার, আইনী সহায়তা, শ্রমিক সুরক্ষা, বিনামূল্যে","एनजीओ, संघ, वकालत, श्रम अधिकार, कानूनी सहायता, कार्यकर्ता संरक्षण, मुक्त",Bantuan undang -undang,कानुनी सहायता,আইনী সহায়তা,वैध सहायता
Malaysian Trades Union Congress (MTUC) Perak,Legal Aid,arfadzil58@yahoo.com,"National trade union centre advocating for workers' rights, minimum wage, fair workweeks, labour law reforms, and union organizing. Provides support for migrant workers, retrenched workers, and promotes safer workplaces nationwide.  ",Perak,https://mtuc.org.my/,+605-292 3758,"20A, Jalan Klebang Utama 1, Taman Klebang Utama, 31200 Chemor, Perak","No information available, contact for more detail",Malaysian Trades Union Congress (MTUC) Perak,"NGO, union, advocacy, labour rights, legal aid, worker protection, free",Kongres Kesatuan Perdagangan Malaysia (MTUC) Perak,मलेशियन ट्रेडियन युनियन युनियन Commbrams (MTUC) PRAK (Malaysian Trades Union Congress (MTUC) Perak),মালয়েশিয়ার ট্রেডস ইউনিয়ন কংগ্রেস (এমটিইউসি) পেরাক (Malaysian Trades Union Congress (MTUC) Perak),मलेशियाई ट्रेड्स यूनियन कांग्रेस (MTUC) पेरक (Malaysian Trades Union Congress (MTUC) Perak),"জাতীয় ট্রেড ইউনিয়ন কেন্দ্র শ্রমিকদের অধিকার, ন্যূনতম মজুরি, ন্যায্য ওয়ার্কউইকস, শ্রম আইন সংস্কার এবং ইউনিয়ন সংগঠনের পক্ষে পরামর্শ দিচ্ছেন। অভিবাসী শ্রমিক, রিটার্নড শ্রমিকদের জন্য সহায়তা সরবরাহ করে এবং দেশব্যাপী নিরাপদ কর্মক্ষেত্র প্রচার করে।","Pusat Kesatuan Perdagangan Kebangsaan yang menyokong hak pekerja, upah minimum, kerja kerja yang adil, pembaharuan undang -undang buruh, dan penganjuran kesatuan. Memberi sokongan kepada pekerja asing, pekerja yang diberhentikan, dan menggalakkan tempat kerja yang lebih selamat di seluruh negara.","नेशनल ट्रेड यूनियन सेंटर श्रमिकों के अधिकारों, न्यूनतम मजदूरी, निष्पक्ष वर्कवेक, श्रम कानून सुधार और संघ के आयोजन की वकालत कर रहा है। प्रवासी श्रमिकों के लिए सहायता प्रदान करता है, श्रमिकों को हटाता है, और राष्ट्रव्यापी सुरक्षित कार्यस्थलों को बढ़ावा देता है।","राष्ट्रिय ट्रेड युनियन कमाउन मजदुरहरूको अधिकार, न्यूनतम ज्याला, निष्पक्ष कार्यक्षेत्र, श्रम कानून सुधार र संघ आयोजना गर्दै। प्रवासी कामदारहरू, प्रतिवेदन मजदुरहरू, र देशभरि सुरक्षित कार्यस्थलहरूको समर्थन प्रदान गर्दछ।","NGO, Kesatuan, Advokasi, Hak Buruh, Bantuan Undang -Undang, Perlindungan Pekerja, Percuma","एनजीओ, युनियन, वकालत, श्रम अधिकार, कानूनी सहायता, कामदार संरक्षण, नि: शुल्क","এনজিও, ইউনিয়ন, অ্যাডভোকেসি, শ্রম অধিকার, আইনী সহায়তা, শ্রমিক সুরক্ষা, বিনামূল্যে","एनजीओ, संघ, वकालत, श्रम अधिकार, कानूनी सहायता, कार्यकर्ता संरक्षण, मुक्त",Bantuan undang -undang,कानुनी सहायता,আইনী সহায়তা,वैध सहायता
Malaysian Trades Union Congress (MTUC) Sabah,Legal Aid,awangali.ahmad@yahoo.com,"National trade union centre advocating for workers' rights, minimum wage, fair workweeks, labour law reforms, and union organizing. Provides support for migrant workers, retrenched workers, and promotes safer workplaces nationwide.  ",Sabah,https://mtuc.org.my/,+6013-851 2436,"3rd Floor, Block C, Lot No.19, Lintas Square, Jln Lintas, 88300 Kota Kinabalu, Sabah","No information available, contact for more detail",Malaysian Trades Union Congress (MTUC) Sabah,"NGO, union, advocacy, labour rights, legal aid, worker protection, free",Kongres Kesatuan Perdagangan Malaysia (MTUC) Sabah,मलेशियन ट्रेडियन युनियन एमिग्रेन्स (MTUC) Sabah (Malaysian Trades Union Congress (MTUC) Sabah),মালয়েশিয়ার ট্রেডস ইউনিয়ন কংগ্রেস (এমটিইউসি) সাবাহ (Malaysian Trades Union Congress (MTUC) Sabah),मलेशियाई ट्रेड्स यूनियन कांग्रेस (MTUC) सबा (Malaysian Trades Union Congress (MTUC) Sabah),"জাতীয় ট্রেড ইউনিয়ন কেন্দ্র শ্রমিকদের অধিকার, ন্যূনতম মজুরি, ন্যায্য ওয়ার্কউইকস, শ্রম আইন সংস্কার এবং ইউনিয়ন সংগঠনের পক্ষে পরামর্শ দিচ্ছেন। অভিবাসী শ্রমিক, রিটার্নড শ্রমিকদের জন্য সহায়তা সরবরাহ করে এবং দেশব্যাপী নিরাপদ কর্মক্ষেত্র প্রচার করে।","Pusat Kesatuan Perdagangan Kebangsaan yang menyokong hak pekerja, upah minimum, kerja kerja yang adil, pembaharuan undang -undang buruh, dan penganjuran kesatuan. Memberi sokongan kepada pekerja asing, pekerja yang diberhentikan, dan menggalakkan tempat kerja yang lebih selamat di seluruh negara.","नेशनल ट्रेड यूनियन सेंटर श्रमिकों के अधिकारों, न्यूनतम मजदूरी, निष्पक्ष वर्कवेक, श्रम कानून सुधार और संघ के आयोजन की वकालत कर रहा है। प्रवासी श्रमिकों के लिए सहायता प्रदान करता है, श्रमिकों को हटाता है, और राष्ट्रव्यापी सुरक्षित कार्यस्थलों को बढ़ावा देता है।","राष्ट्रिय ट्रेड युनियन कमाउन मजदुरहरूको अधिकार, न्यूनतम ज्याला, निष्पक्ष कार्यक्षेत्र, श्रम कानून सुधार र संघ आयोजना गर्दै। प्रवासी कामदारहरू, प्रतिवेदन मजदुरहरू, र देशभरि सुरक्षित कार्यस्थलहरूको समर्थन प्रदान गर्दछ।","NGO, Kesatuan, Advokasi, Hak Buruh, Bantuan Undang -Undang, Perlindungan Pekerja, Percuma","एनजीओ, युनियन, वकालत, श्रम अधिकार, कानूनी सहायता, कामदार संरक्षण, नि: शुल्क","এনজিও, ইউনিয়ন, অ্যাডভোকেসি, শ্রম অধিকার, আইনী সহায়তা, শ্রমিক সুরক্ষা, বিনামূল্যে","एनजीओ, संघ, वकालत, श्रम अधिकार, कानूनी सहायता, कार्यकर्ता संरक्षण, मुक्त",Bantuan undang -undang,कानुनी सहायता,আইনী সহায়তা,वैध सहायता
Malaysian Trades Union Congress (MTUC) Sarawak,Legal Aid,utesswk@streamyx.com,"National trade union centre advocating for workers' rights, minimum wage, fair workweeks, labour law reforms, and union organizing. Provides support for migrant workers, retrenched workers, and promotes safer workplaces nationwide.  ",Sarawak,https://mtuc.org.my/,+6019-485 3488,"Suite 6.22 & 7, Lot 3005 22, Q3A, Hock Kui Commercial Centre, 93150 Kuching, Sarawak",Monday-Friday 08:00-17:00,Malaysian Trades Union Congress (MTUC) Sarawak,"NGO, union, advocacy, labour rights, legal aid, worker protection, free",Kongres Kesatuan Perdagangan Malaysia (MTUC) Sarawak,मलेशियन ट्रेडियन युनियन युनियन Congress (MTUC) सारवक (Malaysian Trades Union Congress (MTUC) Sarawak),মালয়েশিয়ার ট্রেডস ইউনিয়ন কংগ্রেস (এমটিইউসি) সারাওয়াক (Malaysian Trades Union Congress (MTUC) Sarawak),मलेशियाई ट्रेड्स यूनियन कांग्रेस (MTUC) सरवाक (Malaysian Trades Union Congress (MTUC) Sarawak),"জাতীয় ট্রেড ইউনিয়ন কেন্দ্র শ্রমিকদের অধিকার, ন্যূনতম মজুরি, ন্যায্য ওয়ার্কউইকস, শ্রম আইন সংস্কার এবং ইউনিয়ন সংগঠনের পক্ষে পরামর্শ দিচ্ছেন। অভিবাসী শ্রমিক, রিটার্নড শ্রমিকদের জন্য সহায়তা সরবরাহ করে এবং দেশব্যাপী নিরাপদ কর্মক্ষেত্র প্রচার করে।","Pusat Kesatuan Perdagangan Kebangsaan yang menyokong hak pekerja, upah minimum, kerja kerja yang adil, pembaharuan undang -undang buruh, dan penganjuran kesatuan. Memberi sokongan kepada pekerja asing, pekerja yang diberhentikan, dan menggalakkan tempat kerja yang lebih selamat di seluruh negara.","नेशनल ट्रेड यूनियन सेंटर श्रमिकों के अधिकारों, न्यूनतम मजदूरी, निष्पक्ष वर्कवेक, श्रम कानून सुधार और संघ के आयोजन की वकालत कर रहा है। प्रवासी श्रमिकों के लिए सहायता प्रदान करता है, श्रमिकों को हटाता है, और राष्ट्रव्यापी सुरक्षित कार्यस्थलों को बढ़ावा देता है।","राष्ट्रिय ट्रेड युनियन कमाउन मजदुरहरूको अधिकार, न्यूनतम ज्याला, निष्पक्ष कार्यक्षेत्र, श्रम कानून सुधार र संघ आयोजना गर्दै। प्रवासी कामदारहरू, प्रतिवेदन मजदुरहरू, र देशभरि सुरक्षित कार्यस्थलहरूको समर्थन प्रदान गर्दछ।","NGO, Kesatuan, Advokasi, Hak Buruh, Bantuan Undang -Undang, Perlindungan Pekerja, Percuma","एनजीओ, युनियन, वकालत, श्रम अधिकार, कानूनी सहायता, कामदार संरक्षण, नि: शुल्क","এনজিও, ইউনিয়ন, অ্যাডভোকেসি, শ্রম অধিকার, আইনী সহায়তা, শ্রমিক সুরক্ষা, বিনামূল্যে","एनजीओ, संघ, वकालत, श्रम अधिकार, कानूनी सहायता, कार्यकर्ता संरक्षण, मुक्त",Bantuan undang -undang,कानुनी सहायता,আইনী সহায়তা,वैध सहायता
Malaysian Trades Union Congress (MTUC) Selangor,Legal Aid,sgmtuc@gmail.com.com,"National trade union centre advocating for workers' rights, minimum wage, fair workweeks, labour law reforms, and union organizing. Provides support for migrant workers, retrenched workers, and promotes safer workplaces nationwide.  ",Selangor,https://mtuc.org.my/,+603-8024 2953,"10-5, 10-5, Jalan USJ 9/5t, Subang Business Centre, 47620 Subang Jaya, Selangor",Monday-Friday 09:00-17:00,Malaysian Trades Union Congress (MTUC) Selangor,"NGO, union, advocacy, labour rights, legal aid, worker protection, free",Kongres Kesatuan Perdagangan Malaysia (MTUC) Selangor,मलेशियन ट्रेडियन यूनियन एमिग्रेमेन्ट (MTUC) Sealgor (Malaysian Trades Union Congress (MTUC) Selangor),মালয়েশিয়ার ট্রেডস ইউনিয়ন কংগ্রেস (এমটিইউসি) সেলেঙ্গর (Malaysian Trades Union Congress (MTUC) Selangor),मलेशियाई ट्रेड्स यूनियन कांग्रेस (MTUC) सेलांगोर (Malaysian Trades Union Congress (MTUC) Selangor),"জাতীয় ট্রেড ইউনিয়ন কেন্দ্র শ্রমিকদের অধিকার, ন্যূনতম মজুরি, ন্যায্য ওয়ার্কউইকস, শ্রম আইন সংস্কার এবং ইউনিয়ন সংগঠনের পক্ষে পরামর্শ দিচ্ছেন। অভিবাসী শ্রমিক, রিটার্নড শ্রমিকদের জন্য সহায়তা সরবরাহ করে এবং দেশব্যাপী নিরাপদ কর্মক্ষেত্র প্রচার করে।","Pusat Kesatuan Perdagangan Kebangsaan yang menyokong hak pekerja, upah minimum, kerja kerja yang adil, pembaharuan undang -undang buruh, dan penganjuran kesatuan. Memberi sokongan kepada pekerja asing, pekerja yang diberhentikan, dan menggalakkan tempat kerja yang lebih selamat di seluruh negara.","नेशनल ट्रेड यूनियन सेंटर श्रमिकों के अधिकारों, न्यूनतम मजदूरी, निष्पक्ष वर्कवेक, श्रम कानून सुधार और संघ के आयोजन की वकालत कर रहा है। प्रवासी श्रमिकों के लिए सहायता प्रदान करता है, श्रमिकों को हटाता है, और राष्ट्रव्यापी सुरक्षित कार्यस्थलों को बढ़ावा देता है।","राष्ट्रिय ट्रेड युनियन कमाउन मजदुरहरूको अधिकार, न्यूनतम ज्याला, निष्पक्ष कार्यक्षेत्र, श्रम कानून सुधार र संघ आयोजना गर्दै। प्रवासी कामदारहरू, प्रतिवेदन मजदुरहरू, र देशभरि सुरक्षित कार्यस्थलहरूको समर्थन प्रदान गर्दछ।","NGO, Kesatuan, Advokasi, Hak Buruh, Bantuan Undang -Undang, Perlindungan Pekerja, Percuma","एनजीओ, युनियन, वकालत, श्रम अधिकार, कानूनी सहायता, कामदार संरक्षण, नि: शुल्क","এনজিও, ইউনিয়ন, অ্যাডভোকেসি, শ্রম অধিকার, আইনী সহায়তা, শ্রমিক সুরক্ষা, বিনামূল্যে","एनजीओ, संघ, वकालत, श्रम अधिकार, कानूनी सहायता, कार्यकर्ता संरक्षण, मुक्त",Bantuan undang -undang,कानुनी सहायता,আইনী সহায়তা,वैध सहायता
Food Aid Foundation,Other Support,info@foodaidfoundation.org,"Malaysian non-profit food bank rescuing surplus food from companies and individuals, and redistributing it to welfare homes, refugee communities, low-income families, the homeless, and soup kitchens.",Kuala Lumpur Federal Territory,http://foodaidfoundation.org/,+603-9226 5500,"No. 9 Jalan 7/118B, Desa Tun Razak, Cheras, â 56000 Kuala Lumpur, Malaysia",Monday-Friday 09:00-17:00; Saturday 09:00-13:00,Food Aid Foundation,"NGO, food aid, food security, community support, free",Yayasan Bantuan Makanan,खाद्य सहायता फाउन्डेशन (Food Aid Foundation),খাদ্য সহায়তা ফাউন্ডেশন (Food Aid Foundation),खाद्य सहायता नींव (Food Aid Foundation),"মালয়েশিয়ার অলাভজনক খাদ্য ব্যাংক সংস্থা এবং ব্যক্তিদের কাছ থেকে উদ্বৃত্ত খাবার উদ্ধার করে এবং এটি কল্যাণমূলক বাড়ি, শরণার্থী সম্প্রদায়, স্বল্প আয়ের পরিবার, গৃহহীন এবং স্যুপ রান্নাঘরে পুনরায় বিতরণ করে।","Bank makanan bukan keuntungan Malaysia menyelamatkan makanan lebihan dari syarikat dan individu, dan mengedarkan semula ke rumah kebajikan, komuniti pelarian, keluarga berpendapatan rendah, dapur yang tiada tempat tinggal, dan sup.","मलेशियाई गैर-लाभकारी खाद्य बैंक कंपनियों और व्यक्तियों से अधिशेष भोजन को बचाते हैं, और इसे कल्याणकारी घरों, शरणार्थी समुदायों, कम आय वाले परिवारों, बेघर और सूप रसोई के लिए पुनर्वितरित करते हैं।","मलेशियन गैर नाफामुखी खाना बैंकले कम्पनीहरूलाई कम्पनीहरू र व्यक्तिहरू बचाउँछ, र कल्याणकारी घरहरू, शरणार्थी समुदाय, घरबारविहीन र सूप भाँडालाई पुनःनिर्माण गर्दै।","NGO, Bantuan Makanan, Keselamatan Makanan, Sokongan Masyarakat, Percuma","एनजीओ, खाना सहायता, खाद्य सुरक्षा, समुदाय समर्थन, नि: शुल्क","এনজিও, খাদ্য সহায়তা, খাদ্য সুরক্ষা, সম্প্রদায় সহায়তা, বিনামূল্যে","एनजीओ, खाद्य सहायता, खाद्य सुरक्षा, सामुदायिक सहायता, मुफ्त",Sokongan lain,अन्य सहयोग,অন্যান্য সমর্থন,अन्य समर्थन
Kechara Soup Kitchen Society,Other Support,ksk@kechara.com,"Non-religious community action group in Malaysia providing food distribution, basic medical aid, and counselling services to the homeless and urban poor.  ",Kuala Lumpur Federal Territory,https://kecharasoupkitchen.com/,+6012-615 0260,"17, Jalan Barat, Imbi, 55100 Kuala Lumpur, Wilayah Persekutuan Kuala Lumpur",Monday-Friday 10:00-18:00; Saturday 14:00-22:00,Kechara Soup Kitchen Society,"NGO, food aid, medical aid, counselling, community support, free",Kechara Soup Kitchen Society,केचरा सूप किचेन सोसाइचेन (Kechara Soup Kitchen Society),কেচার স্যুপ কিচেন সোসাইটি (Kechara Soup Kitchen Society),केचारा सूप किचन सोसाइटी (Kechara Soup Kitchen Society),"মালয়েশিয়ার অ-ধর্মীয় কমিউনিটি অ্যাকশন গ্রুপ গৃহহীন ও নগর দরিদ্রদের খাদ্য বিতরণ, বেসিক চিকিত্সা সহায়তা এবং কাউন্সেলিং পরিষেবা সরবরাহ করে।","Kumpulan Tindakan Komuniti Bukan agama di Malaysia yang menyediakan pengedaran makanan, bantuan perubatan asas, dan perkhidmatan kaunseling kepada golongan miskin dan miskin di bandar.","मलेशिया में गैर-धार्मिक सामुदायिक कार्रवाई समूह बेघर और शहरी गरीबों को खाद्य वितरण, बुनियादी चिकित्सा सहायता और परामर्श सेवाएं प्रदान करता है।","मलेसियामा गैर-धार्मिक समुदाय कार्य समूहले खाद्य वितरण, आधारभूत चिकित्सा सहायता, र शहरी गरिबहरूलाई घरबारविहीन र सल्लाह सेवाहरू प्रदान गर्दै।","NGO, Bantuan Makanan, Bantuan Perubatan, Kaunseling, Sokongan Masyarakat, Percuma","एनजीओ, खाना सहायता, चिकित्सा सहायता, परामर्श, परामर्श, समुदाय समर्थन, नि: शुल्क","এনজিও, খাদ্য সহায়তা, চিকিত্সা সহায়তা, পরামর্শ, সম্প্রদায় সহায়তা, বিনামূল্যে","एनजीओ, खाद्य सहायता, चिकित्सा सहायता, परामर्श, सामुदायिक सहायता, मुफ्त",Sokongan lain,अन्य सहयोग,অন্যান্য সমর্থন,अन्य समर्थन
"Malaysian Care (Wisma Care, HQ)",Other Support,mail@malaysiancare.org,"Faith-based NGO in Malaysia supporting migrant workers and their families through community outreach, food aid, skills training, education, and advocacy for inclusion and welfare.  ",Kuala Lumpur Federal Territory,https://malaysiancare.org/,+603-9212 0162,"15, Jalan Tasik Selatan 3, Bandar Tasik Selatan, 57000 Kuala Lumpur, Wilayah Persekutuan Kuala Lumpur",Monday-Friday 09:00-17:30,"Malaysian Care (Wisma Care, HQ)","NGO, faith based, food aid, skills training, legal awareness, EN, MS, walk-in, appointment, no fee., free","Penjagaan Malaysia (Wisma Care, HQ)","मलेशियन हेरचाह (पोइन्ट हेरचाह, मुख्यालय) (Malaysian Care (Wisma Care, HQ))","মালয়েশিয়ান কেয়ার (ডাব্লুআইএসএমএ কেয়ার, সদর দফতর) (Malaysian Care (Wisma Care, HQ))","मलेशियाई देखभाल (विस्मा केयर, मुख्यालय) (Malaysian Care (Wisma Care, HQ))","মালয়েশিয়ায় বিশ্বাস-ভিত্তিক এনজিও অভিবাসী শ্রমিক এবং তাদের পরিবারকে সম্প্রদায় প্রচার, খাদ্য সহায়তা, দক্ষতা প্রশিক্ষণ, শিক্ষা এবং অন্তর্ভুক্তি এবং কল্যাণের পক্ষে উকিলতার মাধ্যমে সমর্থন করে।","NGO berasaskan iman di Malaysia yang menyokong pekerja asing dan keluarga mereka melalui jangkauan komuniti, bantuan makanan, latihan kemahiran, pendidikan, dan advokasi untuk kemasukan dan kebajikan.","मलेशिया में विश्वास-आधारित एनजीए, प्रवासी श्रमिकों और उनके परिवारों को सामुदायिक आउटरीच, खाद्य सहायता, कौशल प्रशिक्षण, शिक्षा और समावेश और कल्याण के लिए वकालत के माध्यम से समर्थन करता है।","आप्रवासी कामदारहरू र विदेशारेन्ट मजदुरहरू र सामुदायिक क्रियाकलाप, खाद्य सहायता सहायता, खाद्य सहायता, शिक्षा र कल्याणको लागि वकालत गर्नका लागि उनीहरूको परिवारलाई समर्थन गर्दै।","NGO, Berasaskan Iman, Bantuan Makanan, Latihan Kemahiran, Kesedaran Undang-Undang, En, MS, Walk-In, Pelantikan, Tiada Bayaran., Percuma","एनजीओ, विश्वास आधारित, खाद्य सहायता, सीपहरू, कानूनी जागरूकता, कानूनी जागरूकता, एमएस, हिड-इन, अपोइन्टमेन्ट, नि: शुल्क","এনজিও, বিশ্বাস ভিত্তিক, খাদ্য সহায়তা, দক্ষতা প্রশিক্ষণ, আইনী সচেতনতা, এন, এমএস, ওয়াক-ইন, অ্যাপয়েন্টমেন্ট, কোনও ফি নেই।, বিনামূল্যে","एनजीओ, विश्वास आधारित, खाद्य सहायता, कौशल प्रशिक्षण, कानूनी जागरूकता, एन, एमएस, वॉक-इन, नियुक्ति, कोई शुल्क नहीं।",Sokongan lain,अन्य सहयोग,অন্যান্য সমর্থন,अन्य समर्थन
Malaysian Red Crescent Society (Kedah),Health & Wellbeing,kedah@redcrescent.org.my,"Humanitarian assistance, first aid and community health; restoring family links and disaster response.",Kedah,https://redcrescent.org.my/,+604-720 9980,"JKR 155, Bangunan Muafakat, Bakar Bata, Lebuhraya Darul Aman, 05000 Alor Setar","No information available, contact for more detail",Malaysian Red Crescent Society (Kedah),"NGO, first aid, ambulance, disaster relief, blood donation, training, free",Persatuan Bulan Sabit Merah Malaysia (Kedah),मलेशियन रेड स्मारर्सेन्ट सोसाइज (केदार) (Malaysian Red Crescent Society (Kedah)),মালয়েশিয়ান রেড ক্রিসেন্ট সোসাইটি (কেদা) (Malaysian Red Crescent Society (Kedah)),मलेशियाई रेड क्रिसेंट सोसाइटी (केदाह) (Malaysian Red Crescent Society (Kedah)),"মানবিক সহায়তা, প্রাথমিক চিকিত্সা এবং সম্প্রদায়ের স্বাস্থ্য; পারিবারিক লিঙ্ক এবং দুর্যোগ প্রতিক্রিয়া পুনরুদ্ধার।","Bantuan kemanusiaan, pertolongan cemas dan kesihatan masyarakat; Memulihkan hubungan keluarga dan tindak balas bencana.","मानवीय सहायता, प्राथमिक चिकित्सा और सामुदायिक स्वास्थ्य; पारिवारिक लिंक और आपदा प्रतिक्रिया को बहाल करना।","मानवीय सहयोग, प्राथमिक उपचार र सामुदायिक स्वास्थ्य; परिवार लिंकहरू र प्रकोप प्रतिक्रिया पुनःस्थापना गर्दै।","NGO, pertolongan cemas, ambulans, bantuan bencana, sumbangan darah, latihan, percuma","एनजीओ, प्राथमिक उपचार, एम्बुलेन्स, प्रकोप राहत, रक्तदान, तालिम, नि: शुल्क","এনজিও, প্রাথমিক চিকিত্সা, অ্যাম্বুলেন্স, দুর্যোগ ত্রাণ, রক্ত ​​অনুদান, প্রশিক্ষণ, বিনামূল্যে","एनजीओ, प्राथमिक चिकित्सा, एम्बुलेंस, आपदा राहत, रक्त दान, प्रशिक्षण, मुक्त",Kesihatan & Kesejahteraan,स्वास्थ्य र हेलोबिंग,স্বাস্থ্য ও সুস্থতা,स्वास्थ्य और भलाई
Malaysian Red Crescent Society (Kelantan),Health & Wellbeing,kelantan@redcrescent.org.my,"Humanitarian assistance, first aid and community health; restoring family links and disaster response.",Kelantan,https://redcrescent.org.my/,+609-743 5504,"Rumah Amal Tengku Muhammad Faris Petra, Jalan Mahmud, 15200 Kota Bharu",Monday-Friday 09:00-17:00,Malaysian Red Crescent Society (Kelantan),"NGO, first aid, ambulance, disaster relief, blood donation, training, free",Persatuan Bulan Sabit Merah Malaysia (Kelantan),मलेशियन रेड रेफेन्टेन्ट सोसाइटी (केलनन) (Malaysian Red Crescent Society (Kelantan)),মালয়েশিয়ার রেড ক্রিসেন্ট সোসাইটি (কেলান্টান) (Malaysian Red Crescent Society (Kelantan)),मलेशियाई रेड क्रिसेंट सोसाइटी (केलंटन) (Malaysian Red Crescent Society (Kelantan)),"মানবিক সহায়তা, প্রাথমিক চিকিত্সা এবং সম্প্রদায়ের স্বাস্থ্য; পারিবারিক লিঙ্ক এবং দুর্যোগ প্রতিক্রিয়া পুনরুদ্ধার।","Bantuan kemanusiaan, pertolongan cemas dan kesihatan masyarakat; Memulihkan hubungan keluarga dan tindak balas bencana.","मानवीय सहायता, प्राथमिक चिकित्सा और सामुदायिक स्वास्थ्य; पारिवारिक लिंक और आपदा प्रतिक्रिया को बहाल करना।","मानवीय सहयोग, प्राथमिक उपचार र सामुदायिक स्वास्थ्य; परिवार लिंकहरू र प्रकोप प्रतिक्रिया पुनःस्थापना गर्दै।","NGO, pertolongan cemas, ambulans, bantuan bencana, sumbangan darah, latihan, percuma","एनजीओ, प्राथमिक उपचार, एम्बुलेन्स, प्रकोप राहत, रक्तदान, तालिम, नि: शुल्क","এনজিও, প্রাথমিক চিকিত্সা, অ্যাম্বুলেন্স, দুর্যোগ ত্রাণ, রক্ত ​​অনুদান, প্রশিক্ষণ, বিনামূল্যে","एनजीओ, प्राथमिक चिकित्सा, एम्बुलेंस, आपदा राहत, रक्त दान, प्रशिक्षण, मुक्त",Kesihatan & Kesejahteraan,स्वास्थ्य र हेलोबिंग,স্বাস্থ্য ও সুস্থতা,स्वास्थ्य और भलाई
Malaysian Red Crescent Society (Malacca),Health & Wellbeing,melaka@redcrescent.org.my,"Humanitarian assistance, first aid and community health; restoring family links and disaster response.",Malacca,https://redcrescent.org.my/,+606-281 7376,"No. 12, Bukit Peringgit, 75150 Melaka",Monday-Friday 09:00-17:00,Malaysian Red Crescent Society (Malacca),"NGO, first aid, ambulance, disaster relief, blood donation, training, free",Persatuan Bulan Sabit Merah Malaysia (Melaka),मलेशियन रेड रेफेन्ट सोसाइज (मलाकी) (Malaysian Red Crescent Society (Malacca)),মালয়েশিয়ান রেড ক্রিসেন্ট সোসাইটি (মালাক্কা) (Malaysian Red Crescent Society (Malacca)),मलेशियाई रेड क्रिसेंट सोसाइटी (मलक्का) (Malaysian Red Crescent Society (Malacca)),"মানবিক সহায়তা, প্রাথমিক চিকিত্সা এবং সম্প্রদায়ের স্বাস্থ্য; পারিবারিক লিঙ্ক এবং দুর্যোগ প্রতিক্রিয়া পুনরুদ্ধার।","Bantuan kemanusiaan, pertolongan cemas dan kesihatan masyarakat; Memulihkan hubungan keluarga dan tindak balas bencana.","मानवीय सहायता, प्राथमिक चिकित्सा और सामुदायिक स्वास्थ्य; पारिवारिक लिंक और आपदा प्रतिक्रिया को बहाल करना।","मानवीय सहयोग, प्राथमिक उपचार र सामुदायिक स्वास्थ्य; परिवार लिंकहरू र प्रकोप प्रतिक्रिया पुनःस्थापना गर्दै।","NGO, pertolongan cemas, ambulans, bantuan bencana, sumbangan darah, latihan, percuma","एनजीओ, प्राथमिक उपचार, एम्बुलेन्स, प्रकोप राहत, रक्तदान, तालिम, नि: शुल्क","এনজিও, প্রাথমিক চিকিত্সা, অ্যাম্বুলেন্স, দুর্যোগ ত্রাণ, রক্ত ​​অনুদান, প্রশিক্ষণ, বিনামূল্যে","एनजीओ, प्राथमिक चिकित्सा, एम्बुलेंस, आपदा राहत, रक्त दान, प्रशिक्षण, मुक्त",Kesihatan & Kesejahteraan,स्वास्थ्य र हेलोबिंग,স্বাস্থ্য ও সুস্থতা,स्वास्थ्य और भलाई
Malaysian Red Crescent Society (Negeri Sembilan),Health & Wellbeing,n.sembilan@redcrescent.org.my,"Humanitarian assistance, first aid and community health; restoring family links and disaster response.",Negeri Sembilan,https://redcrescent.org.my/,+606-763 9097,"No. 3, Jalan Dr Krishnan, 70000 Seremban",Monday-Friday 09:00-17:00,Malaysian Red Crescent Society (Negeri Sembilan),"NGO, first aid, ambulance, disaster relief, blood donation, training, free",Persatuan Bulan Sabit Merah Malaysia (Negeri Sembilan),मलेशियन रेड स्मारर्सेन्ट सोसाइटी (NEGREREI SEMMMMALIN) (Malaysian Red Crescent Society (Negeri Sembilan)),মালয়েশিয়ান রেড ক্রিসেন্ট সোসাইটি (নেগেরি সেম্বিলান) (Malaysian Red Crescent Society (Negeri Sembilan)),मलेशियाई रेड क्रिसेंट सोसाइटी (नेगेरी सेम्बिलन) (Malaysian Red Crescent Society (Negeri Sembilan)),"মানবিক সহায়তা, প্রাথমিক চিকিত্সা এবং সম্প্রদায়ের স্বাস্থ্য; পারিবারিক লিঙ্ক এবং দুর্যোগ প্রতিক্রিয়া পুনরুদ্ধার।","Bantuan kemanusiaan, pertolongan cemas dan kesihatan masyarakat; Memulihkan hubungan keluarga dan tindak balas bencana.","मानवीय सहायता, प्राथमिक चिकित्सा और सामुदायिक स्वास्थ्य; पारिवारिक लिंक और आपदा प्रतिक्रिया को बहाल करना।","मानवीय सहयोग, प्राथमिक उपचार र सामुदायिक स्वास्थ्य; परिवार लिंकहरू र प्रकोप प्रतिक्रिया पुनःस्थापना गर्दै।","NGO, pertolongan cemas, ambulans, bantuan bencana, sumbangan darah, latihan, percuma","एनजीओ, प्राथमिक उपचार, एम्बुलेन्स, प्रकोप राहत, रक्तदान, तालिम, नि: शुल्क","এনজিও, প্রাথমিক চিকিত্সা, অ্যাম্বুলেন্স, দুর্যোগ ত্রাণ, রক্ত ​​অনুদান, প্রশিক্ষণ, বিনামূল্যে","एनजीओ, प्राथमिक चिकित्सा, एम्बुलेंस, आपदा राहत, रक्त दान, प्रशिक्षण, मुक्त",Kesihatan & Kesejahteraan,स्वास्थ्य र हेलोबिंग,স্বাস্থ্য ও সুস্থতা,स्वास्थ्य और भलाई
Malaysian Red Crescent Society (Perlis),Health & Wellbeing,perlis@redcrescent.org.my,"Humanitarian assistance, first aid and community health; restoring family links and disaster response.",Perlis,https://redcrescent.org.my/,+604-977 9477,"JKR 323, Jalan Cempaka, 01000 Kangar","No information available, contact for more detail",Malaysian Red Crescent Society (Perlis),"NGO, first aid, ambulance, disaster relief, blood donation, training, free",Masyarakat Bulan Sabit Merah Malaysia (Perlis),मलेशियन रेड क्रोस्चरसम्बन्धी समाज (पेरिलिस) (Malaysian Red Crescent Society (Perlis)),মালয়েশিয়ান রেড ক্রিসেন্ট সোসাইটি (পার্লিস) (Malaysian Red Crescent Society (Perlis)),मलेशियाई रेड क्रिसेंट सोसाइटी (पर्लिस) (Malaysian Red Crescent Society (Perlis)),"মানবিক সহায়তা, প্রাথমিক চিকিত্সা এবং সম্প্রদায়ের স্বাস্থ্য; পারিবারিক লিঙ্ক এবং দুর্যোগ প্রতিক্রিয়া পুনরুদ্ধার।","Bantuan kemanusiaan, pertolongan cemas dan kesihatan masyarakat; Memulihkan hubungan keluarga dan tindak balas bencana.","मानवीय सहायता, प्राथमिक चिकित्सा और सामुदायिक स्वास्थ्य; पारिवारिक लिंक और आपदा प्रतिक्रिया को बहाल करना।","मानवीय सहयोग, प्राथमिक उपचार र सामुदायिक स्वास्थ्य; परिवार लिंकहरू र प्रकोप प्रतिक्रिया पुनःस्थापना गर्दै।","NGO, pertolongan cemas, ambulans, bantuan bencana, sumbangan darah, latihan, percuma","एनजीओ, प्राथमिक उपचार, एम्बुलेन्स, प्रकोप राहत, रक्तदान, तालिम, नि: शुल्क","এনজিও, প্রাথমিক চিকিত্সা, অ্যাম্বুলেন্স, দুর্যোগ ত্রাণ, রক্ত ​​অনুদান, প্রশিক্ষণ, বিনামূল্যে","एनजीओ, प्राथमिक चिकित्सा, एम्बुलेंस, आपदा राहत, रक्त दान, प्रशिक्षण, मुक्त",Kesihatan & Kesejahteraan,स्वास्थ्य र हेलोबिंग,স্বাস্থ্য ও সুস্থতা,स्वास्थ्य और भलाई
Malaysian Red Crescent Society (Penang),Health & Wellbeing,p.pinang@redcrescent.org.my,"Humanitarian assistance, first aid and community health; restoring family links and disaster response.",Penang,https://redcrescent.org.my/,+604-827 5678,"No.26, Jalan Grove, 11400 Pulau Pinang",Monday-Friday 09:00-18:00,Malaysian Red Crescent Society (Penang),"NGO, first aid, ambulance, disaster relief, blood donation, training, free",Persatuan Bulan Sabit Merah Malaysia (Pulau Pinang),मलेशियन रेड स्क्र्याश्चरासौं सोसाइटी (पेना ang) (Malaysian Red Crescent Society (Penang)),মালয়েশিয়ান রেড ক্রিসেন্ট সোসাইটি (পেনাং) (Malaysian Red Crescent Society (Penang)),मलेशियाई रेड क्रिसेंट सोसाइटी (पेनांग) (Malaysian Red Crescent Society (Penang)),"মানবিক সহায়তা, প্রাথমিক চিকিত্সা এবং সম্প্রদায়ের স্বাস্থ্য; পারিবারিক লিঙ্ক এবং দুর্যোগ প্রতিক্রিয়া পুনরুদ্ধার।","Bantuan kemanusiaan, pertolongan cemas dan kesihatan masyarakat; Memulihkan hubungan keluarga dan tindak balas bencana.","मानवीय सहायता, प्राथमिक चिकित्सा और सामुदायिक स्वास्थ्य; पारिवारिक लिंक और आपदा प्रतिक्रिया को बहाल करना।","मानवीय सहयोग, प्राथमिक उपचार र सामुदायिक स्वास्थ्य; परिवार लिंकहरू र प्रकोप प्रतिक्रिया पुनःस्थापना गर्दै।","NGO, pertolongan cemas, ambulans, bantuan bencana, sumbangan darah, latihan, percuma","एनजीओ, प्राथमिक उपचार, एम्बुलेन्स, प्रकोप राहत, रक्तदान, तालिम, नि: शुल्क","এনজিও, প্রাথমিক চিকিত্সা, অ্যাম্বুলেন্স, দুর্যোগ ত্রাণ, রক্ত ​​অনুদান, প্রশিক্ষণ, বিনামূল্যে","एनजीओ, प्राथमिक चिकित्सा, एम्बुलेंस, आपदा राहत, रक्त दान, प्रशिक्षण, मुक्त",Kesihatan & Kesejahteraan,स्वास्थ्य र हेलोबिंग,স্বাস্থ্য ও সুস্থতা,स्वास्थ्य और भलाई
Malaysian Red Crescent Society (Pahang),Health & Wellbeing,pahang@redcrescent.org.my,"Humanitarian assistance, first aid and community health; restoring family links and disaster response.",Pahang,https://redcrescent.org.my/,+609-516 5243,"JKR 121, Jalan Gambut, 25000 Kuantan",24hr,Malaysian Red Crescent Society (Pahang),"NGO, first aid, ambulance, disaster relief, blood donation, training, free, 24/7",Persatuan Bulan Sabit Merah Malaysia (Pahang),मलेशियन रेड रेफेन्ट सोसाइज (Pahang) (Malaysian Red Crescent Society (Pahang)),মালয়েশিয়ান রেড ক্রিসেন্ট সোসাইটি (পাহাং) (Malaysian Red Crescent Society (Pahang)),मलेशियाई रेड क्रिसेंट सोसाइटी (पहांग) (Malaysian Red Crescent Society (Pahang)),"মানবিক সহায়তা, প্রাথমিক চিকিত্সা এবং সম্প্রদায়ের স্বাস্থ্য; পারিবারিক লিঙ্ক এবং দুর্যোগ প্রতিক্রিয়া পুনরুদ্ধার।","Bantuan kemanusiaan, pertolongan cemas dan kesihatan masyarakat; Memulihkan hubungan keluarga dan tindak balas bencana.","मानवीय सहायता, प्राथमिक चिकित्सा और सामुदायिक स्वास्थ्य; पारिवारिक लिंक और आपदा प्रतिक्रिया को बहाल करना।","मानवीय सहयोग, प्राथमिक उपचार र सामुदायिक स्वास्थ्य; परिवार लिंकहरू र प्रकोप प्रतिक्रिया पुनःस्थापना गर्दै।","NGO, pertolongan cemas, ambulans, bantuan bencana, sumbangan darah, latihan, percuma, 24/7","एनजीओ, प्राथमिक उपचार, एम्बुलेन्स, प्रकोप राहत, रक्तदान, रक्तदान, प्रशिक्षण, नि: शुल्क, 2 // 7","এনজিও, প্রাথমিক চিকিত্সা, অ্যাম্বুলেন্স, দুর্যোগ ত্রাণ, রক্ত ​​অনুদান, প্রশিক্ষণ, বিনামূল্যে, 24/7","एनजीओ, प्राथमिक चिकित्सा, एम्बुलेंस, आपदा राहत, रक्त दान, प्रशिक्षण, मुफ्त, 24/7",Kesihatan & Kesejahteraan,स्वास्थ्य र हेलोबिंग,স্বাস্থ্য ও সুস্থতা,स्वास्थ्य और भलाई
Malaysian Red Crescent Society (Perak),Health & Wellbeing,perak@redcrescent.org.my,"Humanitarian assistance, first aid and community health; restoring family links and disaster response.",Perak,https://redcrescent.org.my/,+605-546 6159,"Lot. No 4890N, Jalan Komplek Sukan, Berhampiran Stadium Perak, 31400 Ipoh","No information available, contact for more detail",Malaysian Red Crescent Society (Perak),"NGO, first aid, ambulance, disaster relief, blood donation, training, free",Persatuan Bulan Sabit Merah Malaysia (Perak),मलेशियन रेड रेफेन्ट सोसाइटी (पेराक) (Malaysian Red Crescent Society (Perak)),মালয়েশিয়ান রেড ক্রিসেন্ট সোসাইটি (পেরাক) (Malaysian Red Crescent Society (Perak)),मलेशियाई रेड क्रिसेंट सोसाइटी (पेरक) (Malaysian Red Crescent Society (Perak)),"মানবিক সহায়তা, প্রাথমিক চিকিত্সা এবং সম্প্রদায়ের স্বাস্থ্য; পারিবারিক লিঙ্ক এবং দুর্যোগ প্রতিক্রিয়া পুনরুদ্ধার।","Bantuan kemanusiaan, pertolongan cemas dan kesihatan masyarakat; Memulihkan hubungan keluarga dan tindak balas bencana.","मानवीय सहायता, प्राथमिक चिकित्सा और सामुदायिक स्वास्थ्य; पारिवारिक लिंक और आपदा प्रतिक्रिया को बहाल करना।","मानवीय सहयोग, प्राथमिक उपचार र सामुदायिक स्वास्थ्य; परिवार लिंकहरू र प्रकोप प्रतिक्रिया पुनःस्थापना गर्दै।","NGO, pertolongan cemas, ambulans, bantuan bencana, sumbangan darah, latihan, percuma","एनजीओ, प्राथमिक उपचार, एम्बुलेन्स, प्रकोप राहत, रक्तदान, तालिम, नि: शुल्क","এনজিও, প্রাথমিক চিকিত্সা, অ্যাম্বুলেন্স, দুর্যোগ ত্রাণ, রক্ত ​​অনুদান, প্রশিক্ষণ, বিনামূল্যে","एनजीओ, प्राथमिक चिकित्सा, एम्बुलेंस, आपदा राहत, रक्त दान, प्रशिक्षण, मुक्त",Kesihatan & Kesejahteraan,स्वास्थ्य र हेलोबिंग,স্বাস্থ্য ও সুস্থতা,स्वास्थ्य और भलाई
Doctors Without Borders,Health & Wellbeing,info@apac.msf.org,"Medical care and outreach for undocumented migrants in Malaysia, with mobile clinics, referrals and mental-health support.",Penang,https://doctorswithoutborders-apac.org/en,No contact number,Mobile clinics - locations vary by schedule across Penang (see programme notices).,Clinic schedules announced online,Doctors Without Borders/Mdecins Sans Frontires (MSF) (Doctors Without Borders),"NGO, mobile clinic, community health, refugees, asylum seekers, undocumented, mental health, outreach, free",Doctors Without Borders,सीमावर्तीहरू बिना डाक्टरहरू / M प्रतियोगिजन एसएएस एसन्सी रिज (एमएसएफ) (MSF) (सीमाविहीन बिना डाक्टर) (Doctors Without Borders),বর্ডারস/এম ব্যতীত ডাক্তাররা স্যানস ফ্রন্টি রেজ (এমএসএফ) (ডাক্তার ব্যতীত সীমান্ত) (Doctors Without Borders),डॉक्टर्स विदाउट बॉर्डर्स/एम डिसिंस सैंस फ्रंटि रेस (एमएसएफ) (डॉक्टर्स विदाउट बॉर्डर्स) (Doctors Without Borders),"মোবাইল ক্লিনিক, রেফারেল এবং মানসিক-স্বাস্থ্য সহায়তা সহ মালয়েশিয়ায় অনিবন্ধিত অভিবাসীদের জন্য চিকিত্সা যত্ন এবং প্রচার।","Penjagaan perubatan dan jangkauan untuk pendatang tanpa izin di Malaysia, dengan klinik mudah alih, rujukan dan sokongan kesihatan mental.","मोबाइल क्लीनिक, रेफरल और मानसिक-स्वास्थ्य समर्थन के साथ मलेशिया में अनिर्दिष्ट प्रवासियों के लिए चिकित्सा देखभाल और आउटरीच।","मेडिकल हेरचाह र मलेसियामा अन्डुजेटेड प्रवासीहरू, मोबाइल क्लिनिक, मोबाइल क्लिनिक, रेफरल र मानसिक स्वास्थ्य समर्थन।","NGO, Klinik Mudah Alih, Kesihatan Komuniti, Pelarian, Pencari Asylum, Undocumented, Kesihatan Mental, Jangkauan, Percuma","एनजीओ, मोबाइल क्लिनिक, सामुदायिक स्वास्थ्य, शरणार्थीहरू, शरणार्थी खोजीहरू, अन्डरकुलेन्ड, मानसिक स्वास्थ्य, नि: शुल्क","এনজিও, মোবাইল ক্লিনিক, কমিউনিটি হেলথ, শরণার্থী, আশ্রয়প্রার্থী, অনিবন্ধিত, মানসিক স্বাস্থ্য, প্রচার, বিনামূল্যে","एनजीओ, मोबाइल क्लिनिक, सामुदायिक स्वास्थ्य, शरणार्थी, शरण चाहने वाले, अनिर्दिष्ट, मानसिक स्वास्थ्य, आउटरीच, मुक्त",Kesihatan & Kesejahteraan,स्वास्थ्य र हेलोबिंग,স্বাস্থ্য ও সুস্থতা,स्वास्थ्य और भलाई
Migrant88,Legal Aid,secretariat@migrant88.com,"Independent, action-driven non-profit think tank with bases in Belgium and Malaysia, investigating corporate power, political repression, and global injustice. Since 2013, MIGRANT88 has produced investigative research exposing labour exploitation, forced migration, and human rights abuses, supporting civil society, media, and grassroots movements in advocacy and policy reform.",Kuala Lumpur Federal Territory,https://migrant88.com/,No contact number,Online-based (no physical office)  ,"No information available, contact for more detail",Migrant88,"NGO, research, advocacy, labour rights, corporate accountability, free",Migrant88,आप्रवासी 888 (Migrant88),অভিবাসী 88 (Migrant88),Migrant88 (Migrant88),"বেলজিয়াম এবং মালয়েশিয়ার ঘাঁটি সহ স্বতন্ত্র, অ্যাকশন-চালিত অলাভজনক থিঙ্ক ট্যাঙ্ক, কর্পোরেট শক্তি, রাজনৈতিক দমন এবং বৈশ্বিক অবিচার তদন্ত করে। ২০১৩ সাল থেকে, মাইগ্রান্ট ৮৮ টি শ্রম শোষণ, জোরপূর্বক অভিবাসন এবং মানবাধিকার লঙ্ঘন, নাগরিক সমাজ, মিডিয়া এবং অ্যাডভোকেসি এবং নীতি সংস্কারে তৃণমূলের আন্দোলনকে সমর্থন করে তদন্তকারী গবেষণা তৈরি করেছে।","Tangki pemikir bukan keuntungan yang didorong oleh tindakan bebas dengan pangkalan di Belgium dan Malaysia, menyiasat kuasa korporat, penindasan politik, dan ketidakadilan global. Sejak tahun 2013, Migrant88 telah menghasilkan penyelidikan penyiasatan yang mendedahkan eksploitasi buruh, penghijrahan paksa, dan penyalahgunaan hak asasi manusia, menyokong pergerakan masyarakat sivil, media, dan akar umbi dalam pembaharuan dan pembaharuan dasar.","बेल्जियम और मलेशिया में ठिकानों के साथ स्वतंत्र, एक्शन-चालित गैर-लाभकारी थिंक टैंक, कॉर्पोरेट शक्ति, राजनीतिक दमन और वैश्विक अन्याय की जांच करना। 2013 के बाद से, माइग्रेंट 88 ने वकालत और नीति सुधार में नागरिक समाज, मीडिया और जमीनी स्तर पर आंदोलनों का समर्थन करते हुए श्रम शोषण, मजबूर प्रवासन और मानवाधिकारों के हनन को उजागर करने वाले खोजी अनुसंधान का उत्पादन किया है।","स्वतन्त्र, कार्य संचालित नाफा-नाफा नन-नाफा बेल्जियम र मलेसियाको एक ट्या tank ्क, कर्पोरेट शक्ति, राजनीतिक दमन र विश्वव्यापी अन्याय अनुसन्धान गर्दै ट्या tank ्क। 201 2013 देखि प्राविधिक अनुसन्धानले अनुसन्धान अनुसन्धानलाई, नागरिक समाज, मिडिया र वैकल्पिक सुधारको साथ प्रवास, र मानव अधिकारको दुरुपयोग प्रदर्शन गरेको छ।","NGO, penyelidikan, advokasi, hak buruh, akauntabiliti korporat, percuma","एनजीओ, अनुसन्धान, वकालत, श्रम अधिकार, कर्पोरेट जवाफदेहिता, नि: शुल्क","এনজিও, গবেষণা, অ্যাডভোকেসি, শ্রম অধিকার, কর্পোরেট জবাবদিহিতা, বিনামূল্যে","एनजीओ, अनुसंधान, वकालत, श्रम अधिकार, कॉर्पोरेट जवाबदेही, मुफ्त",Bantuan undang -undang,कानुनी सहायता,আইনী সহায়তা,वैध सहायता
Migrant88,Work,secretariat@migrant88.com,"Independent, action-driven non-profit think tank with bases in Belgium and Malaysia, investigating corporate power, political repression, and global injustice. Since 2013, MIGRANT88 has produced investigative research exposing labour exploitation, forced migration, and human rights abuses, supporting civil society, media, and grassroots movements in advocacy and policy reform.",Kuala Lumpur Federal Territory,https://migrant88.com/,No contact number,Online-based (no physical office)  ,"No information available, contact for more detail",Migrant88,"NGO, research, advocacy, labour rights, corporate accountability, free",Migrant88,आप्रवासी 888 (Migrant88),অভিবাসী 88 (Migrant88),Migrant88 (Migrant88),"বেলজিয়াম এবং মালয়েশিয়ার ঘাঁটি সহ স্বতন্ত্র, অ্যাকশন-চালিত অলাভজনক থিঙ্ক ট্যাঙ্ক, কর্পোরেট শক্তি, রাজনৈতিক দমন এবং বৈশ্বিক অবিচার তদন্ত করে। ২০১৩ সাল থেকে, মাইগ্রান্ট ৮৮ টি শ্রম শোষণ, জোরপূর্বক অভিবাসন এবং মানবাধিকার লঙ্ঘন, নাগরিক সমাজ, মিডিয়া এবং অ্যাডভোকেসি এবং নীতি সংস্কারে তৃণমূলের আন্দোলনকে সমর্থন করে তদন্তকারী গবেষণা তৈরি করেছে।","Tangki pemikir bukan keuntungan yang didorong oleh tindakan bebas dengan pangkalan di Belgium dan Malaysia, menyiasat kuasa korporat, penindasan politik, dan ketidakadilan global. Sejak tahun 2013, Migrant88 telah menghasilkan penyelidikan penyiasatan yang mendedahkan eksploitasi buruh, penghijrahan paksa, dan penyalahgunaan hak asasi manusia, menyokong pergerakan masyarakat sivil, media, dan akar umbi dalam pembaharuan dan pembaharuan dasar.","बेल्जियम और मलेशिया में ठिकानों के साथ स्वतंत्र, एक्शन-चालित गैर-लाभकारी थिंक टैंक, कॉर्पोरेट शक्ति, राजनीतिक दमन और वैश्विक अन्याय की जांच करना। 2013 के बाद से, माइग्रेंट 88 ने वकालत और नीति सुधार में नागरिक समाज, मीडिया और जमीनी स्तर पर आंदोलनों का समर्थन करते हुए श्रम शोषण, मजबूर प्रवासन और मानवाधिकारों के हनन को उजागर करने वाले खोजी अनुसंधान का उत्पादन किया है।","स्वतन्त्र, कार्य संचालित नाफा-नाफा नन-नाफा बेल्जियम र मलेसियाको एक ट्या tank ्क, कर्पोरेट शक्ति, राजनीतिक दमन र विश्वव्यापी अन्याय अनुसन्धान गर्दै ट्या tank ्क। 201 2013 देखि प्राविधिक अनुसन्धानले अनुसन्धान अनुसन्धानलाई, नागरिक समाज, मिडिया र वैकल्पिक सुधारको साथ प्रवास, र मानव अधिकारको दुरुपयोग प्रदर्शन गरेको छ।","NGO, penyelidikan, advokasi, hak buruh, akauntabiliti korporat, percuma","एनजीओ, अनुसन्धान, वकालत, श्रम अधिकार, कर्पोरेट जवाफदेहिता, नि: शुल्क","এনজিও, গবেষণা, অ্যাডভোকেসি, শ্রম অধিকার, কর্পোরেট জবাবদিহিতা, বিনামূল্যে","एनजीओ, अनुसंधान, वकालत, श्रम अधिकार, कॉर्पोरेट जवाबदेही, मुफ्त",Bekerja,काम,কাজ,काम
Migrant Care,Legal Aid,secretariat@migrantcare.net,"Indonesian NGO established in 2004 to protect and empower migrant workers, especially women in the informal sector. Migrant CARE advocates for dignified livelihoods, global justice, and pro-migrant policies; organizes awareness programs; provides legal aid for workers facing exploitation or violence; and strengthens networks from local to global levels.",Kuala Lumpur Federal Territory,https://migrantcare.net/tentang-kami/,+62 21 27808211,"Jl. Karang Pola V No.1 4, RT.4/RW.3, Jati Padang, Ps. Minggu, Kota Jakarta Selatan, Daerah Khusus Ibukota Jakarta 12540, Indonesia",Monday-Friday 09:00-16:00,Migrant Care,"NGO, advocacy, legal aid, migrant rights, worker protection, Indonesian migrant focus, free",Penjagaan Migran,प्रवासीको हेरचाह (Migrant Care),অভিবাসী যত্ন (Migrant Care),प्रवासी देखभाल (Migrant Care),"ইন্দোনেশিয়ান এনজিও 2004 সালে অভিবাসী শ্রমিকদের, বিশেষত অনানুষ্ঠানিক খাতের মহিলাদের সুরক্ষা এবং ক্ষমতায়নের জন্য প্রতিষ্ঠিত হয়েছিল। অভিবাসী যত্ন মর্যাদাপূর্ণ জীবিকা, বৈশ্বিক ন্যায়বিচার এবং অভিবাসীপন্থী নীতিমালার পক্ষে; সচেতনতামূলক কর্মসূচির আয়োজন করে; শোষণ বা সহিংসতার মুখোমুখি শ্রমিকদের জন্য আইনী সহায়তা সরবরাহ করে; এবং স্থানীয় থেকে বৈশ্বিক স্তরে নেটওয়ার্কগুলিকে শক্তিশালী করে।","NGO Indonesia ditubuhkan pada tahun 2004 untuk melindungi dan memperkasakan pekerja asing, terutama wanita dalam sektor tidak formal. Penyokong penjagaan migran untuk mata pencaharian yang bermaruah, keadilan global, dan dasar pro-migran; menganjurkan program kesedaran; menyediakan bantuan undang -undang untuk pekerja yang menghadapi eksploitasi atau keganasan; dan menguatkan rangkaian dari tahap tempatan ke global.","इंडोनेशियाई एनजीओ ने 2004 में प्रवासी श्रमिकों, विशेष रूप से अनौपचारिक क्षेत्र में महिलाओं की रक्षा और सशक्त बनाने के लिए स्थापित किया। प्रवासी देखभाल गरिमापूर्ण आजीविका, वैश्विक न्याय और समर्थक प्रवासी नीतियों के लिए वकालत करती है; जागरूकता कार्यक्रमों का आयोजन करता है; शोषण या हिंसा का सामना करने वाले श्रमिकों के लिए कानूनी सहायता प्रदान करता है; और स्थानीय से वैश्विक स्तरों तक नेटवर्क को मजबूत करता है।","200 2004 मा प्रवासी कामदार, विशेष गरी महिलालाई अनौपचारिक क्षेत्रमा आप्रवासी कामदार, विशेष गरी महिलाहरूलाई सुरक्षा र सशक्तिकरण र सशक्तिकरण र सशक्तिकरण र सशक्तिकरण गर्ने। प्रवासी हेरचाहले मर्यादित जीविका, विश्वव्यापी न्याय र प्रो-प्रायरिका नीतिहरूको लागि वरपरका लागि विज्ञापनहरू; सचेतना कार्यक्रमहरू संगठित; शोषण वा हिंसाको सामना गर्ने श्रमिकहरूको लागि कानुनी सहायता प्रदान गर्दछ; र स्थानीयबाट नेटवर्कहरू लाई विश्वव्यापी स्तरहरूमा सुदृढ बनाउँछ।","NGO, Advokasi, Bantuan Perundangan, Hak Migran, Perlindungan Pekerja, Fokus Migran Indonesia, Percuma","एनजीओ, वकालत, कानूनी सहायता, आप्रवासी अधिकार, कार्यकर्ता संरक्षण, इन्डोनेसियाली प्रवासी फोकस नि: शुल्क","এনজিও, অ্যাডভোকেসি, আইনী সহায়তা, অভিবাসী অধিকার, শ্রমিক সুরক্ষা, ইন্দোনেশিয়ান অভিবাসী ফোকাস, বিনামূল্যে","एनजीओ, वकालत, कानूनी सहायता, प्रवासी अधिकार, कार्यकर्ता संरक्षण, इंडोनेशियाई प्रवासी फोकस, मुक्त",Bantuan undang -undang,कानुनी सहायता,আইনী সহায়তা,वैध सहायता
Migrant Care,Work,secretariat@migrantcare.net,"Indonesian NGO established in 2004 to protect and empower migrant workers, especially women in the informal sector. Migrant CARE advocates for dignified livelihoods, global justice, and pro-migrant policies; organizes awareness programs; provides legal aid for workers facing exploitation or violence; and strengthens networks from local to global levels. ",Kuala Lumpur Federal Territory,https://migrantcare.net/tentang-kami/,+62 21 27808211,"Jl. Karang Pola V No.1 4, RT.4/RW.3, Jati Padang, Ps. Minggu, Kota Jakarta Selatan, Daerah Khusus Ibukota Jakarta 12540, Indonesia",Monday-Friday 09:00-16:00,Migrant Care,"NGO, advocacy, legal aid, migrant rights, worker protection, Indonesian migrant focus, free",Penjagaan Migran,प्रवासीको हेरचाह (Migrant Care),অভিবাসী যত্ন (Migrant Care),प्रवासी देखभाल (Migrant Care),"ইন্দোনেশিয়ান এনজিও 2004 সালে অভিবাসী শ্রমিকদের, বিশেষত অনানুষ্ঠানিক খাতের মহিলাদের সুরক্ষা এবং ক্ষমতায়নের জন্য প্রতিষ্ঠিত হয়েছিল। অভিবাসী যত্ন মর্যাদাপূর্ণ জীবিকা, বৈশ্বিক ন্যায়বিচার এবং অভিবাসীপন্থী নীতিমালার পক্ষে; সচেতনতামূলক কর্মসূচির আয়োজন করে; শোষণ বা সহিংসতার মুখোমুখি শ্রমিকদের জন্য আইনী সহায়তা সরবরাহ করে; এবং স্থানীয় থেকে বৈশ্বিক স্তরে নেটওয়ার্কগুলিকে শক্তিশালী করে।","NGO Indonesia ditubuhkan pada tahun 2004 untuk melindungi dan memperkasakan pekerja asing, terutama wanita dalam sektor tidak formal. Penyokong penjagaan migran untuk mata pencaharian yang bermaruah, keadilan global, dan dasar pro-migran; menganjurkan program kesedaran; menyediakan bantuan undang -undang untuk pekerja yang menghadapi eksploitasi atau keganasan; dan menguatkan rangkaian dari tahap tempatan ke global.","इंडोनेशियाई एनजीओ ने 2004 में प्रवासी श्रमिकों, विशेष रूप से अनौपचारिक क्षेत्र में महिलाओं की रक्षा और सशक्त बनाने के लिए स्थापित किया। प्रवासी देखभाल गरिमापूर्ण आजीविका, वैश्विक न्याय और समर्थक प्रवासी नीतियों के लिए वकालत करती है; जागरूकता कार्यक्रमों का आयोजन करता है; शोषण या हिंसा का सामना करने वाले श्रमिकों के लिए कानूनी सहायता प्रदान करता है; और स्थानीय से वैश्विक स्तरों तक नेटवर्क को मजबूत करता है।","200 2004 मा प्रवासी कामदार, विशेष गरी महिलालाई अनौपचारिक क्षेत्रमा आप्रवासी कामदार, विशेष गरी महिलाहरूलाई सुरक्षा र सशक्तिकरण र सशक्तिकरण र सशक्तिकरण र सशक्तिकरण गर्ने। प्रवासी हेरचाहले मर्यादित जीविका, विश्वव्यापी न्याय र प्रो-प्रायरिका नीतिहरूको लागि वरपरका लागि विज्ञापनहरू; सचेतना कार्यक्रमहरू संगठित; शोषण वा हिंसाको सामना गर्ने श्रमिकहरूको लागि कानुनी सहायता प्रदान गर्दछ; र स्थानीयबाट नेटवर्कहरू लाई विश्वव्यापी स्तरहरूमा सुदृढ बनाउँछ।","NGO, Advokasi, Bantuan Perundangan, Hak Migran, Perlindungan Pekerja, Fokus Migran Indonesia, Percuma","एनजीओ, वकालत, कानूनी सहायता, आप्रवासी अधिकार, कार्यकर्ता संरक्षण, इन्डोनेसियाली प्रवासी फोकस नि: शुल्क","এনজিও, অ্যাডভোকেসি, আইনী সহায়তা, অভিবাসী অধিকার, শ্রমিক সুরক্ষা, ইন্দোনেশিয়ান অভিবাসী ফোকাস, বিনামূল্যে","एनजीओ, वकालत, कानूनी सहायता, प्रवासी अधिकार, कार्यकर्ता संरक्षण, इंडोनेशियाई प्रवासी फोकस, मुक्त",Bekerja,काम,কাজ,काम
Migrant Care,Other support,secretariat@migrantcare.net,"Indonesian NGO established in 2004 to protect and empower migrant workers, especially women in the informal sector. Migrant CARE advocates for dignified livelihoods, global justice, and pro-migrant policies; organizes awareness programs; provides legal aid for workers facing exploitation or violence; and strengthens networks from local to global levels. ",Kuala Lumpur Federal Territory,https://migrantcare.net/tentang-kami/,+62 21 27808211,"Jl. Karang Pola V No.1 4, RT.4/RW.3, Jati Padang, Ps. Minggu, Kota Jakarta Selatan, Daerah Khusus Ibukota Jakarta 12540, Indonesia",Monday-Friday 09:00-16:00,Migrant Care,"NGO, advocacy, legal aid, migrant rights, worker protection, Indonesian migrant focus, free",Penjagaan Migran,प्रवासीको हेरचाह (Migrant Care),অভিবাসী যত্ন (Migrant Care),प्रवासी देखभाल (Migrant Care),"ইন্দোনেশিয়ান এনজিও 2004 সালে অভিবাসী শ্রমিকদের, বিশেষত অনানুষ্ঠানিক খাতের মহিলাদের সুরক্ষা এবং ক্ষমতায়নের জন্য প্রতিষ্ঠিত হয়েছিল। অভিবাসী যত্ন মর্যাদাপূর্ণ জীবিকা, বৈশ্বিক ন্যায়বিচার এবং অভিবাসীপন্থী নীতিমালার পক্ষে; সচেতনতামূলক কর্মসূচির আয়োজন করে; শোষণ বা সহিংসতার মুখোমুখি শ্রমিকদের জন্য আইনী সহায়তা সরবরাহ করে; এবং স্থানীয় থেকে বৈশ্বিক স্তরে নেটওয়ার্কগুলিকে শক্তিশালী করে।","NGO Indonesia ditubuhkan pada tahun 2004 untuk melindungi dan memperkasakan pekerja asing, terutama wanita dalam sektor tidak formal. Penyokong penjagaan migran untuk mata pencaharian yang bermaruah, keadilan global, dan dasar pro-migran; menganjurkan program kesedaran; menyediakan bantuan undang -undang untuk pekerja yang menghadapi eksploitasi atau keganasan; dan menguatkan rangkaian dari tahap tempatan ke global.","इंडोनेशियाई एनजीओ ने 2004 में प्रवासी श्रमिकों, विशेष रूप से अनौपचारिक क्षेत्र में महिलाओं की रक्षा और सशक्त बनाने के लिए स्थापित किया। प्रवासी देखभाल गरिमापूर्ण आजीविका, वैश्विक न्याय और समर्थक प्रवासी नीतियों के लिए वकालत करती है; जागरूकता कार्यक्रमों का आयोजन करता है; शोषण या हिंसा का सामना करने वाले श्रमिकों के लिए कानूनी सहायता प्रदान करता है; और स्थानीय से वैश्विक स्तरों तक नेटवर्क को मजबूत करता है।","200 2004 मा प्रवासी कामदार, विशेष गरी महिलालाई अनौपचारिक क्षेत्रमा आप्रवासी कामदार, विशेष गरी महिलाहरूलाई सुरक्षा र सशक्तिकरण र सशक्तिकरण र सशक्तिकरण र सशक्तिकरण गर्ने। प्रवासी हेरचाहले मर्यादित जीविका, विश्वव्यापी न्याय र प्रो-प्रायरिका नीतिहरूको लागि वरपरका लागि विज्ञापनहरू; सचेतना कार्यक्रमहरू संगठित; शोषण वा हिंसाको सामना गर्ने श्रमिकहरूको लागि कानुनी सहायता प्रदान गर्दछ; र स्थानीयबाट नेटवर्कहरू लाई विश्वव्यापी स्तरहरूमा सुदृढ बनाउँछ।","NGO, Advokasi, Bantuan Perundangan, Hak Migran, Perlindungan Pekerja, Fokus Migran Indonesia, Percuma","एनजीओ, वकालत, कानूनी सहायता, आप्रवासी अधिकार, कार्यकर्ता संरक्षण, इन्डोनेसियाली प्रवासी फोकस नि: शुल्क","এনজিও, অ্যাডভোকেসি, আইনী সহায়তা, অভিবাসী অধিকার, শ্রমিক সুরক্ষা, ইন্দোনেশিয়ান অভিবাসী ফোকাস, বিনামূল্যে","एनजीओ, वकालत, कानूनी सहायता, प्रवासी अधिकार, कार्यकर्ता संरक्षण, इंडोनेशियाई प्रवासी फोकस, मुक्त",Sokongan lain,अन्य सहयोग,অন্যান্য সমর্থন,अन्य समर्थन
"Foreign Spouses Support Group, Malaysia",Other Support,community@familyfrontiers.org,"Malaysian support group established in 2009 to advance and protect the rights of foreign spouses of Malaysian citizens and their children. Provides advocacy, peer support, and guidance on legal status, residency, and family welfare.  ",Selangor,https://www.facebook.com/FSSGMY/,No contact number,Online-based (no physical office)  ,"No information available, contact for more detail","Foreign Spouses Support Group, Malaysia","NGO, advocacy, legal aid, family support, free","Kumpulan Sokongan Pasangan Asing, Malaysia","विदेशी जीवनसाथी समर्थन समूह, मलेशिया (Foreign Spouses Support Group, Malaysia)","বিদেশী স্বামী / স্ত্রী সমর্থন গ্রুপ, মালয়েশিয়া (Foreign Spouses Support Group, Malaysia)","विदेशी पति -पत्नी सहायता समूह, मलेशिया (Foreign Spouses Support Group, Malaysia)","মালয়েশিয়ার নাগরিক এবং তাদের বাচ্চাদের বিদেশী স্বামী / স্ত্রীদের অধিকারকে এগিয়ে নিয়ে ও সুরক্ষার জন্য ২০০৯ সালে মালয়েশিয়ার সহায়তা গ্রুপ প্রতিষ্ঠিত হয়েছিল। আইনী অবস্থা, আবাস এবং পারিবারিক কল্যাণ সম্পর্কে অ্যাডভোকেসি, পিয়ার সমর্থন এবং দিকনির্দেশনা সরবরাহ করে।","Kumpulan Sokongan Malaysia ditubuhkan pada tahun 2009 untuk memajukan dan melindungi hak pasangan asing warga Malaysia dan anak -anak mereka. Menyediakan advokasi, sokongan rakan sebaya, dan bimbingan mengenai status undang -undang, kediaman, dan kebajikan keluarga.","मलेशियाई सहायता समूह ने 2009 में मलेशियाई नागरिकों और उनके बच्चों के विदेशी जीवनसाथी के अधिकारों को आगे बढ़ाने और उनकी रक्षा के लिए स्थापित किया। वकालत, सहकर्मी समर्थन और कानूनी स्थिति, निवास और परिवार कल्याण पर मार्गदर्शन प्रदान करता है।","मलेशियन नागरिकहरू र उनीहरूका बच्चाहरूको वैदेशिक पति वा पत्नीको अधिकारको लागि र संरक्षण गर्न मलेशियन समर्थन समूह स्थापना गर्ने। कांवाई, साथीहरूको समर्थन, कानुनी स्थिति, रेसिडेन्सी, र परिवार कल्याणको बारेमा निर्देशन प्रदान गर्दछ।","NGO, Advokasi, Bantuan Perundangan, Sokongan Keluarga, Percuma","एनजीओ, वकालत, कानूनी सहायता, परिवार समर्थन, स्वतन्त्र","এনজিও, অ্যাডভোকেসি, আইনী সহায়তা, পারিবারিক সহায়তা, বিনামূল্যে","एनजीओ, वकालत, कानूनी सहायता, परिवार सहायता, मुफ्त",Sokongan lain,अन्य सहयोग,অন্যান্য সমর্থন,अन्य समर्थन
General Federation of Nepalese Trade Unions (GEFONT),Work,dfa@gefont.org,"Nepal's largest trade union confederation established in 1989, representing over 449,000 workers across agriculture, industry, and services. GEFONT advocates for labour rights, union organising, and migrant worker protection, and is affiliated with international trade union bodies including ITUC. ",Selangor,https://gefont.org/,+977 1-4168000,"P82C+XJH, Kathmandu 44600, Nepal",Monday-Sunday 09:00-17:00,General Federation of Nepalese Trade Unions (GEFONT),"union, advocacy, labour rights, worker protection, Nepalese migrant focus",Persekutuan Umum Kesatuan Sekerja Nepal (Gefont),सामान्य ट्रेड युनियनहरूको सामान्य महादेश (GEFONT) (General Federation of Nepalese Trade Unions (GEFONT)),নেপালি ট্রেড ইউনিয়নগুলির জেনারেল ফেডারেশন (জিফন্ট) (General Federation of Nepalese Trade Unions (GEFONT)),जनरल फेडरेशन ऑफ नेपाली ट्रेड यूनियनों (gefont) (General Federation of Nepalese Trade Unions (GEFONT)),"নেপালের বৃহত্তম ট্রেড ইউনিয়ন কনফেডারেশন 1989 সালে প্রতিষ্ঠিত, কৃষি, শিল্প এবং পরিষেবা জুড়ে 449,000 এরও বেশি শ্রমিকের প্রতিনিধিত্ব করে। জিফন্ট শ্রম অধিকার, ইউনিয়ন সংগঠিতকরণ এবং অভিবাসী শ্রমিক সুরক্ষার পক্ষে পরামর্শ দেয় এবং আইটিইউসি সহ আন্তর্জাতিক ট্রেড ইউনিয়ন সংস্থার সাথে যুক্ত।","Konfederasi kesatuan sekerja terbesar Nepal yang ditubuhkan pada tahun 1989, yang mewakili lebih 449,000 pekerja di seluruh pertanian, industri, dan perkhidmatan. Gefont menganjurkan hak buruh, penganjur kesatuan, dan perlindungan pekerja asing, dan berafiliasi dengan badan -badan kesatuan sekerja antarabangsa termasuk ITUC.","नेपाल का सबसे बड़ा ट्रेड यूनियन परिसंघ 1989 में स्थापित किया गया, जो कृषि, उद्योग और सेवाओं में 449,000 से अधिक श्रमिकों का प्रतिनिधित्व करता है। Gefont श्रम अधिकारों, संघ के आयोजन और प्रवासी कार्यकर्ता संरक्षण के लिए वकालत करता है, और ITUC सहित अंतर्राष्ट्रीय ट्रेड यूनियन निकायों से संबद्ध है।","सन् 1 198. In मा नेपालको सबैभन्दा ठूलो ट्रेड युयोशन स्थापना भयो, कृषि, उद्योग र सेवाहरूमा 44 44,000 भन्दा बढी कामदारहरूको प्रतिनिधित्व। जिफन्टले श्रम अधिकार, संघ आयोजन, र प्रवासी कार्यकर्ता संरक्षण, र यस सहित अन्तर्राष्ट्रिय ट्रेड युनियन निकायहरूको साथ सम्बद्ध छ।","Kesatuan, Advokasi, Hak Buruh, Perlindungan Pekerja, Fokus Migran Nepal","संघ, वकालत, श्रम अधिकार, कार्यकर्ता संरक्षण, नेपाली आयुरद फोकस","ইউনিয়ন, অ্যাডভোকেসি, শ্রম অধিকার, শ্রমিক সুরক্ষা, নেপালি অভিবাসী ফোকাস","संघ, वकालत, श्रम अधिकार, कार्यकर्ता संरक्षण, नेपाली प्रवासी फोकस",Bekerja,काम,কাজ,काम
Health Equity Initiatives (HEI),Health & Wellbeing,"Not available, please contact via phone number","Malaysian NGO providing free, culturally-sensitive physical and mental health services-including counselling, health education, and community outreach-for refugees, asylum seekers, and migrant workers. HEI also engages in advocacy and research to promote equitable healthcare access.",Kuala Lumpur Federal Territory,https://www.healthequityinitiatives.org/,+603-2272 4957,"26-1A, Jalan Vivekananda, Brickfields, 50470 Kuala Lumpur, Wilayah Persekutuan Kuala Lumpur",Monday-Friday 09:00-18:00,Health Equity Initiatives (HEI),"NGO, health, mental health, counselling, advocacy, free",Inisiatif Ekuiti Kesihatan (HEI),स्वास्थ्य समानता पहल (हे) (Health Equity Initiatives (HEI)),স্বাস্থ্য ইক্যুইটি উদ্যোগ (এইচআই) (Health Equity Initiatives (HEI)),स्वास्थ्य इक्विटी पहल (HEI) (Health Equity Initiatives (HEI)),"মালয়েশিয়ান এনজিও নিখরচায়, সাংস্কৃতিকভাবে সংবেদনশীল শারীরিক এবং মানসিক স্বাস্থ্য পরিষেবাগুলি অন্তর্ভুক্ত পরামর্শ, স্বাস্থ্য শিক্ষা এবং শরণার্থী, আশ্রয়প্রার্থী এবং অভিবাসী শ্রমিকদের জন্য সম্প্রদায়ের প্রচার সরবরাহ করে। ইক্যুয়েবল স্বাস্থ্যসেবা অ্যাক্সেস প্রচারের জন্য এইচআইআই অ্যাডভোকেসি এবং গবেষণায় জড়িত।","NGO Malaysia yang menyediakan perkhidmatan kesihatan fizikal dan mental yang sensitif, termasuk kaunseling, pendidikan kesihatan, dan jangkauan masyarakat, pencari suaka, dan pekerja asing. HEI juga terlibat dalam advokasi dan penyelidikan untuk menggalakkan akses penjagaan kesihatan yang saksama.","मलेशियाई एनजीओ मुफ्त, सांस्कृतिक रूप से संवेदनशील शारीरिक और मानसिक स्वास्थ्य सेवाओं को शामिल करने, परामर्श, स्वास्थ्य शिक्षा, और सामुदायिक आउटरीच-फॉर शरणार्थी, शरण चाहने वालों और प्रवासी श्रमिकों को प्रदान करता है। HEI भी समान स्वास्थ्य देखभाल पहुंच को बढ़ावा देने के लिए वकालत और अनुसंधान में संलग्न है।","मलेशियन एनओगोहरूले नि: शुल्क, सांस्कृतिक रूपमा संवेदनशील शारीरिक र मानसिक स्वास्थ्य सेवाहरू प्रदान गर्दै भने परामर्श, स्वास्थ्य शिक्षा, र समुदाय आउटरेक्ट पनि समावेश छन् - शरणार्थी, शरणार्थी खोजी र प्रवासी कामदारहरूको लागि। हेईई पनि वकालतमा सम्मिलित र अनुसन्धानमा सर्वाधिक लाभदायक स्वास्थ्य पहुँचको प्रचार गर्न अनुसन्धान गर्छन्।","NGO, kesihatan, kesihatan mental, kaunseling, advokasi, percuma","एनजीओ, स्वास्थ्य, मानसिक स्वास्थ्य, परामर्श, परामर्श, कारोबार, स्वतन्त्र","এনজিও, স্বাস্থ্য, মানসিক স্বাস্থ্য, পরামর্শ, অ্যাডভোকেসি, বিনামূল্যে","एनजीओ, स्वास्थ्य, मानसिक स्वास्थ्य, परामर्श, वकालत, मुक्त",Kesihatan & Kesejahteraan,स्वास्थ्य र हेलोबिंग,স্বাস্থ্য ও সুস্থতা,स्वास्थ्य और भलाई
Project Liber8,Legal Aid,general@projectliber8.org,"Malaysian NGO advocating for the rights of trafficked victims, migrant workers, and refugees by challenging harmful perceptions, raising awareness, and promoting inclusion. Project Liber8 works to dismantle stigma and build a society that supports equal access to opportunities and services.  ",Selangor,https://projectliber8.org/,+603-7732 6692,"D-3A-47, PJU 6A, Lebuhraya SPRINT, 10 Boulevard, 46400 Petaling Jaya, Selangor",Monday-Sunday 09:00-17:00,Project Liber8,"NGO, advocacy, anti trafficking, awareness, inclusion, free",Projek Liber8,परियोजना लाइभर (Project Liber8),প্রকল্প লিবার 8 (Project Liber8),प्रोजेक्ट लिबर 8 (Project Liber8),"মালয়েশিয়ার এনজিও ক্ষতিকারক উপলব্ধি চ্যালেঞ্জ করে, সচেতনতা বাড়াতে এবং অন্তর্ভুক্তির প্রচারের মাধ্যমে পাচার হওয়া ক্ষতিগ্রস্থ, অভিবাসী শ্রমিক এবং শরণার্থীদের অধিকারের পক্ষে পরামর্শ দিচ্ছে। প্রজেক্ট লাইবার 8 কলঙ্ক ভেঙে ফেলার জন্য এবং এমন একটি সমাজ তৈরি করতে কাজ করে যা সুযোগ এবং পরিষেবাদিতে সমান অ্যাক্সেসকে সমর্থন করে।","NGO Malaysia yang menganjurkan hak -hak mangsa yang diperdagangkan, pekerja asing, dan pelarian dengan mencabar persepsi berbahaya, meningkatkan kesedaran, dan mempromosikan kemasukan. Projek Liber8 berfungsi untuk membongkar stigma dan membina masyarakat yang menyokong akses yang sama kepada peluang dan perkhidmatan.","मलेशियाई एनजीओ की तस्करी पीड़ितों, प्रवासी श्रमिकों और शरणार्थियों के अधिकारों की वकालत करते हुए हानिकारक धारणाओं को चुनौती देकर, जागरूकता बढ़ाकर और समावेश को बढ़ावा देना। प्रोजेक्ट लिबर 8 कलंक को नष्ट करने और एक ऐसे समाज का निर्माण करने के लिए काम करता है जो अवसरों और सेवाओं के लिए समान पहुंच का समर्थन करता है।","मलेशियन एनजीगोले बेस्बेल पीडित, प्रवासी कामदारहरू र शरणार्थीहरूको अधिकारका लागि हानिकारक हानिकारक धारणाहरू पालन गरेर, चेतना जगाउँदै। परियोजना लाइसेक्टरले स्टडेललाई विरूप पुर्याउँछन् र अवसर र सेवाहरूमा समान पहुँच समर्थन गर्ने समाज निर्माण गर्न काम गर्दछ।","NGO, Advokasi, Anti Perdagangan, Kesedaran, Kemasukan, Percuma","एनजीओ, वकालत, एन्टि तस्करी, जागरूकता, समावेशीकरण, स्वतन्त्र","এনজিও, অ্যাডভোকেসি, অ্যান্টি পাচার, সচেতনতা, অন্তর্ভুক্তি, বিনামূল্যে","एनजीओ, वकालत, एंटी ट्रैफिकिंग, जागरूकता, समावेश, मुक्त",Bantuan undang -undang,कानुनी सहायता,আইনী সহায়তা,वैध सहायता
Parti Socialis Malaysia (PSM) Migrant Desk,Legal Aid,pusat@partisosialis.org ,"Coalition of NGOs, unions, and civil society groups in Malaysia advocating for a comprehensive national policy on labour migration. Organised multi-stakeholder consultations on recruitment, employment rights, undocumented labour, detention, social security, health, and family rights, and continues to push for fair policies protecting migrant workers.  ",Kuala Lumpur Federal Territory,https://partisosialis.org/,+603-2857 5109,"No. 140, Jalan Sultan Abdul Samad, Brickfields 50470 Kuala Lumpur, Malaysia","No information available, contact for more detail",Parti Socialis Malaysia (PSM) Migrant Desk,"coalition, advocacy, labour rights, policy reform, legal aid",Meja Migran Parti Socialis Malaysia (PSM),आंशिक समाज मलेसिया (PSM) आप्रवासी डेस्क (Parti Socialis Malaysia (PSM) Migrant Desk),পার্টি সোশ্যালিস মালয়েশিয়া (পিএসএম) অভিবাসী ডেস্ক (Parti Socialis Malaysia (PSM) Migrant Desk),पार्टि सोशलिस मलेशिया (PSM) प्रवासी डेस्क (Parti Socialis Malaysia (PSM) Migrant Desk),"মালয়েশিয়ার এনজিও, ইউনিয়ন এবং নাগরিক সমাজের দলগুলির জোট শ্রম মাইগ্রেশন সম্পর্কিত একটি বিস্তৃত জাতীয় নীতির পক্ষে পরামর্শ দেয়। নিয়োগ, কর্মসংস্থান অধিকার, অনিবন্ধিত শ্রম, আটক, সামাজিক সুরক্ষা, স্বাস্থ্য এবং পারিবারিক অধিকার সম্পর্কিত মাল্টি-স্টেকহোল্ডার পরামর্শগুলি সংগঠিত এবং অভিবাসী শ্রমিকদের সুরক্ষিত ন্যায্য নীতিগুলির জন্য চাপ অব্যাহত রেখেছে।","Gabungan NGO, Kesatuan, dan Kumpulan Masyarakat Awam di Malaysia yang menganjurkan dasar kebangsaan yang komprehensif mengenai penghijrahan buruh. Konsultasi multi-stakeholder yang dianjurkan mengenai pengambilan, hak pekerjaan, buruh tanpa dokumen, penahanan, keselamatan sosial, kesihatan, dan hak keluarga, dan terus mendorong dasar-dasar adil yang melindungi pekerja asing.","मलेशिया में गैर सरकारी संगठनों, यूनियनों और नागरिक समाज समूहों का गठबंधन श्रम प्रवास पर एक व्यापक राष्ट्रीय नीति की वकालत करता है। भर्ती, रोजगार के अधिकार, अनिर्दिष्ट श्रम, निरोध, सामाजिक सुरक्षा, स्वास्थ्य और परिवार के अधिकारों पर बहु-हितधारक परामर्श आयोजित किया गया, और प्रवासी श्रमिकों की रक्षा करने वाली निष्पक्ष नीतियों के लिए आगे बढ़ना जारी है।","एनजीओको गठबन्धन, मलेसियाका गठबन्धन र नागरिक समाज समूहले श्रम प्रवासमा बृहत् शान्ति नीतिको पक्षमा बमोजिम गरे। भर्ती, रोजगार अधिकार, नजरबन्द, सामाजिक सुरक्षा, सामाजिक सुरक्षा, सामाजिक सुरक्षा, सामाजिक सुरक्षा, सामाजिक सुरक्षा, सामाजिक सुरक्षा, सामाजिक सुरक्षा, सामाजिक सुरक्षा, कम्पनीको परामर्श, र प्रवासी कामदारहरूको रक्षा गर्ने निष्पक्ष नीतिहरूको लागि पुष्टि जारी छ।","Gabungan, Advokasi, Hak Buruh, Pembaharuan Dasar, Bantuan Undang -Undang","गढीवाला, वकालत, श्रम अधिकार, नीति सुधार, कानूनी सहायता","জোট, অ্যাডভোকেসি, শ্রম অধিকার, নীতি সংস্কার, আইনী সহায়তা","गठबंधन, वकालत, श्रम अधिकार, नीति सुधार, कानूनी सहायता",Bantuan undang -undang,कानुनी सहायता,আইনী সহায়তা,वैध सहायता
Perak Women for Women Society (PWW),Housing & Shelter,perakwomenforwomen@gmail.com,"Malaysian NGO established in 2004, dedicated to defending women's rights and improving socio-economic status. Provides temporary shelter, legal support, case management, and immediate assistance for women and children victims of violence, while engaging in advocacy, awareness raising, and research.  ",Perak,https://pww.org.my/,+6011-6556 9715,"15, Jalan Market, 30000 Ipoh, Perak",Monday-Sunday 10:00-15:00,Perak Women for Women Society (PWW),"NGO, women rights, shelter, legal support, advocacy, community support, free",Perak Wanita untuk Persatuan Wanita (PWW),महिला समाजका लागि पेराक महिला (pww) (Perak Women for Women Society (PWW)),পেরাক উইমেন ফর উইমেন সোসাইটি (পিডাব্লুডাব্লু) (Perak Women for Women Society (PWW)),महिला समाज के लिए पेरक महिलाएं (PWW) (Perak Women for Women Society (PWW)),"মালয়েশিয়ান এনজিও 2004 সালে প্রতিষ্ঠিত, মহিলাদের অধিকার রক্ষার জন্য এবং আর্থ-সামাজিক অবস্থার উন্নতির জন্য উত্সর্গীকৃত। উকিল, সচেতনতা উত্থাপন এবং গবেষণায় জড়িত থাকার সময় অস্থায়ী আশ্রয়, আইনী সহায়তা, কেস ম্যানেজমেন্ট এবং সহিংসতার শিকার মহিলাদের জন্য তাত্ক্ষণিক সহায়তা সরবরাহ করে।","NGO Malaysia yang ditubuhkan pada tahun 2004, didedikasikan untuk mempertahankan hak wanita dan meningkatkan status sosio-ekonomi. Menyediakan perlindungan sementara, sokongan undang -undang, pengurusan kes, dan bantuan segera untuk wanita dan kanak -kanak mangsa keganasan, sambil terlibat dalam advokasi, peningkatan kesedaran, dan penyelidikan.","मलेशियाई एनजीओ ने 2004 में स्थापित किया, जो महिलाओं के अधिकारों का बचाव करने और सामाजिक-आर्थिक स्थिति में सुधार के लिए समर्पित था। वकालत, जागरूकता बढ़ाने और अनुसंधान में संलग्न होने के साथ -साथ हिंसा के शिकार महिलाओं और बच्चों के लिए अस्थायी आश्रय, कानूनी सहायता, केस प्रबंधन और तत्काल सहायता प्रदान करता है।","मलेशियन गैरसरकारी मलेशियन गैरसरमति भयो, महिला अधिकारको पक्षमा बचाउन र सामाजिक-आर्थिक स्थितिलाई सुधार गर्न समर्पित। अस्थायी आश्रय, कानूनी समर्थन, केस व्यवस्थापन, र हिंसाका पीडितहरूलाई तुरुन्त सहयोग प्रदान गर्दछ, वकालतमा संलग्न हुँदा, जागरूकता बढ्दै, र अनुसन्धान।","NGO, hak wanita, tempat perlindungan, sokongan undang -undang, advokasi, sokongan masyarakat, percuma","एनजीओ, महिला अधिकार, आश्रय, कानूनी समर्थन, वकालत, समुदाय समर्थन, नि: शुल्क","এনজিও, মহিলাদের অধিকার, আশ্রয়, আইনী সহায়তা, অ্যাডভোকেসি, সম্প্রদায় সমর্থন, বিনামূল্যে","एनजीओ, महिला अधिकार, आश्रय, कानूनी सहायता, वकालत, सामुदायिक सहायता, मुफ्त",Perumahan & tempat perlindungan,आवास र आश्रय,আবাসন ও আশ্রয়,आवास और आश्रय
Perak Women for Women Society (PWW),Other Support,perakwomenforwomen@gmail.com,"Malaysian NGO established in 2004, dedicated to defending women's rights and improving socio-economic status. Provides temporary shelter, legal support, case management, and immediate assistance for women and children victims of violence, while engaging in advocacy, awareness raising, and research.",Perak,https://pww.org.my/,+6011-6556 9715,"15, Jalan Market, 30000 Ipoh, Perak",Monday-Sunday 10:00-15:00,Perak Women for Women Society (PWW),"NGO, women rights, shelter, legal support, advocacy, community support, free",Perak Wanita untuk Persatuan Wanita (PWW),महिला समाजका लागि पेराक महिला (pww) (Perak Women for Women Society (PWW)),পেরাক উইমেন ফর উইমেন সোসাইটি (পিডাব্লুডাব্লু) (Perak Women for Women Society (PWW)),महिला समाज के लिए पेरक महिलाएं (PWW) (Perak Women for Women Society (PWW)),"মালয়েশিয়ান এনজিও 2004 সালে প্রতিষ্ঠিত, মহিলাদের অধিকার রক্ষার জন্য এবং আর্থ-সামাজিক অবস্থার উন্নতির জন্য উত্সর্গীকৃত। উকিল, সচেতনতা উত্থাপন এবং গবেষণায় জড়িত থাকার সময় অস্থায়ী আশ্রয়, আইনী সহায়তা, কেস ম্যানেজমেন্ট এবং সহিংসতার শিকার মহিলাদের জন্য তাত্ক্ষণিক সহায়তা সরবরাহ করে।","NGO Malaysia yang ditubuhkan pada tahun 2004, didedikasikan untuk mempertahankan hak wanita dan meningkatkan status sosio-ekonomi. Menyediakan perlindungan sementara, sokongan undang -undang, pengurusan kes, dan bantuan segera untuk wanita dan kanak -kanak mangsa keganasan, sambil terlibat dalam advokasi, peningkatan kesedaran, dan penyelidikan.","मलेशियाई एनजीओ ने 2004 में स्थापित किया, जो महिलाओं के अधिकारों का बचाव करने और सामाजिक-आर्थिक स्थिति में सुधार के लिए समर्पित था। वकालत, जागरूकता बढ़ाने और अनुसंधान में संलग्न होने के साथ -साथ हिंसा के शिकार महिलाओं और बच्चों के लिए अस्थायी आश्रय, कानूनी सहायता, केस प्रबंधन और तत्काल सहायता प्रदान करता है।","मलेशियन गैरसरकारी मलेशियन गैरसरमति भयो, महिला अधिकारको पक्षमा बचाउन र सामाजिक-आर्थिक स्थितिलाई सुधार गर्न समर्पित। अस्थायी आश्रय, कानूनी समर्थन, केस व्यवस्थापन, र हिंसाका पीडितहरूलाई तुरुन्त सहयोग प्रदान गर्दछ, वकालतमा संलग्न हुँदा, जागरूकता बढ्दै, र अनुसन्धान।","NGO, hak wanita, tempat perlindungan, sokongan undang -undang, advokasi, sokongan masyarakat, percuma","एनजीओ, महिला अधिकार, आश्रय, कानूनी समर्थन, वकालत, समुदाय समर्थन, नि: शुल्क","এনজিও, মহিলাদের অধিকার, আশ্রয়, আইনী সহায়তা, অ্যাডভোকেসি, সম্প্রদায় সমর্থন, বিনামূল্যে","एनजीओ, महिला अधिकार, आश्रय, कानूनी सहायता, वकालत, सामुदायिक सहायता, मुफ्त",Sokongan lain,अन्य सहयोग,অন্যান্য সমর্থন,अन्य समर्थन
Persatuan Sahabat Wanita Selangor,Other Support,sahabatwanita@gmail.com,"Malaysian NGO founded in 1984 to support women workers, particularly those in vulnerable industries. PSWS empowers women to protect and advance their rights through legal support, advocacy, awareness raising, capacity building, research, and case management.  ",Selangor,https://persatuansahabatwanita.org/,+603-8737 8380,"11A, Jalan Restu 1, Taman Restu 43000 Kajang, Selangor, Malaysia",Monday-Friday 09:00-18:00,Selangor Friends Of Women Association (Persatuan Sahabat Wanita Selangor),"NGO, women workers, legal support, advocacy, capacity building, community support, free",Persatuan Sahabat Wanita Selangor,महिला संघका मित्रहरू (सौतेशय सरबहात arlangor) (Persatuan Sahabat Wanita Selangor),সেলানগর ফ্রেন্ডস অফ উইমেন অ্যাসোসিয়েশন (পার্সতুয়ান সাহাবত ওয়ানিতা সেলেঙ্গর) (Persatuan Sahabat Wanita Selangor),सेलांगोर फ्रेंड्स ऑफ वुमन एसोसिएशन (पर्सतुआन साहबत वानिता सेलांगोर) (Persatuan Sahabat Wanita Selangor),"মালয়েশিয়ান এনজিও ১৯৮৪ সালে মহিলা শ্রমিকদের, বিশেষত দুর্বল শিল্পগুলিতে সহায়তা করার জন্য প্রতিষ্ঠিত হয়েছিল। পিএসডাব্লুএস আইনী সহায়তা, উকিল, সচেতনতা বৃদ্ধি, ক্ষমতা বৃদ্ধি, গবেষণা এবং কেস ম্যানেজমেন্টের মাধ্যমে মহিলাদের তাদের অধিকার রক্ষা এবং অগ্রসর করার ক্ষমতা দেয়।","NGO Malaysia yang ditubuhkan pada tahun 1984 untuk menyokong pekerja wanita, terutamanya dalam industri yang terdedah. PSWS memberi kuasa kepada wanita untuk melindungi dan memajukan hak mereka melalui sokongan undang -undang, advokasi, peningkatan kesedaran, pembinaan kapasiti, penyelidikan, dan pengurusan kes.","मलेशियाई एनजीओ ने 1984 में महिला श्रमिकों, विशेष रूप से कमजोर उद्योगों में उन लोगों का समर्थन करने के लिए स्थापित किया था। PSWS महिलाओं को कानूनी सहायता, वकालत, जागरूकता बढ़ाने, क्षमता निर्माण, अनुसंधान और केस प्रबंधन के माध्यम से अपने अधिकारों की रक्षा और आगे बढ़ाने का अधिकार देता है।","मलेशियन गैरसरकारी महिला कामदारहरूलाई समर्थन गर्न महिला कामदारहरूलाई सहयोग गर्न, विशेष गरी कमजोर उद्योगहरूमा रहेका थिए। PSWS ले कानूनी समर्थन, वकालत, जागरूकता बढाउने, जागरूकता, संचालन, र केस व्यवस्थापन मार्फत संरक्षण र अगाडि आफ्नो अधिकारको लागि संरक्षण र अग्रिम गर्न बल प्रदान गर्दछ।","NGO, pekerja wanita, sokongan undang -undang, advokasi, pembinaan kapasiti, sokongan masyarakat, percuma","एनजीओ, महिला कामदारहरू, कानूनी समर्थन, वकालत, क्षमता निर्माण, समुदाय समर्थन, नि: शुल्क","এনজিও, মহিলা শ্রমিক, আইনী সহায়তা, অ্যাডভোকেসি, সক্ষমতা বৃদ্ধি, সম্প্রদায় সহায়তা, বিনামূল্যে","एनजीओ, महिला कार्यकर्ता, कानूनी सहायता, वकालत, क्षमता निर्माण, सामुदायिक सहायता, मुफ्त",Sokongan lain,अन्य सहयोग,অন্যান্য সমর্থন,अन्य समर्थन
Women's Aid Organisation (WAO),Other Support,info@wao.org.my,"Established in 1982, WAO provides free shelter, counselling, medical care, and crisis support for women and children who survive abuse. It helps survivors of domestic violence, rape, trafficking, and other atrocities rebuild their lives, while also engaging in legal support, advocacy, awareness raising, research, and capacity building.",Selangor,https://wao.org.my/,+603 3000 8858,"493, Jalan Sultan, 46760 Petaling Jaya, Selangor, Malaysia (Mailing Address)","No information available, contact for more detail",Women's Aid Organisation (WAO),"NGO, women rights, shelter, medical, legal support, advocacy, crisis support, free",Pertubuhan Bantuan Wanita (WAO),महिला सहयोग संगठन (Wao) (Women's Aid Organisation (WAO)),মহিলা সহায়তা সংস্থা (ডাব্লুএও) (Women's Aid Organisation (WAO)),महिला सहायता संगठन (WAO) (Women's Aid Organisation (WAO)),"1982 সালে প্রতিষ্ঠিত, ডাব্লুএও নিখরচায় আশ্রয়, পরামর্শ, চিকিত্সা যত্ন এবং নির্যাতনের বেঁচে থাকা মহিলাদের এবং শিশুদের জন্য সংকট সমর্থন সরবরাহ করে। এটি ঘরোয়া সহিংসতা, ধর্ষণ, পাচার এবং অন্যান্য নৃশংসতা তাদের জীবন পুনর্নির্মাণে বেঁচে থাকা লোকদের সহায়তা করে, পাশাপাশি আইনী সহায়তা, উকিল, সচেতনতা উত্থাপন, গবেষণা এবং সক্ষমতা বৃদ্ধিতে জড়িত।","Ditubuhkan pada tahun 1982, WAO menyediakan perlindungan percuma, kaunseling, penjagaan perubatan, dan sokongan krisis untuk wanita dan kanak -kanak yang bertahan dengan penyalahgunaan. Ia membantu mangsa keganasan rumah tangga, rogol, pemerdagangan, dan kekejaman lain membina semula kehidupan mereka, sementara juga terlibat dalam sokongan undang -undang, advokasi, peningkatan kesedaran, penyelidikan, dan pembinaan kapasiti.","1982 में स्थापित, WAO उन महिलाओं और बच्चों के लिए मुफ्त आश्रय, परामर्श, चिकित्सा देखभाल और संकट समर्थन प्रदान करता है जो दुरुपयोग से बचते हैं। यह घरेलू हिंसा, बलात्कार, तस्करी और अन्य अत्याचारों से बचे लोगों को उनके जीवन का पुनर्निर्माण करने में मदद करता है, जबकि कानूनी समर्थन, वकालत, जागरूकता बढ़ाने, अनुसंधान और क्षमता निर्माण में भी संलग्न है।","1 198 22 मा स्थापित भएपछि, वेडोले महिला र चिकित्सा सेवालाई नि: शुल्क आर्जन, कारबाही, र संकट सहयोग प्रदान गर्दछ। यसले घरेलु हिंसा, बलात्कार, बेचबिखनबाट बचेकाहरूलाई पुनर्स्थापित गर्दछ, र अन्य अत्याचारले उनीहरूको जीवनलाई पुनर्निर्माण गर्दछ, जबकि कानूनी समर्थन, वकालत, जागरूकता, अनुभवी, र क्षमता निर्माणमा।","NGO, hak wanita, tempat perlindungan, perubatan, sokongan undang -undang, advokasi, sokongan krisis, percuma","एनजीओ, महिला अधिकार, आश्रय, चिकित्सा, कानूनी समर्थन, वकालत, संकट समर्थन, स्वतन्त्र","এনজিও, মহিলা অধিকার, আশ্রয়, চিকিত্সা, আইনী সহায়তা, অ্যাডভোকেসি, সংকট সমর্থন, বিনামূল্যে","एनजीओ, महिला अधिकार, आश्रय, चिकित्सा, कानूनी सहायता, वकालत, संकट समर्थन, मुक्त",Sokongan lain,अन्य सहयोग,অন্যান্য সমর্থন,अन्य समर्थन
