legal_id,section_id,part_label,title_short,language_code,source_id,legal_title_plain,legal_content_plain_en,legal_title_plain_ms,legal_title_plain_ne,legal_title_plain_bn,legal_title_plain_hi,legal_content_plain_en_ms,legal_content_plain_en_ne,legal_content_plain_en_bn,legal_content_plain_en_hi
1,2,,Regulations 1980.,EN,1,Monthly overtime limit,"Overtime is at most 104 hours in one month; after 104 hours, your employer cannot ask you to work more.",Had Overtime Bulanan,मासिक ओभरटाइम सीमा,মাসিক ওভারটাইম সীমা,मासिक ओवरटाइम सीमा,"Lebih masa paling banyak 104 jam dalam satu bulan; Selepas 104 jam, majikan anda tidak boleh meminta anda bekerja lebih lanjut.","ओभरटाइम एक महिनामा सबैभन्दा 104 घण्टामा छ; 104 घण्टा पछि, तपाईंको रोजगारदाताले तपाईंलाई अधिक काम गर्न अनुरोध गर्न सक्दैनन्।","ওভারটাইম এক মাসে সর্বাধিক 104 ঘন্টা; 104 ঘন্টা পরে, আপনার নিয়োগকর্তা আপনাকে আরও কাজ করতে বলতে পারবেন না।","ओवरटाइम एक महीने में अधिकतम 104 घंटे है; 104 घंटों के बाद, आपका नियोक्ता आपको अधिक काम करने के लिए नहीं कह सकता है।"
2,100,PART XV,"Penalties for failure or non-compliance in relation to rest days, overtime, holidays, annual leave, and sick leave",EN,2,Payment obligations,"Your employer must pay you for rest day work, overtime work, holiday work, annual leave, and sick leave - if they don't pay, they commit an offence and the court will order them to pay you the wages due.",Kewajipan pembayaran,भुक्तानी दायित्व,অর্থ প্রদানের বাধ্যবাধকতা,भुगतान दायित्व,"Majikan anda mesti membayar anda untuk kerja hari rehat, kerja lebih masa, kerja percutian, cuti tahunan, dan cuti sakit - jika mereka tidak membayar, mereka melakukan kesalahan dan mahkamah akan memerintahkan mereka membayar upah anda.","तपाईंको रोजगारदाताले तपाईंलाई आराम दिन काम, ओभरटाइम कार्य, छुट्टीको काम, वार्षिक बिदा, र बिरामी बिदाको लागि भुक्तान गर्नुपर्दछ - यदि उनीहरूले तपाईंलाई भुक्तानी गरेन भने, अदालतले तपाईंलाई ज्याला तिर्न आदेश दिनेछ।","আপনার নিয়োগকর্তাকে অবশ্যই বিশ্রামের কাজ, অতিরিক্ত সময় কাজ, ছুটির কাজ, বার্ষিক ছুটি এবং অসুস্থ ছুটির জন্য আপনাকে অর্থ প্রদান করতে হবে - যদি তারা অর্থ প্রদান না করে তবে তারা কোনও অপরাধ করে এবং আদালত তাদের আপনাকে বকেয়া মজুরি প্রদানের আদেশ দেবে।","आपके नियोक्ता को आपको आराम दिन के काम, ओवरटाइम काम, छुट्टी का काम, वार्षिक अवकाश और बीमार अवकाश के लिए भुगतान करना होगा - यदि वे भुगतान नहीं करते हैं, तो वे एक अपराध करते हैं और अदालत उन्हें आदेश देगी कि वे आपको मजदूरी का भुगतान कर सकें।"
3,16,PART III,Employees on estates to be provided with minimum number of days' work in each mont,EN,2,Minimum work days for estate workers,"If you work on an estate and get paid by days worked, your employer must give you at least 24 days of work each month or still pay you for 24 days.",Hari kerja minimum untuk pekerja harta tanah,एस्टेट कामदारहरूको लागि न्यूनतम काम दिनहरू,এস্টেট কর্মীদের জন্য সর্বনিম্ন কাজের দিন,संपत्ति श्रमिकों के लिए न्यूनतम कार्य दिवस,"Jika anda bekerja di ladang dan dibayar oleh hari bekerja, majikan anda mesti memberi anda sekurang -kurangnya 24 hari bekerja setiap bulan atau masih membayar anda selama 24 hari.","यदि तपाईं एक सम्पत्तिमा काम गर्नुहुन्छ र समय काम गरेर भुक्तान गर्नुहुन्छ भने, तपाईंको रोजगारदाताले तपाईंलाई प्रत्येक महिना कम्तिमा 2 24 दिन काम गर्नुपर्नेछ वा अझै पनि तपाईंलाई 2 days दिनको लागि भुक्तान गर्नुपर्नेछ।",আপনি যদি কোনও এস্টেটে কাজ করেন এবং কাজ করে অর্থ প্রদান করেন তবে আপনার নিয়োগকর্তাকে অবশ্যই আপনাকে প্রতি মাসে কমপক্ষে 24 দিনের কাজ দিতে হবে বা এখনও আপনাকে 24 দিনের জন্য অর্থ প্রদান করতে হবে।,"यदि आप एक संपत्ति पर काम करते हैं और काम किए गए दिनों से भुगतान करते हैं, तो आपके नियोक्ता को आपको हर महीने कम से कम 24 दिन का काम देना होगा या अभी भी आपको 24 दिनों के लिए भुगतान करना होगा।"
4,18,PART III,Wage period,EN,2,Monthly wage payment frequency,Your employer must pay your wages at least once every month.,Kekerapan pembayaran gaji bulanan,मासिक ज्याला भुक्तानी फ्रिक्वेन्सी,মাসিক মজুরি প্রদানের ফ্রিকোয়েন্সি,मासिक मजदूरी भुगतान आवृत्ति,Majikan anda mesti membayar upah anda sekurang -kurangnya sekali setiap bulan.,तपाईंको रोजगारदाताले तपाईंको ज्याला कम्तिमा प्रत्येक महिनामा एक पटक तिर्नु पर्छ।,আপনার নিয়োগকর্তাকে অবশ্যই প্রতি মাসে কমপক্ষে একবার আপনার মজুরি দিতে হবে।,आपके नियोक्ता को हर महीने कम से कम एक बार आपकी मजदूरी का भुगतान करना होगा।
5,18A,PART III,Calculation of wages for incomplete month's work,EN,2,Partial month wage calculation,"If you don't work the full month, your pay will be calculated by this formula: (Monthly wages ÷ Days in wage period) * Days you actually worked.",Pengiraan gaji bulan separa,आंशिक महिना Weage गणना,আংশিক মাস মজুরি গণনা,आंशिक माह मजदूरी गणना,"Jika anda tidak bekerja bulan penuh, gaji anda akan dikira oleh formula ini: (upah bulanan ÷ hari dalam tempoh upah) * Hari anda sebenarnya bekerja.","यदि तपाईं पूर्ण महिना काम गर्नुहुन्न भने, तपाईंको भुक्तानी यस सूत्र द्वारा गणना गरिनेछ: (मासिक ज्याला ÷ दिन ÷ दिनहरू) * दिन तपाईंले वास्तवमा काम गर्नुभयो।",আপনি যদি পুরো মাস কাজ না করেন তবে আপনার বেতন এই সূত্রটি দ্বারা গণনা করা হবে: (মজুরির সময়কালে মাসিক মজুরি) * আপনি আসলে কাজ করেছেন।,"यदि आप पूरे महीने में काम नहीं करते हैं, तो आपके वेतन की गणना इस फॉर्मूले द्वारा की जाएगी: (मासिक मजदूरी period दिन में वेतन अवधि में) * दिन आपने वास्तव में काम किया था।"
6,19,PART III,Time of payment of wages,EN,2,Wage payment deadlines,"Your employer must pay your wages within 7 days after the end of each wage period, and overtime/rest day/holiday wages must be paid by the last day of the next wage period.",Tarikh akhir pembayaran gaji,ज्याला भुक्तानी विस्तारित,মজুরি প্রদানের সময়সীমা,मजदूरी भुगतान की समय सीमा,"Majikan anda mesti membayar upah anda dalam masa 7 hari selepas berakhirnya setiap tempoh upah, dan upah kerja lebih masa/rehat/percutian mesti dibayar pada hari terakhir tempoh upah berikutnya.","तपाईंको रोजगारदाताले प्रत्येक ज्याला अवधिको अन्त्य पछि, र ओभरटाइम / आराम दिन / छुट्टीको ज्यालाको अन्तिम दिन पछि तपाईंको ज्यालामा तपाईंको ज्याला तिर्नु पर्छ।",আপনার নিয়োগকর্তাকে অবশ্যই প্রতিটি মজুরির সময় শেষ হওয়ার 7 দিনের মধ্যে আপনার মজুরি দিতে হবে এবং অতিরিক্ত সময়/বিশ্রামের দিন/ছুটির মজুরি পরবর্তী মজুরির সময়ের শেষ দিনের মধ্যে প্রদান করতে হবে।,"आपके नियोक्ता को प्रत्येक मजदूरी अवधि के अंत के बाद 7 दिनों के भीतर आपकी मजदूरी का भुगतान करना होगा, और अगली मजदूरी अवधि के अंतिम दिन तक ओवरटाइम/रेस्ट डे/हॉलिडे मजदूरी का भुगतान किया जाना चाहिए।"
7,20,PART III,Payment on normal termination of contract,EN,2,Final wage payment on normal termination,"When your contract ends normally, your employer must pay any unpaid wages on the same day your contract ends.",Pembayaran gaji akhir atas penamatan biasa,सामान्य समाप्ति मा अन्तिम ज्याला भुक्तानी,সাধারণ সমাপ্তিতে চূড়ান্ত মজুরি প্রদান,सामान्य समाप्ति पर अंतिम मजदूरी भुगतान,"Apabila kontrak anda berakhir secara normal, majikan anda mesti membayar sebarang upah yang tidak dibayar pada hari yang sama kontrak anda berakhir.","जब तपाईंको सम्झौता सामान्य रूपमा समाप्त हुन्छ, तपाईंको रोजगारदाताले कुनै पनि बचत गरिएको ज्याला तिर्नु पर्छ जुन तपाईंको सम्झौता समाप्त हुन्छ।","যখন আপনার চুক্তিটি স্বাভাবিকভাবে শেষ হয়, আপনার নিয়োগকর্তাকে অবশ্যই আপনার চুক্তিটি শেষ হওয়ার দিনেই কোনও অবৈতনিক মজুরি প্রদান করতে হবে।","जब आपका अनुबंध सामान्य रूप से समाप्त हो जाता है, तो आपके नियोक्ता को उसी दिन किसी भी अवैतनिक मजदूरी का भुगतान करना होगा, जिस दिन आपका अनुबंध समाप्त हो जाता है।"
8,21,PART III,on breach of contract,EN,2,Final wage payment on immediate termination,"When your contract ends without notice, your employer must pay all wages owed immediately on the termination day.",Pembayaran gaji akhir atas penamatan segera,तत्काल अन्त्यमा अन्तिम ज्याला भुक्तानी,তাত্ক্ষণিক সমাপ্তিতে চূড়ান্ত মজুরি প্রদান,तत्काल समाप्ति पर अंतिम मजदूरी भुगतान,"Apabila kontrak anda berakhir tanpa notis, majikan anda mesti membayar semua upah yang terhutang segera pada hari penamatan.","जब तपाईंको सम्झौता सूचना बिना समाप्त हुन्छ, तपाईंको रोजगारदाताले टर्मिनेस दिन तुरून्त णी छ।","যখন আপনার চুক্তিটি বিজ্ঞপ্তি ছাড়াই শেষ হয়, আপনার নিয়োগকর্তাকে অবশ্যই সমাপ্তির দিনে অবিলম্বে owed ণী সমস্ত মজুরি প্রদান করতে হবে।","जब आपका अनुबंध बिना किसी सूचना के समाप्त हो जाता है, तो आपके नियोक्ता को समाप्ति के दिन तुरंत बकाया सभी मजदूरी का भुगतान करना होगा।"
9,24,PART IV,Lawful deductions,EN,2,Wage deduction limits,"Your employer can only make deductions from your wages if allowed by law, and total deductions cannot exceed 50% of your monthly wages.",Had potongan upah,WALE कटौती सीमा,মজুরি ছাড়ের সীমা,मजदूरी कटौती सीमा,"Majikan anda hanya boleh membuat potongan dari upah anda jika dibenarkan oleh undang -undang, dan jumlah potongan tidak boleh melebihi 50% daripada upah bulanan anda.","तपाईंको रोजगारदाताले तपाईंको ज्याला मात्र तपाईंको ज्यालाबाट कटौती गर्न सक्दछन्, यदि कानूनले अनुमति दियो भने, तपाईंको मासिक ज्यालामा% 0% भन्दा बढी हुन सक्दैन।",আপনার নিয়োগকর্তা কেবল আইন দ্বারা অনুমোদিত হলে কেবল আপনার মজুরি থেকে ছাড় দিতে পারেন এবং মোট ছাড়গুলি আপনার মাসিক মজুরির 50% ছাড়িয়ে যেতে পারে না।,"यदि कानून द्वारा अनुमति दी जाती है, तो आपका नियोक्ता केवल आपकी मजदूरी से कटौती कर सकता है, और कुल कटौती आपके मासिक मजदूरी का 50% से अधिक नहीं हो सकती है।"
10,25,PART V,Wages to be paid through financial institution,EN,2,Bank payment requirement,Your employer must pay your wages through a bank account in your name or an account you choose.,Keperluan pembayaran bank,बैंक भुक्तानी आवश्यकता,ব্যাংক প্রদানের প্রয়োজনীয়তা,बैंक भुगतान की आवश्यकता,Majikan anda mesti membayar upah anda melalui akaun bank dalam nama anda atau akaun yang anda pilih.,तपाईंको रोजगारदाताले तपाईंको नाममा बैंक खाता मार्फत तपाईंको ज्याला तिर्नुपर्दछ वा तपाईंले छनौट गर्नुभयो।,আপনার নিয়োগকর্তাকে অবশ্যই আপনার নামে বা আপনার চয়ন করা কোনও অ্যাকাউন্টের মাধ্যমে আপনার মজুরি প্রদান করতে হবে।,आपके नियोक्ता को आपके नाम या आपके द्वारा चुने गए खाते में बैंक खाते के माध्यम से आपकी मजदूरी का भुगतान करना होगा।
11,25A,PART IV,Payment  of wages  other  than  through  financial institution,EN,2,Alternative payment methods,"If you request in writing, your employer can pay you with cash or cheque instead of bank transfer, but needs government approval first.",Kaedah pembayaran alternatif,वैकल्पिक भुक्तानी विधिहरू,বিকল্প অর্থ প্রদানের পদ্ধতি,वैकल्पिक भुगतान विधियाँ,"Jika anda meminta secara bertulis, majikan anda boleh membayar anda dengan wang tunai atau cek bukan pemindahan bank, tetapi memerlukan kelulusan kerajaan terlebih dahulu.","यदि तपाईं लिखित रूपमा अनुरोध गर्नुहुन्छ भने, तपाईंको रोजगारदाताले बैंक स्थानान्तरणको सट्टा नगद वा चेकले तपाईंलाई भुक्तान गर्न सक्दछ, तर सरकारी स्वीकृति चाहिन्छ।","আপনি যদি লিখিতভাবে অনুরোধ করেন তবে আপনার নিয়োগকর্তা আপনাকে ব্যাঙ্ক ট্রান্সফারের পরিবর্তে নগদ বা চেক দিয়ে অর্থ প্রদান করতে পারেন, তবে প্রথমে সরকারী অনুমোদনের প্রয়োজন।","यदि आप लिखित रूप में अनुरोध करते हैं, तो आपका नियोक्ता आपको बैंक हस्तांतरण के बजाय नकद या चेक के साथ भुगतान कर सकता है, लेकिन पहले सरकारी अनुमोदन की आवश्यकता है।"
12,26,PART IV,"with whom wages paid to be spent, illegal",EN,2,Wage spending freedom,"Your employer cannot control where, how, or with whom you spend your wages - any contract rules about this are illegal.",Kebebasan perbelanjaan upah,ज्याला खर्च स्वतन्त्रता,মজুরি ব্যয় স্বাধীনতা,मजदूरी खर्च की स्वतंत्रता,"Majikan anda tidak dapat mengawal di mana, bagaimana, atau dengan siapa anda membelanjakan upah anda - apa -apa peraturan kontrak mengenai perkara ini adalah haram.","तपाईंको रोजगारदाताले जहाँ नियन्त्रण, कसरी वा तपाईंको ज्याला खर्च गर्छन् - यसको बारेमा कुनै पनि अनुबन्ध नियम अवैध छ।","আপনার নিয়োগকর্তা কোথায়, কীভাবে বা কার সাথে আপনার মজুরি ব্যয় করেন তা নিয়ন্ত্রণ করতে পারে না - এ সম্পর্কে কোনও চুক্তির নিয়ম অবৈধ।","आपका नियोक्ता इस बात को नियंत्रित नहीं कर सकता है कि आप अपनी मजदूरी कहाँ, कैसे या किसके साथ खर्च करते हैं - इस बारे में कोई भी अनुबंध नियम अवैध हैं।"
13,27,PART IV,Interest on advances forbidden,EN,2,No interest on wage advances,Your employer cannot charge you interest or fees on wage advances.,Tidak ada minat terhadap pendahuluan upah,ज्याला प्रगतिहरूमा कुनै चासो छैन,মজুরির অগ্রগতিতে কোনও আগ্রহ নেই,मजदूरी अग्रिमों पर कोई ब्याज नहीं,Majikan anda tidak boleh mengenakan faedah atau yuran atas pendahuluan upah.,तपाईंको रोजगारदाताले तपाईंलाई ब्याज चार्ज गर्न सक्दैन वा ज्याला प्रगतिहरूमा शुल्कहरू।,আপনার নিয়োগকর্তা আপনার সুদ বা মজুরির অগ্রগতিতে ফি নিতে পারবেন না।,आपका नियोक्ता आपके लिए वेतन अग्रिमों पर ब्याज या शुल्क नहीं ले सकता है।
14,28,PART IV,Restriction on places at which wages may be paid,EN,2,Prohibited wage payment locations,"Your employer cannot pay your wages at bars, entertainment places, or retail shops (unless you work there).",Lokasi pembayaran gaji yang dilarang,ज्याला भुक्तानी स्थानहरू निषेधित,নিষিদ্ধ মজুরি প্রদানের অবস্থান,निषिद्ध मजदूरी भुगतान स्थान,"Majikan anda tidak dapat membayar upah anda di bar, tempat hiburan, atau kedai runcit (kecuali jika anda bekerja di sana).","तपाईंको रोजगारदाताले तपाईंको ज्याला बारमा, मनोरन्जन स्थानहरू, वा रिटेल शपहरूमा भुक्तान गर्न सक्दैन (जबसम्म तपाईं त्यहाँ काम गर्नुहुन्न)।","আপনার নিয়োগকর্তা বার, বিনোদন স্থান বা খুচরা দোকানগুলিতে আপনার মজুরি দিতে পারবেন না (আপনি যদি সেখানে কাজ না করেন)।","आपका नियोक्ता बार, मनोरंजन स्थानों या खुदरा दुकानों (जब तक आप वहां काम नहीं करते हैं) पर आपकी मजदूरी का भुगतान नहीं कर सकते हैं।"
15,60A,PART XII,Hours of work and working at night,EN,2,Daily and weekly working hour limits,"You cannot work more than 8 hours in one day, 45 hours in one week, or 12 hours in any single day even in emergencies; you must get at least 30 minutes break after 5 continuous hours of work.",Had jam kerja harian dan mingguan,दैनिक र हप्ताको काम गर्ने घण्टाको सीमा,দৈনিক এবং সাপ্তাহিক কাজের ঘন্টা সীমা,दैनिक और साप्ताहिक काम के घंटे की सीमा,"Anda tidak boleh bekerja lebih dari 8 jam dalam satu hari, 45 jam dalam satu minggu, atau 12 jam dalam mana -mana hari walaupun dalam keadaan kecemasan; Anda mesti mendapatkan sekurang -kurangnya 30 minit selepas 5 jam kerja yang berterusan.","तपाईं एक दिनमा hours 45 घण्टामा hours घण्टा भन्दा बढी काम गर्न सक्नुहुन्न, वा कुनै पनि दिनमा अविश्वासमा। तपाईंले कम्तिमा minutes0 मिनेट ब्रेक पछि minutes0 मिनेट बिच्छेद गर्नै पर्छ।","আপনি একদিনে 8 ঘন্টা, এক সপ্তাহে 45 ঘন্টা বা কোনও এক দিনে 12 ঘন্টা এমনকি জরুরী পরিস্থিতিতেও কাজ করতে পারবেন না; 5 অবিচ্ছিন্ন কাজের পরে আপনাকে অবশ্যই কমপক্ষে 30 মিনিটের বিরতি পেতে হবে।","आप एक दिन में 8 घंटे से अधिक, एक सप्ताह में 45 घंटे, या आपात स्थिति में भी किसी भी एक दिन में 12 घंटे काम नहीं कर सकते; 5 घंटे के काम के बाद आपको कम से कम 30 मिनट का ब्रेक लेना होगा।"
16,60A(3),PART XII,Hours of work and working at night,EN,2,Standard overtime pay rate,"For overtime work, you must be paid at least 1.5 times your normal hourly rate.",Kadar gaji lebih masa standard,मानक ओभरटाइम तलब दर,স্ট্যান্ডার্ড ওভারটাইম বেতন হার,मानक ओवरटाइम वेतन दर,"Untuk kerja lebih masa, anda mesti dibayar sekurang -kurangnya 1.5 kali kadar setiap jam biasa anda.","ओभरटाइम कार्यको लागि, तपाईंलाई कम्तिमा 1.5 times पटक तपाईंको सामान्य घण्टाको दरमा तिर्नु पर्छ।","ওভারটাইম কাজের জন্য, আপনাকে অবশ্যই আপনার স্বাভাবিক প্রতি ঘন্টা হার কমপক্ষে 1.5 গুণ দিতে হবে।","ओवरटाइम काम के लिए, आपको अपनी सामान्य प्रति घंटा दर कम से कम 1.5 गुना कम से कम भुगतान किया जाना चाहिए।"
17,31,PART VI,Priority of wages over other debts,EN,2,Wage priority in bankruptcy,"If your employer's property is sold or seized, your unpaid wages must be paid first before other debts.",Keutamaan gaji dalam muflis,दिवालियापन मा मजदूरी प्राथमिकता,দেউলিয়ার মধ্যে মজুরির অগ্রাধিকার,दिवालियापन में मजदूरी प्राथमिकता,"Jika harta majikan anda dijual atau disita, upah yang tidak dibayar anda mesti dibayar terlebih dahulu sebelum hutang lain.","यदि तपाइँको रोजगारदाताको सम्पत्ति बेचिन्छ वा पक्राउ गरिन्छ भने, तपाईंको भुक्तानी नगरिएका ज्यालाहरू अन्य debt ण अघि पहिले भुक्तान गर्नुपर्दछ।",যদি আপনার নিয়োগকর্তার সম্পত্তি বিক্রি বা জব্দ করা হয় তবে আপনার অবৈতনিক মজুরি অবশ্যই অন্যান্য debts ণের আগে প্রথমে প্রদান করতে হবে।,"यदि आपके नियोक्ता की संपत्ति बेची या जब्त की जाती है, तो आपके अवैतनिक मजदूरी को अन्य ऋणों से पहले भुगतान किया जाना चाहिए।"
18,33,PART VII,Liability of principals and contractors for wages,EN,2,Joint contractor liability for wages,"If contractors owe you wages, both the main contractor and subcontractor are responsible for paying you.",Liabiliti kontraktor bersama untuk upah,ज्यालाका लागि संयुक्त ठेकेदार दायित्व,মজুরির জন্য যৌথ ঠিকাদার দায়বদ্ধতা,मजदूरी के लिए संयुक्त ठेकेदार देयता,"Sekiranya kontraktor berhutang kepada anda, kedua -dua kontraktor utama dan subkontraktor bertanggungjawab untuk membayar anda.","यदि ठेकेदारहरूले तपाईंको ज्याला ow णी छन् भने, मुख्य ठेकेदार र उप Conce ्ग्रेक्टरेटर दुबैलाई भुक्तान गर्न जिम्मेवार छन्।",যদি ঠিকাদাররা আপনার মজুরি দেয় তবে প্রধান ঠিকাদার এবং সাবকন্ট্রাক্টর উভয়ই আপনাকে অর্থ প্রদানের জন্য দায়বদ্ধ।,"यदि ठेकेदार आपको मजदूरी देते हैं, तो मुख्य ठेकेदार और उपमहाद्वीप दोनों आपको भुगतान करने के लिए जिम्मेदार हैं।"
19,41,PART IX,Payment of allowance to nominee,EN,2,Maternity allowance payment delegation,Female employees can choose someone else to receive their maternity allowance payments on their behalf.,Delegasi Pembayaran Elaun Bersalin,मातृत्व भत्ता भुक्तानी प्रतिनिधिमण्डल,প্রসূতি ভাতা প্রদানের প্রতিনিধি,मातृत्व भत्ता भुगतान प्रतिनिधिमंडल,Pekerja wanita boleh memilih orang lain untuk menerima pembayaran elaun bersalin mereka bagi pihak mereka.,महिला कर्मचारीहरूले आफ्नो तर्फबाट आफ्नो मातृत्व भत्ता भुक्तानी प्राप्त गर्न कसैलाई छनौट गर्न सक्दछन्।,মহিলা কর্মীরা তাদের পক্ষ থেকে তাদের প্রসূতি ভাতা প্রদানের জন্য অন্য কাউকে বেছে নিতে পারেন।,महिला कर्मचारी अपनी ओर से अपने मातृत्व भत्ता भुगतान प्राप्त करने के लिए किसी और को चुन सकते हैं।
20,59,PART XII,Rest day,EN,2,Weekly rest day entitlement,You must get at least one full rest day each week.,Kelayakan hari rehat mingguan,साप्ताहिक आराम दिनको हक,সাপ্তাহিক বিশ্রাম দিনের এনটাইটেলমেন্ট,साप्ताहिक आराम दिवस हक,Anda mesti mendapat sekurang -kurangnya satu hari rehat penuh setiap minggu.,तपाईंले प्रत्येक हप्ता कम्तिमा एक पूर्ण आराम दिन पाउनु पर्छ।,আপনাকে অবশ্যই প্রতি সপ্তাহে কমপক্ষে একটি পূর্ণ বিশ্রাম দিন পেতে হবে।,आपको प्रत्येक सप्ताह कम से कम एक पूर्ण दिन प्राप्त करना होगा।
21,60(1),PART XII,Work on rest day,EN,2,Rest day work restrictions,You cannot be forced to work on your rest day unless it's continuous work that cannot be stopped.,Sekatan kerja hari rehat,आराम दिन काम प्रतिबन्धहरू,বিশ্রাম দিন কাজের সীমাবদ্ধতা,बाकी दिन काम प्रतिबंध,Anda tidak boleh dipaksa untuk bekerja pada hari rehat anda kecuali kerja berterusan yang tidak dapat dihentikan.,तपाईं आफ्नो विश्राम दिन काम गर्न बाध्य हुन सक्नुहुन्न जबसम्म यो निरन्तर काम गर्न सकिदैन।,আপনার বিশ্রামের দিনে কাজ করতে বাধ্য হতে পারে না যদি না এটি অবিচ্ছিন্ন কাজ বন্ধ করা যায় না।,आपको अपने आराम के दिन काम करने के लिए मजबूर नहीं किया जा सकता है जब तक कि यह निरंतर काम न हो जिसे रोका नहीं जा सकता।
22,60(3),PART XII,Work on rest day,EN,2,Rest day work pay rates,"If you work on rest day: for half day or less, you get normal daily pay; for more than half day, you get 2 days' pay; for overtime on rest day, you get at least 2 times your hourly rate.",Kadar gaji kerja hari rehat,आराम दिन काम भुक्तान दरहरू,বিশ্রাম দিন কাজের বেতন হার,बाकी दिन कार्य वेतन दर,"Jika anda bekerja pada hari rehat: selama setengah hari atau kurang, anda mendapat gaji harian biasa; Selama lebih dari setengah hari, anda mendapat gaji 2 hari; Untuk lebih masa pada hari rehat, anda mendapat sekurang -kurangnya 2 kali kadar setiap jam anda.","यदि तपाईं आराम दिन मा काम गर्नुहुन्छ: आधा दिन वा कमको लागि, तपाईं सामान्य तलब प्राप्त गर्नुहुन्छ; आधा दिन भन्दा बढीको लागि, तपाईं 2 दिन 'तलब प्राप्त गर्नुहुन्छ; विश्राम दिन मा ओभरटाइम को लागी, तपाईं कम्तिमा 2 पटक आफ्नो घण्टाको दरमा प्राप्त गर्नुहुन्छ।","আপনি যদি বিশ্রামের দিনে কাজ করেন: অর্ধ দিন বা তারও কম সময়ের জন্য, আপনি সাধারণ দৈনিক বেতন পান; অর্ধ দিনেরও বেশি সময় ধরে, আপনি 2 দিনের বেতন পাবেন; বিশ্রামের দিনে ওভারটাইমের জন্য, আপনি আপনার প্রতি ঘন্টা হার কমপক্ষে 2 বার পাবেন।","यदि आप आराम दिवस पर काम करते हैं: आधे दिन या उससे कम के लिए, आपको सामान्य दैनिक वेतन मिलता है; आधे से अधिक दिन के लिए, आपको 2 दिन का वेतन मिलता है; आराम के दिन ओवरटाइम के लिए, आपको अपनी प्रति घंटा की दर कम से कम 2 गुना मिलता है।"
23,60B,SECTION i,Task  work,EN,2,Task-based payment agreements,Your employer can agree to pay you based on tasks completed instead of daily or hourly rates.,Perjanjian pembayaran berasaskan tugas,टास्क-आधारित भुक्तान सम्झौता,টাস্ক-ভিত্তিক অর্থ প্রদানের চুক্তি,कार्य-आधारित भुगतान समझौते,Majikan anda boleh bersetuju untuk membayar anda berdasarkan tugas yang diselesaikan dan bukannya kadar harian atau setiap jam.,तपाईंको रोजगारदाताले तपाईंलाई दैनिक वा घनिल दरहरूको सट्टामा सम्मको कार्यहरूमा आधारित भुक्तान गर्न सहमत हुन सक्छ।,আপনার নিয়োগকর্তা দৈনিক বা প্রতি ঘন্টা হারের পরিবর্তে সম্পন্ন কাজের ভিত্তিতে আপনাকে অর্থ প্রদান করতে সম্মত হতে পারেন।,आपका नियोक्ता दैनिक या प्रति घंटा दरों के बजाय पूरा किए गए कार्यों के आधार पर आपको भुगतान करने के लिए सहमत हो सकता है।
24,60I,PART IX,Interpretation,EN,2,Hourly rate calculation method,"Your hourly rate is calculated by dividing your monthly pay by 26 days, or weekly pay by 6 days.",Kaedah pengiraan kadar setiap jam,प्रति घण्टा दर गणना विधि,প্রতি ঘন্টা হার গণনা পদ্ধতি,प्रति घंटा दर गणना पद्धति,"Kadar setiap jam anda dikira dengan membahagikan gaji bulanan anda sebanyak 26 hari, atau gaji mingguan sebanyak 6 hari.","तपाईंको प्रति घण्टा दर तपाईंको मासिक भुक्तान 2 26 दिनसम्म विभाजन गरेर गणना गरिन्छ, वा हप्तामा साप्ताहिक भुक्तान 6 दिनसम्म भुक्तान गरिन्छ।",আপনার প্রতি ঘন্টা হার আপনার মাসিক বেতন 26 দিনের মধ্যে ভাগ করে বা সাপ্তাহিক বেতন 6 দিনের মধ্যে ভাগ করে গণনা করা হয়।,"आपकी प्रति घंटा की दर की गणना आपके मासिक वेतन को 26 दिनों से विभाजित करके, या साप्ताहिक वेतन 6 दिनों से की जाती है।"
25,60P,PART XII,Flexible working arrangement,EN,2,Flexible work arrangement applications,"You can apply to your employer for flexible working hours, days, or workplace arrangements.",Aplikasi susunan kerja yang fleksibel,लचिलो काम व्यवस्था आवेदन,নমনীয় কাজের ব্যবস্থা অ্যাপ্লিকেশন,लचीला कार्य व्यवस्था अनुप्रयोग,"Anda boleh memohon kepada majikan anda untuk waktu kerja, hari, atau pengaturan tempat kerja yang fleksibel.","तपाईं आफ्नो रोजगारदातालाई लचिलो काम घण्टा, दिन, वा कार्यस्थल व्यवस्थाको लागि आवेदन दिन सक्नुहुन्छ।","আপনি আপনার নিয়োগকর্তাকে নমনীয় কাজের সময়, দিন বা কর্মক্ষেত্রের ব্যবস্থার জন্য আবেদন করতে পারেন।","आप अपने नियोक्ता को लचीले काम के घंटों, दिनों या कार्यस्थल की व्यवस्था के लिए आवेदन कर सकते हैं।"
26,69,PART XV,Director General's power to inquire into complaints,EN,2,Wage dispute investigation powers,"If you have wage disputes with your employer, the Director General can investigate and order payment - if your employer doesn't comply, they face fines up to RM50,000 plus RM1,000 daily until they pay.",Kuasa penyiasatan pertikaian gaji,ज्याला विवाद अनुसन्धान शक्तिहरू,মজুরি বিরোধ তদন্ত ক্ষমতা,मजदूरी विवाद जांच शक्तियां,"Jika anda mempunyai pertikaian upah dengan majikan anda, Ketua Pengarah boleh menyiasat dan memerintahkan pembayaran - jika majikan anda tidak mematuhi, mereka menghadapi denda sehingga RM50,000 ditambah RM1,000 setiap hari sehingga mereka membayar.","यदि तपाईंसँग आफ्नो नियोक्तासँग विवाद गरिएको छ भने, निर्देशकले अनुसन्धान गर्न सक्दछ र भुक्तान गर्न सक्दछ - यदि तपाईंको रोजगारदाताले भुक्तानी गरेनन् भने उनीहरूले भुक्तानी गरे।","যদি আপনার নিয়োগকর্তার সাথে আপনার মজুরি বিরোধ থাকে তবে মহাপরিচালক তদন্ত করতে এবং অর্থ প্রদানের আদেশ দিতে পারেন - যদি আপনার নিয়োগকর্তা মেনে না নেন তবে তারা অর্থ প্রদান না করা পর্যন্ত প্রতিদিন আরএম 50,000 প্লাস আরএম 1,000 পর্যন্ত জরিমানার মুখোমুখি হন।","यदि आपके पास अपने नियोक्ता के साथ मजदूरी विवाद हैं, तो महानिदेशक की जांच और आदेश दे सकते हैं - यदि आपका नियोक्ता अनुपालन नहीं करता है, तो वे भुगतान करने तक RM50,000 प्लस RM1,000 तक जुर्माना का सामना करते हैं।"
27,78,PART XV,Employee's remedy when employer about to abscond,EN,2,Prevention of employer absconding,"If your employer tries to avoid paying wages by leaving Malaysia, the court can require them to provide security and prevent them from leaving until wages are paid.",Pencegahan majikan yang melarikan diri,नियोक्ता फरार को रोकथाम,নিয়োগকর্তা পলাতক প্রতিরোধ,नियोक्ता फरार की रोकथाम,"Jika majikan anda cuba mengelakkan membayar upah dengan meninggalkan Malaysia, mahkamah boleh mengharuskan mereka untuk memberikan keselamatan dan menghalang mereka meninggalkan sehingga upah dibayar.",यदि तपाईंको नियोक्ताले मलेसिया छोडेर ज्याला तिर्नबाट बच्न कोशिस गरेपछि अदालतले उनीहरूलाई सुरक्षा प्रदान गर्न आवश्यक पर्न सक्छ र उनीहरूलाई ज्याला तटाउनबाट रोक्छ।,যদি আপনার নিয়োগকর্তা মালয়েশিয়া ছেড়ে মজুরি প্রদান এড়ানোর চেষ্টা করেন তবে আদালত তাদের সুরক্ষা সরবরাহ করতে এবং মজুরি প্রদান না হওয়া পর্যন্ত তাদের ছেড়ে যাওয়া থেকে বিরত রাখতে পারে।,"यदि आपका नियोक्ता मलेशिया छोड़कर मजदूरी का भुगतान करने से बचने की कोशिश करता है, तो अदालत को उन्हें सुरक्षा प्रदान करने और उन्हें छोड़ने से रोकने की आवश्यकता हो सकती है जब तक कि मजदूरी का भुगतान नहीं किया जाता है।"
28,87A,PART XVI,Court order for payments due to employee,EN,2,Court enforcement of wage payments,"If your employer is convicted of wage violations, the court can order immediate payment to you and can seize their property to pay your wages.",Penguatkuasaan Mahkamah Bayaran Upah,मजदुर भुक्तानी को अदालत कार्यान्वयन,মজুরি প্রদান আদালত প্রয়োগ,मजदूरी भुगतान का प्रवर्तन,"Jika majikan anda disabitkan dengan pelanggaran upah, mahkamah boleh memerintahkan pembayaran segera kepada anda dan boleh merampas harta mereka untuk membayar upah anda.","यदि तपाईंको रोजगारदाता ज्याला उल्लंघनको अभियोगमा छन् भने, अदालतले तपाईंलाई तत्काल भुक्तानी गर्न सक्दछ र तपाईंको ज्याला तिर्न तिनीहरूको सम्पत्ति लिन सक्दछ।",যদি আপনার নিয়োগকর্তা মজুরি লঙ্ঘনের জন্য দোষী সাব্যস্ত হন তবে আদালত আপনাকে তাত্ক্ষণিক অর্থ প্রদানের আদেশ দিতে পারে এবং আপনার মজুরি প্রদানের জন্য তাদের সম্পত্তি জব্দ করতে পারে।,"यदि आपके नियोक्ता को मजदूरी के उल्लंघन का दोषी ठहराया जाता है, तो अदालत आपको तत्काल भुगतान का आदेश दे सकती है और आपकी मजदूरी का भुगतान करने के लिए उनकी संपत्ति को जब्त कर सकती है।"
29,91,PART XVII,Under Parts III and IV,EN,2,Wage payment violations,"If your employer fails to pay wages on time, makes illegal deductions, or gives excessive wage advances, they commit an offence.",Pelanggaran pembayaran gaji,ज्याला भुक्तानी उल्लंघन,মজুরি প্রদানের লঙ্ঘন,मजदूरी भुगतान उल्लंघन,"Jika majikan anda gagal membayar upah tepat pada waktunya, membuat potongan haram, atau memberikan pendahuluan gaji yang berlebihan, mereka melakukan kesalahan.","यदि तपाइँको रोजगारदातालाई समयमै ज्याला भुक्तान गर्न असफल, वा अवैध ज्याला बढ्छ, तिनीहरूले एक अपराध गर्छन्।","যদি আপনার নিয়োগকর্তা সময়মতো মজুরি দিতে ব্যর্থ হন, অবৈধ ছাড় দেয় বা অতিরিক্ত মজুরির অগ্রগতি দেয় তবে তারা একটি অপরাধ করে।","यदि आपका नियोक्ता समय पर मजदूरी का भुगतान करने में विफल रहता है, तो अवैध कटौती करता है, या अत्यधिक मजदूरी अग्रिम देता है, वे एक अपराध करते हैं।"
30,92,PART V,Under Part V,EN,2,General wage rule violations,"If your employer violates wage payment rules or provides illegal amenities, they commit an offence.",Pelanggaran peraturan gaji umum,सामान्य ज्याला नियम उल्लंघन,সাধারণ মজুরি বিধি লঙ্ঘন,सामान्य मजदूरी नियम उल्लंघन,"Jika majikan anda melanggar peraturan pembayaran upah atau menyediakan kemudahan haram, mereka melakukan kesalahan.","यदि तपाइँको रोजगारदाताले ज्याला भुक्तानी नियम उल्लंघन गर्दछ वा अवैध सुविधाहरू प्रदान गर्दछ, तिनीहरूले एक अपराध गर्छन्।",যদি আপনার নিয়োগকর্তা মজুরি প্রদানের নিয়ম লঙ্ঘন করে বা অবৈধ সুযোগ -সুবিধাগুলি সরবরাহ করে তবে তারা একটি অপরাধ করে।,"यदि आपका नियोक्ता वेतन भुगतान नियमों का उल्लंघन करता है या अवैध सुविधाएं प्रदान करता है, तो वे अपराध करते हैं।"
31,99A,PART XV,General penalty,EN,2,General penalty for labour violations,"For any violation of labour laws where no specific penalty is mentioned, your employer faces a fine up to RM50,000.",Penalti Am untuk Pelanggaran Buruh,श्रम उल्लंघनको लागि सामान्य दण्ड,শ্রম লঙ্ঘনের জন্য সাধারণ জরিমানা,श्रम उल्लंघन के लिए सामान्य दंड,"Bagi mana -mana pelanggaran undang -undang buruh di mana tiada penalti tertentu disebutkan, majikan anda menghadapi denda sehingga RM50,000.","श्रम कानूनको कुनै उल्ल .्घनको लागि जहाँ कुनै खास पेनाको उल्लेख गरिएको छैन, तपाईंको रोजगारदाताले RM50, 000 सम्म राम्रो सामना गर्छन्।","যে কোনও শ্রম আইন লঙ্ঘনের জন্য যেখানে কোনও নির্দিষ্ট জরিমানার কথা উল্লেখ করা হয়নি, আপনার নিয়োগকর্তা আরএম 50,000 পর্যন্ত জরিমানার মুখোমুখি হন।","श्रम कानूनों के किसी भी उल्लंघन के लिए जहां कोई विशिष्ट दंड का उल्लेख नहीं किया गया है, आपके नियोक्ता को RM50,000 तक का जुर्माना है।"
32,3,,"minimum_wages rates and rate of wages paid to employee based only on piece rate, tonnage, etc. with effect from 1 February 2025",EN,4,Current minimum_wage rates,"The minimum_wage from 1 February 2025 is RM1,700 per month, RM8.72 per hour, or daily rates of RM65.38 (6 days/week), RM78.46 (5 days/week), or RM98.08 (4 days/week).",Kadar minimum_wage semasa,हालको न्यूनतम_व्राइज दरहरू,বর্তমান ন্যূনতম_ ওয়েজের হার,वर्तमान न्यूनतम_वेज दरें,"Minimum_wage dari 1 Februari 2025 adalah RM1,700 sebulan, RM8.72 per jam, atau kadar harian RM65.38 (6 hari/minggu), RM78.46 (5 hari/minggu), atau RM98.08 (4 hari/minggu).","1 फेब्रुअरी 2025 बाट न्यूनतम_, आरएम 1,700 प्रति महिना आरएम 1,700 हो, वा RM68..36 (days दिन / हप्ता) (days दिन / days दिन)।","1 ফেব্রুয়ারী 2025 থেকে সর্বনিম্ন_ ওয়েজটি প্রতি মাসে আরএম 1,700, প্রতি ঘন্টা আরএম 8.72, বা আরএম 65.38 (6 দিন/সপ্তাহ), আরএম 78.46 (5 দিন/সপ্তাহ), বা আরএম 98.08 (4 দিন/সপ্তাহ) এর দৈনিক হার।","1 फरवरी 2025 से न्यूनतम_वेज RM1,700 प्रति माह, RM8.72 प्रति घंटे, या RM65.38 (6 दिन/सप्ताह), RM78.46 (5 दिन/सप्ताह), या RM98.08 (4 दिन/सप्ताह) की दैनिक दरें है।"
33,4,,"minimum_wages rates and rate of wages paid to employee based only on piece rate, tonnage, etc. for the period from 1 February 2025 to 31 July 2025",EN,4,Current minimum_wage rates,"The minimum_wage from 1 August 2025 is RM1,700 per month, RM8.72 per hour, or daily rates of RM65.38 (6 days/week), RM78.46 (5 days/week), or RM98.08 (4 days/week).",Kadar minimum_wage semasa,हालको न्यूनतम_व्राइज दरहरू,বর্তমান ন্যূনতম_ ওয়েজের হার,वर्तमान न्यूनतम_वेज दरें,"Minimum_wage dari 1 Ogos 2025 adalah RM1,700 sebulan, RM8.72 per jam, atau kadar harian RM65.38 (6 hari/minggu), RM78.46 (5 hari/minggu), atau RM98.08 (4 hari/minggu).","1 अगस्त 2025 बाट न्यूनतम_, आरएम 1,700 प्रति घण्टा, RM8.7272 प्रति घण्टा, वा RM68.36 (days दिन / हप्ता) (days दिन / हप्ता) (days दिन / हप्ता)।","1 আগস্ট 2025 থেকে ন্যূনতম_জেজ প্রতি মাসে আরএম 1,700, প্রতি ঘন্টা আরএম 8.72, বা আরএম 65.38 (6 দিন/সপ্তাহ), আরএম 78.46 (5 দিন/সপ্তাহ), বা আরএম 98.08 (4 দিন/সপ্তাহ) এর দৈনিক হার।","1 अगस्त 2025 से न्यूनतम_वेज RM1,700 प्रति माह, RM8.72 प्रति घंटे, या RM65.38 (6 दिन/सप्ताह), RM78.46 (5 दिन/सप्ताह), या RM98.08 (4 दिन/सप्ताह) की दैनिक दरें है।"
34,5,,"minimum_wages rates and rate of wages paid to employee based only on piece rate, tonnage, etc. with effect from 1 August 2025",EN,4,Current minimum_wage rates,"The minimum_wage from 1 August 2025 is RM1,700 per month, RM8.72 per hour, or daily rates of RM65.38 (6 days/week), RM78.46 (5 days/week), or RM98.08 (4 days/week).",Kadar minimum_wage semasa,हालको न्यूनतम_व्राइज दरहरू,বর্তমান ন্যূনতম_ ওয়েজের হার,वर्तमान न्यूनतम_वेज दरें,"Minimum_wage dari 1 Ogos 2025 adalah RM1,700 sebulan, RM8.72 per jam, atau kadar harian RM65.38 (6 hari/minggu), RM78.46 (5 hari/minggu), atau RM98.08 (4 hari/minggu).","1 अगस्त 2025 बाट न्यूनतम_, आरएम 1,700 प्रति घण्टा, RM8.7272 प्रति घण्टा, वा RM68.36 (days दिन / हप्ता) (days दिन / हप्ता) (days दिन / हप्ता)।","1 আগস্ট 2025 থেকে ন্যূনতম_জেজ প্রতি মাসে আরএম 1,700, প্রতি ঘন্টা আরএম 8.72, বা আরএম 65.38 (6 দিন/সপ্তাহ), আরএম 78.46 (5 দিন/সপ্তাহ), বা আরএম 98.08 (4 দিন/সপ্তাহ) এর দৈনিক হার।","1 अगस्त 2025 से न्यूनतम_वेज RM1,700 प्रति माह, RM8.72 प्रति घंटे, या RM65.38 (6 दिन/सप्ताह), RM78.46 (5 दिन/सप्ताह), या RM98.08 (4 दिन/सप्ताह) की दैनिक दरें है।"
35,12,,Offences,EN,6,Employer passport retention prohibition,Your employer cannot legally keep your passport without proper authority.,Larangan pengekalan pasport majikan,रोजगारदाता पासपोर्ट रिटेसन निषेध,নিয়োগকর্তা পাসপোর্ট ধরে রাখা নিষেধাজ্ঞা,नियोक्ता पासपोर्ट प्रतिधारण निषेध,Majikan anda tidak boleh menyimpan pasport anda secara sah tanpa kuasa yang betul.,तपाईंको रोजगारदाता कानूनी रूपमा उचित अधिकार बिना तपाईंको पासपोर्ट राख्नुहोस्।,আপনার নিয়োগকর্তা যথাযথ কর্তৃপক্ষ ছাড়াই আইনত আপনার পাসপোর্ট রাখতে পারবেন না।,आपका नियोक्ता उचित अधिकार के बिना कानूनी रूप से अपना पासपोर्ट नहीं रख सकता है।
36,15,PART III,Employer to construct and maintain estate hospital,EN,5,Estate hospital construction requirement,Your employer may be required to build and maintain a hospital on or near the estate for medical treatment.,Keperluan Pembinaan Hospital Harta Tanah,अस्पताल निर्माण अस्पताल निर्माण आवश्यकता,এস্টেট হাসপাতাল নির্মাণের প্রয়োজনীয়তা,संपत्ति अस्पताल निर्माण की आवश्यकता,Majikan anda mungkin dikehendaki membina dan menyelenggara hospital di atau berhampiran dengan harta pusaka untuk rawatan perubatan.,तपाईंको रोजगारदातालाई चिकित्सा उपचारको लागि सम्पत्तीको लागि अस्पताल निर्माण र नजिकै राख्न आवश्यक पर्दछ।,আপনার নিয়োগকর্তাকে চিকিত্সা চিকিত্সার জন্য এস্টেটের কাছাকাছি বা তার কাছাকাছি একটি হাসপাতাল তৈরি এবং রক্ষণাবেক্ষণের প্রয়োজন হতে পারে।,आपके नियोक्ता को चिकित्सा उपचार के लिए संपत्ति पर या उसके पास अस्पताल बनाने और बनाए रखने की आवश्यकता हो सकती है।
37,22,PART III,Power of Medical Officer of Health to order immunization against infectious disease,EN,5,Employer-funded immunization requirement,Your employer may be required to build and maintain a hospital on or near the estate for medical treatment.,Keperluan imunisasi yang dibiayai oleh majikan,नियोक्ता - कोष गरिएको खोप आउटमेन्ट आवश्यकता,নিয়োগকর্তা অর্থায়িত টিকাদান প্রয়োজনীয়তা,नियोक्ता द्वारा वित्त पोषित टीकाकरण आवश्यकता,Majikan anda mungkin dikehendaki membina dan menyelenggara hospital di atau berhampiran dengan harta pusaka untuk rawatan perubatan.,तपाईंको रोजगारदातालाई चिकित्सा उपचारको लागि सम्पत्तीको लागि अस्पताल निर्माण र नजिकै राख्न आवश्यक पर्दछ।,আপনার নিয়োগকর্তাকে চিকিত্সা চিকিত্সার জন্য এস্টেটের কাছাকাছি বা তার কাছাকাছি একটি হাসপাতাল তৈরি এবং রক্ষণাবেক্ষণের প্রয়োজন হতে পারে।,आपके नियोक्ता को चिकित्सा उपचार के लिए संपत्ति पर या उसके पास अस्पताल बनाने और बनाए रखने की आवश्यकता हो सकती है।
38,24J,PART III,Duties and responsibilities in respect of safety and health,EN,5,Safety and health duties,"Your employer or accommodation provider who provides accommodation must: (a) provide separate accommodation for employees of opposite gender, (b) take necessary preventive measures to ensure employees' safety and well-being, (c) take fire safety measures according to relevant written laws, (d) ensure electrical wiring systems comply with safety requirements according to relevant written laws, (e) ensure employees receive necessary medical assistance, and (f) take preventive measures to contain infectious diseases as ordered by the Medical Officer of Health and provide immunization arrangements at employer's expense.",Tugas keselamatan dan kesihatan,सुरक्षा र स्वास्थ्य कर्तव्यहरू,সুরক্ষা এবং স্বাস্থ্য কর্তব্য,सुरक्षा और स्वास्थ्य कर्तव्य,"Pembekal majikan atau tempat penginapan anda yang menyediakan penginapan mesti: (a) Menyediakan penginapan yang berasingan bagi pekerja yang bertentangan dengan jantina, (b) mengambil langkah-langkah pencegahan yang diperlukan untuk memastikan keselamatan dan kesejahteraan pekerja, (c) mengambil langkah-langkah keselamatan kebakaran mengikut undang-undang bertulis yang berkaitan dengan undang-undang yang berkaitan. Pegawai Perubatan Kesihatan dan menyediakan pengaturan imunisasi pada perbelanjaan majikan.","तपाईंको रोजगारदाता वा आवास प्रदायक जसले आवास प्रदान गर्दछ: (क) उपकरणको सुरक्षा र हलवालाका कर्मचारीहरूको लागि छुट्टै आवासको लागि पूर्ण चिकित्सा आवश्यकताहरू लिन्छन्, (f) ले ग्राहकको अफिसरलाई आदेश दिन्छन्। स्वास्थ्यको र नियोक्ताको खर्चमा खोप प्रबन्धहरू प्रदान गर्दछ।","আপনার নিয়োগকর্তা বা আবাসন সরবরাহকারী যিনি আবাসন সরবরাহ করেন তাদের অবশ্যই অবশ্যই: (ক) বিপরীত লিঙ্গের কর্মীদের জন্য পৃথক আবাসন সরবরাহ করুন, (খ) কর্মীদের সুরক্ষা এবং সুস্থতা নিশ্চিত করার জন্য প্রয়োজনীয় প্রতিরোধমূলক ব্যবস্থা গ্রহণ করুন, (গ) প্রাসঙ্গিক লিখিত আইন অনুসারে আগুন সুরক্ষা ব্যবস্থা গ্রহণ করুন, (ঘ) প্রয়োজনীয় চিকিত্সা অনুসারে বৈদ্যুতিক তারের ব্যবস্থা গ্রহণ করুন, (e) প্রাসঙ্গিক আইনগুলি গ্রহণের ব্যবস্থাগুলি নিশ্চিত করুন, (e) কর্মচারীদের প্রয়োজনীয় চিকিত্সাগুলি নিশ্চিত করুন, (e) কর্মচারীদের প্রয়োজনীয় চিকিত্সাগুলি নিশ্চিত করুন, স্বাস্থ্যের অফিসার এবং নিয়োগকর্তার ব্যয়ে টিকা ব্যবস্থা সরবরাহ করুন।","आपका नियोक्ता या आवास प्रदाता जो आवास प्रदान करता है, उसे होना चाहिए: (ए) विपरीत लिंग के कर्मचारियों के लिए अलग-अलग आवास प्रदान करते हैं, (बी) कर्मचारियों की सुरक्षा और कल्याण सुनिश्चित करने के लिए आवश्यक निवारक उपाय करें, (ग) प्रासंगिक लिखित कानूनों के अनुसार अग्नि सुरक्षा उपाय करें, (डी) सुनिश्चित करें कि प्रासंगिक लिखित कानूनों के अनुसार सुरक्षा आवश्यकताओं का पालन करें। स्वास्थ्य और नियोक्ता के खर्च पर टीकाकरण व्यवस्था प्रदान करते हैं।"
39,24L,Part III,Appointment of person in charge of accommodation,EN,5,Person in charge appointment,"Your employer or accommodation provider must appoint at least one person in charge of accommodation who will be responsible for employees' safety and well-being and management of accommodations and amenities. This person must: (a) ensure employees comply with disciplinary rules, (b) visit and inspect accommodation at least twice a month and keep inspection records as determined by the Director General, and (c) ensure an employee is taken to a clinic or hospital if the employee complains of health issues or appears unwell, and keep records of complaints as determined by the Director General.",Orang yang bertanggungjawab,वर्ल्ड नियुक्ति मा व्यक्ति,দায়িত্বে নিযুক্ত ব্যক্তি,प्रभारी नियुक्ति व्यक्ति,"Majikan atau penyedia penginapan anda mesti melantik sekurang-kurangnya seorang yang bertanggungjawab ke atas penginapan yang akan bertanggungjawab untuk keselamatan dan kesejahteraan pekerja dan pengurusan penginapan dan kemudahan. Orang ini mesti: (a) Memastikan pekerja mematuhi peraturan disiplin, (b) melawat dan memeriksa penginapan sekurang -kurangnya dua kali sebulan dan menyimpan rekod pemeriksaan seperti yang ditentukan oleh Ketua Pengarah, dan (c) memastikan pekerja dibawa ke klinik atau hospital jika pekerja mengadu isu -isu kesihatan atau kelihatan tidak sihat, dan menyimpan rekod aduan seperti yang ditentukan oleh Ketua Pengarah.",तपाईंको रोजगारदाता वा आवास प्रदायकले कम्तिमा एक व्यक्तिलाई कम्तिमा एक व्यक्तिलाई नियुक्त गर्नुपर्दछ जसले कर्मचारीहरूको सुरक्षा र आवास र आदरणीय आवास र सुविधाहरूको लागि जिम्मेवार हुनेछ। यस व्यक्तिले अनुशासनिक नियमहरूको पालना गर्ने कामहरू सुनिश्चित गर्न र आवासको साथसाथै कर्मचारीहरू सुनिश्चित गरे र (c) निर्देशक जनरलद्वारा निर्धारित कर्मचारी वा निरीक्षणको अभिलेख राखिन्छन्।,"আপনার নিয়োগকর্তা বা আবাসন সরবরাহকারীকে অবশ্যই আবাসনের দায়িত্বে থাকা কমপক্ষে একজনকে নিয়োগ করতে হবে যারা কর্মচারীদের সুরক্ষা এবং মঙ্গল এবং আবাসন এবং সুযোগ-সুবিধার পরিচালনার জন্য দায়বদ্ধ থাকবেন। এই ব্যক্তিকে অবশ্যই অবশ্যই: (ক) কর্মচারীদের শৃঙ্খলাবদ্ধ বিধি মেনে চলার বিষয়টি নিশ্চিত করুন, (খ) মাসে কমপক্ষে দু'বার আবাসন পরিদর্শন ও পরিদর্শন করুন এবং মহাপরিচালকের দ্বারা নির্ধারিত হিসাবে পরিদর্শন রেকর্ডগুলি বজায় রাখুন এবং (গ) কর্মচারী যদি স্বাস্থ্য সংক্রান্ত সমস্যাগুলির অভিযোগ করেন বা অযৌক্তিক হিসাবে উপস্থিত হন তবে কোনও কর্মচারীকে কোনও ক্লিনিক বা হাসপাতালে নিয়ে যাওয়া হয়েছে তা নিশ্চিত করুন।","आपके नियोक्ता या आवास प्रदाता को आवास के प्रभारी कम से कम एक व्यक्ति को नियुक्त करना होगा जो कर्मचारियों की सुरक्षा और अच्छी तरह से रहने और आवास और सुविधाओं के प्रबंधन के लिए जिम्मेदार होगा। यह व्यक्ति चाहिए: (ए) कर्मचारियों को अनुशासनात्मक नियमों का अनुपालन सुनिश्चित करें, (बी) दौरा करें और महीने में कम से कम दो बार आवास का निरीक्षण करें और निरीक्षण रिकॉर्ड को महानिदेशक द्वारा निर्धारित किया जाए, और (ग) यह सुनिश्चित करें कि एक कर्मचारी को एक क्लिनिक या अस्पताल में ले जाया जाता है यदि कर्मचारी स्वास्थ्य के मुद्दों की शिकायत करता है या अस्वस्थ दिखाई देता है, और महानिदेशक द्वारा निर्धारित शिकायतों के रिकॉर्ड को रखता है।"
40,8,PART II,Building endangering health or safety,EN,5,Building safety inspections,"The Director General shall cause to be inspected: (a) by a Medical Officer of Health, any building, estate hospital, group estate hospital or clinic which appears likely to endanger health due to its design, site, size, sanitation, water quality or other conditions; and (b) by the District Engineer, any building, estate hospital, group estate hospital or clinic which appears likely to endanger safety due to its construction, state of repair or condition. After inspection, officials shall submit reports with recommendations on necessary measures. The Director General may then order employers to demolish and replace, alter or repair buildings or make good deficiencies within specified time and conditions, and may direct that no employee or dependants occupy such buildings pending compliance.",Pemeriksaan keselamatan bangunan,सुरक्षाको निरीक्षण निर्माण,বিল্ডিং সুরক্ষা পরিদর্শন,भवन सुरक्षा निरीक्षण,"Ketua Pengarah hendaklah menyebabkan diperiksa: (a) oleh seorang pegawai perubatan kesihatan, mana -mana bangunan, hospital harta tanah, hospital harta tanah atau klinik yang kelihatannya membahayakan kesihatan kerana reka bentuk, tapak, saiz, sanitasi, kualiti air atau keadaan lain; dan (b) oleh jurutera daerah, mana -mana bangunan, hospital harta tanah, hospital atau klinik harta tanah yang kelihatannya membahayakan keselamatan kerana pembinaannya, keadaan pembaikan atau keadaan. Selepas pemeriksaan, pegawai hendaklah mengemukakan laporan dengan cadangan mengenai langkah -langkah yang diperlukan. Ketua Pengarah kemudiannya boleh memerintahkan majikan untuk merobohkan dan menggantikan, mengubah atau membaiki bangunan atau membuat kekurangan yang baik dalam masa dan keadaan tertentu, dan mungkin mengarahkan bahawa tidak ada pekerja atau tanggungan yang menduduki bangunan tersebut sementara menunggu pematuhan.","महासका सर्वसाधारणले निरीक्षण गर्ने निम्त्याए: (क) चिकित्सा अधिकारी, जफत अस्पताल, समूह एस्टेट अस्पताल सरसफाई, पानी गुणस्तर, पानी गुणस्तर वा अन्य अवस्थाको कारण। र (ख) जिल्ला इन्जिनियरि, कुनै भवन, हपेट अस्पताल, समूह एस्टेट अस्पताल वा क्लिनिक जुन यसको निर्माण कार्य, मर्मत वा सर्तको कारणले सुरक्षा सम्भव देखिन्छ। निरीक्षण पछि, अधिकारीहरूले आवश्यक उपायहरूमा सिफारिस गरेका प्रतिनिधिहरू पेश गर्नेछन्। महानिर्देशक निर्देशकलाई त्यसपछि रोजगारदाताहरूको आदेश दिन सक्छ, बदल्न, परिवर्तन वा मर्मत भवनहरू बदल्न वा निर्दिष्ट समय र नियमहरू भित्र राम्रो कमिहरू छन् जुन कुनै भवनहरू ओगटेको छ।","মহাপরিচালক পরিদর্শন করবেন: (ক) স্বাস্থ্যকর একজন মেডিকেল অফিসার, যে কোনও বিল্ডিং, এস্টেট হাসপাতাল, গ্রুপ এস্টেট হাসপাতাল বা ক্লিনিকের দ্বারা যা তার নকশা, সাইট, আকার, স্যানিটেশন, জলের গুণমান বা অন্যান্য শর্তের কারণে স্বাস্থ্যকে বিপন্ন করার সম্ভাবনা রয়েছে বলে মনে হয়; এবং (খ) জেলা প্রকৌশলী, যে কোনও বিল্ডিং, এস্টেট হাসপাতাল, গ্রুপ এস্টেট হাসপাতাল বা ক্লিনিকের দ্বারা যা নির্মাণ, মেরামত বা শর্তের কারণে সুরক্ষা বিপন্ন হতে পারে বলে মনে হয়। পরিদর্শন করার পরে, কর্মকর্তারা প্রয়োজনীয় ব্যবস্থাগুলির বিষয়ে সুপারিশ সহ প্রতিবেদন জমা দেবেন। মহাপরিচালক তখন নিয়োগকর্তাদের বিল্ডিংগুলি ধ্বংস এবং প্রতিস্থাপন, পরিবর্তন বা মেরামত করতে বা নির্দিষ্ট সময় এবং শর্তগুলির মধ্যে ভাল ঘাটতি তৈরি করার নির্দেশ দিতে পারেন এবং নির্দেশ দিতে পারেন যে কোনও কর্মচারী বা নির্ভরশীলরা এই জাতীয় বিল্ডিংগুলি মেনে চলার জন্য মেনে চলেন না।","महानिदेशक का निरीक्षण करने का कारण होगा: (ए) स्वास्थ्य के एक चिकित्सा अधिकारी, किसी भी भवन, संपत्ति अस्पताल, समूह संपत्ति अस्पताल या क्लिनिक द्वारा जो अपने डिजाइन, साइट, आकार, स्वच्छता, पानी की गुणवत्ता या अन्य स्थितियों के कारण स्वास्थ्य को खतरे में डालने की संभावना है; और (बी) जिला अभियंता, किसी भी भवन, एस्टेट अस्पताल, समूह एस्टेट अस्पताल या क्लिनिक द्वारा जो इसके निर्माण, मरम्मत या स्थिति की स्थिति के कारण सुरक्षा को खतरे में डालने की संभावना है। निरीक्षण के बाद, अधिकारी आवश्यक उपायों पर सिफारिशों के साथ रिपोर्ट प्रस्तुत करेंगे। तब महानिदेशक नियोक्ताओं को आदेश दे सकते हैं कि वे इमारतों को ध्वस्त करने और बदलने, बदलने या मरम्मत करने या निर्दिष्ट समय और शर्तों के भीतर अच्छी कमियां करने का आदेश दे सकते हैं, और यह निर्देश दे सकते हैं कि कोई भी कर्मचारी या आश्रित ऐसी इमारतों के अनुपालन पर कब्जा नहीं करता है।"
41,15,PART IV,General duties of employers,EN,8,General employer safety duties,"Your employer must ensure your safety, health and welfare at work by: providing safe equipment and work systems, ensuring safe handling of materials, giving you safety training and information, keeping the workplace safe with proper access routes, maintaining a safe working environment with adequate facilities, and having emergency procedures ready.",Tugas keselamatan majikan umum,सामान्य रोजगारदाता सुरक्षा कर्तव्यहरू,সাধারণ নিয়োগকর্তা সুরক্ষা দায়িত্ব,सामान्य नियोक्ता सुरक्षा कर्तव्य,"Majikan anda mesti memastikan keselamatan, kesihatan dan kebajikan anda di tempat kerja dengan: menyediakan peralatan yang selamat dan sistem kerja, memastikan pengendalian bahan yang selamat, memberikan anda latihan dan maklumat keselamatan, menjaga tempat kerja selamat dengan laluan akses yang betul, mengekalkan persekitaran kerja yang selamat dengan kemudahan yang mencukupi, dan menyediakan prosedur kecemasan.","तपाईंको रोजगारदाताले तपाईंको सुरक्षा, स्वास्थ्य र कल्याणलाई काममा सुनिश्चित गर्नुपर्दछ: तपाईंलाई सुरक्षा प्रशिक्षण र जानकारी प्रदान गर्दै, पर्याप्त पहुँच समिति प्रदान गर्दै, र आपतकालीन प्रक्रियाहरू प्रदान गर्दै।","আপনার নিয়োগকর্তাকে অবশ্যই আপনার সুরক্ষা, স্বাস্থ্য এবং কর্মক্ষেত্রে কল্যাণ নিশ্চিত করতে হবে: নিরাপদ সরঞ্জাম এবং কাজের ব্যবস্থা সরবরাহ করা, উপকরণগুলির নিরাপদ পরিচালনা নিশ্চিতকরণ, আপনাকে সুরক্ষা প্রশিক্ষণ এবং তথ্য দেওয়া, কর্মক্ষেত্রকে যথাযথ অ্যাক্সেস রুটের সাথে সুরক্ষিত রাখা, পর্যাপ্ত সুবিধা সহ একটি নিরাপদ কাজের পরিবেশ বজায় রাখা এবং জরুরি পদ্ধতি প্রস্তুত থাকা প্রস্তুত রয়েছে।","आपके नियोक्ता को काम पर आपकी सुरक्षा, स्वास्थ्य और कल्याण सुनिश्चित करना चाहिए: सुरक्षित उपकरण और कार्य प्रणाली प्रदान करना, सामग्री की सुरक्षित हैंडलिंग सुनिश्चित करना, आपको सुरक्षा प्रशिक्षण और जानकारी देना, कार्यस्थल को उचित पहुंच मार्गों के साथ सुरक्षित रखना, पर्याप्त सुविधाओं के साथ एक सुरक्षित कामकाजी वातावरण बनाए रखना और आपातकालीन प्रक्रियाओं को तैयार करना।"
42,24,PART VI,General duties of employees at work,EN,8,Employee safety duties,"While at work, you must: take care of your own safety and others who might be affected by your actions, cooperate with your employer on safety requirements, wear protective equipment provided by your employer, and follow safety instructions. Breaking these rules can result in fines up to RM2,000 or jail time up to 3 months.",Tugas keselamatan pekerja,कर्मचारी सुरक्षा कर्तव्यहरू,কর্মচারী সুরক্ষা দায়িত্ব,कर्मचारी सुरक्षा कर्तव्य,"Semasa di tempat kerja, anda mesti: Jaga keselamatan anda sendiri dan orang lain yang mungkin terjejas oleh tindakan anda, bekerjasama dengan majikan anda mengenai keperluan keselamatan, memakai peralatan perlindungan yang disediakan oleh majikan anda, dan ikuti arahan keselamatan. Memecahkan peraturan ini boleh menyebabkan denda sehingga RM2,000 atau masa penjara sehingga 3 bulan.","काममा हुँदा, तपाईं गर्नै पर्छ: तपाईंको आफ्नै सुरक्षा र अरूको ख्याल राख्नुहोस् जो तपाईंको कामबाट प्रभावित हुन सक्छ, सुरक्षात्मक उपकरणहरू तपाईंको रोजगारदाताले प्रदान गर्दछ, र सुरक्षा निर्देशनहरू पालना गर्दछ। यी नियमहरू तोड्नुहोस् RM2,000 वा जेल समयमा months महिनासम्म जरिवाना हुन सक्छ।","কর্মক্ষেত্রে, আপনাকে অবশ্যই অবশ্যই: আপনার নিজের সুরক্ষা এবং অন্যদের যারা আপনার ক্রিয়াকলাপ দ্বারা প্রভাবিত হতে পারে তাদের যত্ন নিতে হবে, আপনার নিয়োগকর্তাকে সুরক্ষার প্রয়োজনীয়তায় সহযোগিতা করুন, আপনার নিয়োগকর্তার দ্বারা সরবরাহিত সুরক্ষামূলক সরঞ্জাম পরিধান করুন এবং সুরক্ষা নির্দেশাবলী অনুসরণ করুন। এই নিয়মগুলি ভাঙার ফলে আরএম 2,000 বা জেল সময় 3 মাস পর্যন্ত জরিমানা হতে পারে।","काम के दौरान, आपको चाहिए: अपनी खुद की सुरक्षा और अन्य लोगों का ध्यान रखें जो आपके कार्यों से प्रभावित हो सकते हैं, अपने नियोक्ता के साथ सुरक्षा आवश्यकताओं पर सहयोग कर सकते हैं, अपने नियोक्ता द्वारा प्रदान किए गए सुरक्षात्मक उपकरण पहनते हैं, और सुरक्षा निर्देशों का पालन करते हैं। इन नियमों को तोड़ने से RM2,000 या जेल का समय 3 महीने तक का जुर्माना हो सकता है।"
43,16,PART IV,Duty of employer to formulate occupational safety and health policy,EN,8,Safety policy requirement,Your employer must prepare and regularly update a written safety and health policy statement and make sure all employees know about it and any changes to it.,Keperluan dasar keselamatan,सुरक्षा नीति आवश्यकता,সুরক্ষা নীতি প্রয়োজনীয়তা,सुरक्षा नीति आवश्यकता,Majikan anda mesti menyediakan dan kerap mengemas kini pernyataan dasar keselamatan dan kesihatan bertulis dan pastikan semua pekerja tahu mengenainya dan sebarang perubahan kepadanya.,तपाईंको रोजगारदाताले तयार गर्नै पर्छ र नियमित रूपमा लिखित सुरक्षा र स्वास्थ्य नीतिगत बयान अपडेट गर्नुपर्दछ र निश्चित गर्नुहोस् कि सबै कर्मचारीहरूलाई यसको बारेमा थाहा छ र यसमा कुनै परिवर्तनहरू छन् भन्ने कुरा सुनिश्चित गर्नुहोस्।,আপনার নিয়োগকর্তাকে অবশ্যই একটি লিখিত সুরক্ষা এবং স্বাস্থ্য নীতি বিবৃতি প্রস্তুত এবং নিয়মিত আপডেট করতে হবে এবং নিশ্চিত করতে হবে যে সমস্ত কর্মচারী এটি সম্পর্কে এবং এটিতে কোনও পরিবর্তন জানেন।,आपके नियोक्ता को एक लिखित सुरक्षा और स्वास्थ्य नीति कथन को तैयार करना और नियमित रूप से अपडेट करना होगा और सुनिश्चित करना होगा कि सभी कर्मचारी इसके बारे में जानते हैं और इसके किसी भी बदलाव को जानते हैं।
44,30,PART VII,Establishment of safety and health committee at place of work,EN,8,Safety committee requirement,"Your employer must set up a safety and health committee if there are 40 or more workers at the workplace, or if ordered by the Director General. The employer must work with this committee to develop and check safety measures. Not following this can result in fines up to RM100,000 or jail time up to 1 year.",Keperluan Jawatankuasa Keselamatan,सुरक्षा समिति आवश्यकता,সুরক্ষা কমিটির প্রয়োজনীয়তা,सुरक्षा समिति की आवश्यकता,"Majikan anda mesti menubuhkan Jawatankuasa Keselamatan dan Kesihatan jika terdapat 40 atau lebih pekerja di tempat kerja, atau jika diperintahkan oleh Ketua Pengarah. Majikan mesti bekerjasama dengan jawatankuasa ini untuk membangun dan memeriksa langkah -langkah keselamatan. Tidak mengikuti ini boleh menyebabkan denda sehingga RM100,000 atau masa penjara sehingga 1 tahun.","यदि कार्यस्थलमा 400 वा बढी कामदारहरू छन् भने तपाईंको रोजगारदाताले सुरक्षा र स्वास्थ्य समिति स्थापना गर्नुपर्नेछ भने, वा निर्देशक जनरल द्वारा आदेश दिए। सुरक्षाको उपाय विकास गर्न र कार्यको लागि रोजगारदाताले यस समितिसँग काम गर्नुपर्दछ। यस पछिको होईन RM100,000 वा जेल अवधि 1 बर्ष सम्म बढ्न सक्दछ।","কর্মক্ষেত্রে 40 বা ততোধিক কর্মী থাকলে বা মহাপরিচালক কর্তৃক যদি আদেশ দেওয়া হয় তবে আপনার নিয়োগকর্তাকে অবশ্যই একটি সুরক্ষা এবং স্বাস্থ্য কমিটি স্থাপন করতে হবে। সুরক্ষা ব্যবস্থাগুলি বিকাশ এবং পরীক্ষা করতে নিয়োগকর্তাকে অবশ্যই এই কমিটির সাথে কাজ করতে হবে। এটি অনুসরণ না করার ফলে আরএম 100,000 বা 1 বছর পর্যন্ত জেল সময় জরিমানা হতে পারে।","आपके नियोक्ता को एक सुरक्षा और स्वास्थ्य समिति की स्थापना करनी चाहिए यदि कार्यस्थल पर 40 या अधिक श्रमिक हैं, या यदि महानिदेशक द्वारा आदेश दिया गया है। नियोक्ता को सुरक्षा उपायों को विकसित करने और जांचने के लिए इस समिति के साथ काम करना चाहिए। इसका अनुसरण नहीं करने से RM100,000 या जेल का समय 1 वर्ष तक का जुर्माना हो सकता है।"
45,32,PART VIII,Accident reporting,EN,8,Accident notification requirements,"Your employer must report any workplace accidents, dangerous incidents, occupational poisoning or diseases to the nearest occupational safety and health office. Medical practitioners must also report occupational diseases to the Director General.",Keperluan pemberitahuan kemalangan,दुर्घटना सूचना आवश्यकताहरू,দুর্ঘটনা বিজ্ঞপ্তি প্রয়োজনীয়তা,दुर्घटना अधिसूचना आवश्यकताएँ,"Majikan anda mesti melaporkan sebarang kemalangan di tempat kerja, insiden berbahaya, keracunan pekerjaan atau penyakit ke pejabat keselamatan dan kesihatan pekerjaan terdekat. Pengamal perubatan juga mesti melaporkan penyakit pekerjaan kepada Ketua Pengarah.","तपाईंको रोजगारदाताले कुनै पनि कार्यस्थल दुर्घटना, खतरनाक घटनाहरू, व्यावसायिक सुरक्षा र स्वास्थ्य अफिसमा रिपोर्ट गर्नुपर्नेछ। चिकित्सा चिकित्सकहरू पनि निर्देशकलाई निर्देशकका लागि व्यावसायिक रोगहरू रिपोर्ट गर्नुपर्दछ।","আপনার নিয়োগকর্তাকে অবশ্যই কোনও কর্মক্ষেত্রের দুর্ঘটনা, বিপজ্জনক ঘটনা, পেশাগত বিষক্রিয়া বা রোগের নিকটতম পেশাগত সুরক্ষা এবং স্বাস্থ্য অফিসে রোগের প্রতিবেদন করতে হবে। চিকিত্সা অনুশীলনকারীদের অবশ্যই মহাপরিচালককে পেশাগত রোগের প্রতিবেদন করতে হবে।","आपके नियोक्ता को किसी भी कार्यस्थल दुर्घटनाओं, खतरनाक घटनाओं, व्यावसायिक विषाक्तता या रोगों को निकटतम व्यावसायिक सुरक्षा और स्वास्थ्य कार्यालय को रिपोर्ट करना होगा। चिकित्सा चिकित्सकों को महानिदेशक को व्यावसायिक रोगों की भी रिपोर्ट करनी चाहिए।"
46,21,PART III,Duty of employer to segregate employee suffering from infectious,EN,5,Infectious disease segregation,"If there is an infectious disease outbreak at your workplace, your employer must provide a place for you to be safely separated if directed by the Medical Officer of Health. Your employer must pay for your maintenance and treatment while you are segregated. If a Medical Officer believes you have an infectious disease or need to be removed for public health reasons, they can legally order you to be moved to a medical facility and kept there until you are discharged by written order from a Medical Officer.",Pengasingan penyakit berjangkit,संक्रामक रोग विभाजन,সংক্রামক রোগ বিভাজন,संक्रामक रोग अलगाव,"Sekiranya terdapat wabak penyakit berjangkit di tempat kerja anda, majikan anda mesti menyediakan tempat untuk anda dipisahkan dengan selamat jika diarahkan oleh pegawai perubatan kesihatan. Majikan anda mesti membayar penyelenggaraan dan rawatan anda semasa anda dipisahkan. Sekiranya seorang pegawai perubatan percaya anda mempunyai penyakit berjangkit atau perlu dikeluarkan untuk alasan kesihatan awam, mereka boleh memerintahkan secara sah anda untuk dipindahkan ke kemudahan perubatan dan disimpan di sana sehingga anda dilepaskan oleh perintah bertulis dari pegawai perubatan.","यदि तपाईंको कार्यस्थलमा एक संक्रामक रोग प्रकोप छ भने, तपाईंको रोजगारदाताले तपाईंको स्वास्थ्यको चिकित्सा अधिकारीले निर्देशित गरेमा सुरक्षित रूपमा अलग हुन सक्ने ठाउँ प्रदान गर्नुपर्दछ। तपाईंको नियोक्ताले तपाईंको मर्मत र उपचारको लागि पैसा तिर्नु पर्छ जब तपाईं सहभागी हुनुहुन्छ। यदि एक मेडिकल अफिसरले तपाईंलाई एक संक्रामक रोग छ वा सार्वजनिक स्वास्थ्य कारणका लागि हटाउनु आवश्यक छ भने, तिनीहरूले कानूनी रूपमा एक चिकित्सा अधिकारीबाट लिखित अर्डरबाट उत्प्रेरित हुन सक्छन।","যদি আপনার কর্মক্ষেত্রে কোনও সংক্রামক রোগের প্রাদুর্ভাব ঘটে থাকে তবে আপনার নিয়োগকর্তাকে অবশ্যই মেডিকেল অফিসার কর্তৃক নির্দেশিত হলে নিরাপদে আলাদা করার জন্য আপনাকে অবশ্যই একটি জায়গা সরবরাহ করতে হবে। আপনি বিচ্ছিন্ন হওয়ার সময় আপনার নিয়োগকর্তাকে অবশ্যই আপনার রক্ষণাবেক্ষণ এবং চিকিত্সার জন্য অর্থ প্রদান করতে হবে। যদি কোনও মেডিকেল অফিসার বিশ্বাস করেন যে আপনার একটি সংক্রামক রোগ রয়েছে বা জনস্বাস্থ্যের কারণে অপসারণ করা দরকার, তারা আইনত আপনাকে কোনও মেডিকেল সুবিধায় স্থানান্তরিত করার আদেশ দিতে পারে এবং কোনও মেডিকেল অফিসারের কাছ থেকে লিখিত আদেশে আপনাকে ছাড় না দেওয়া পর্যন্ত সেখানে রাখা উচিত।","यदि आपके कार्यस्थल पर एक संक्रामक बीमारी का प्रकोप है, तो आपके नियोक्ता को स्वास्थ्य के चिकित्सा अधिकारी द्वारा निर्देशित होने पर आपको सुरक्षित रूप से अलग होने के लिए एक जगह प्रदान करनी चाहिए। आपके नियोक्ता को आपके रखरखाव और उपचार के लिए भुगतान करना होगा, जबकि आपको अलग किया जाता है। यदि एक चिकित्सा अधिकारी का मानना ​​है कि आपको एक संक्रामक बीमारी है या सार्वजनिक स्वास्थ्य कारणों से हटाने की आवश्यकता है, तो वे कानूनी रूप से आपको एक चिकित्सा सुविधा में ले जाने का आदेश दे सकते हैं और जब तक आपको एक चिकित्सा अधिकारी से लिखित आदेश द्वारा छुट्टी नहीं दी जाती है, तब तक वहां रखा जाता है।"
47,11,PART II,Allotment of land,EN,5,Land allotment rights,"If you work and live at your workplace for at least 6 months, your employer must give you 250 square meters of land for growing food.",Hak peruntukan tanah,भूमि छुट्याइ अधिकार,জমি বরাদ্দ অধিকার,भूमि आवंटन अधिकार,"Jika anda bekerja dan tinggal di tempat kerja anda selama sekurang -kurangnya 6 bulan, majikan anda mesti memberi anda 250 meter persegi tanah untuk makanan yang semakin meningkat.","यदि तपाईं काम गर्नुहुन्छ र कम्तिमा months महिनाको लागि आफ्नो कार्यस्थलमा बस्नुहुन्छ भने, तपाईंको रोजगारदाताले तपाईंलाई 2 250 वर्ग मिटर घरहरू दिनै पर्छ।",আপনি যদি কমপক্ষে months মাস আপনার কর্মক্ষেত্রে কাজ করেন এবং থাকেন তবে আপনার নিয়োগকর্তাকে অবশ্যই বাড়ছে খাবারের জন্য আপনাকে 250 বর্গমিটার জমি দিতে হবে।,"यदि आप काम करते हैं और कम से कम 6 महीने के लिए अपने कार्यस्थल पर रहते हैं, तो आपके नियोक्ता को आपको बढ़ते भोजन के लिए 250 वर्ग मीटर की जमीन देनी होगी।"
48,12,PART II,"Community hall, sports and other recreational facilities",EN,5,Recreation facility requirements,"If there are 100 or more workers living at the workplace, your employer must build a community hall and provide sports and recreation facilities.",Keperluan kemudahan rekreasi,मनोरन्जन सुविधा आवश्यकताहरू,বিনোদন সুবিধার প্রয়োজনীয়তা,मनोरंजन सुविधा आवश्यकताएँ,"Sekiranya terdapat 100 atau lebih pekerja yang tinggal di tempat kerja, majikan anda mesti membina dewan komuniti dan menyediakan kemudahan sukan dan rekreasi.","यदि त्यहाँ 100 वा कार्यस्थलमा बस्ने अधिक कामदारहरू छन् भने, तपाईंको रोजगारदाताले सामुदायिक हल निर्माण गर्न र खेलकुद र मनोरन्जन सुविधाहरू प्रदान गर्नुपर्दछ।",যদি কর্মক্ষেত্রে 100 বা ততোধিক কর্মী থাকেন তবে আপনার নিয়োগকর্তাকে অবশ্যই একটি কমিউনিটি হল তৈরি করতে হবে এবং খেলাধুলা এবং বিনোদনমূলক সুবিধা সরবরাহ করতে হবে।,"यदि कार्यस्थल पर 100 या अधिक श्रमिक रहते हैं, तो आपके नियोक्ता को एक सामुदायिक हॉल का निर्माण करना होगा और खेल और मनोरंजन सुविधाएं प्रदान करनी चाहिए।"
49,13,PART II,No rent or charge to be levied for benefits under this Part,EN,5,No charges for accommodation benefits,"Your employer cannot charge you rent or fees for housing, nursery, community hall, sports facilities, sanitation, or land allotment provided under this law.",Tiada caj untuk faedah penginapan,आवास सुविधाहरूको लागि कुनै शुल्क छैन,আবাসন সুবিধার জন্য কোনও চার্জ নেই,आवास लाभ के लिए कोई शुल्क नहीं,"Majikan anda tidak boleh mengenakan bayaran sewa atau yuran untuk perumahan, tapak semaian, dewan komuniti, kemudahan sukan, sanitasi, atau peruntukan tanah yang disediakan di bawah undang -undang ini.","तपाईंको रोजगारदाताले तपाईंलाई आवास, नर्सरी, नर्स, खेलकुद सुविधा सुविधा, सरसफाई, वा भूमि आवंत्ताको लागि चार्ज गर्न सक्दैनन्।","আপনার নিয়োগকর্তা এই আইনের অধীনে প্রদত্ত আবাসন, নার্সারি, কমিউনিটি হল, ক্রীড়া সুবিধা, স্যানিটেশন বা জমি বরাদ্দের জন্য আপনাকে ভাড়া বা ফি চার্জ করতে পারবেন না।","आपका नियोक्ता आपको आवास, नर्सरी, सामुदायिक हॉल, खेल सुविधाओं, स्वच्छता, या इस कानून के तहत प्रदान किए गए भूमि आवंटन के लिए किराए पर या फीस नहीं दे सकता है।"
50,19,PART III,Medical treatment in estate on which a hospital is not maintained,EN,5,Medical clinic requirements,"If there's no hospital available, your employer must establish and maintain a clinic for treating sick workers and their families, with a registered doctor visiting at least twice a month.",Keperluan Klinik Perubatan,चिकित्सा क्लिनिक आवश्यकताहरू,মেডিকেল ক্লিনিকের প্রয়োজনীয়তা,चिकित्सा क्लिनिक आवश्यकताएँ,"Sekiranya tidak ada hospital yang ada, majikan anda mesti menubuhkan dan mengekalkan klinik untuk merawat pekerja sakit dan keluarga mereka, dengan doktor berdaftar yang melawat sekurang -kurangnya dua kali sebulan.","यदि त्यहाँ कुनै अस्पताल उपलब्ध छैन भने, तपाईंको रोजगारदाताले बिरामी मजदुर र उनीहरूको परिवारलाई उपचारको लागि क्लिनिकलाई कायम राख्न र कायम राख्नै पर्छ, एक जना दुई पटक एक महिनामा दुई पटक भ्रमण गर्न।","যদি কোনও হাসপাতাল উপলব্ধ না থাকে তবে আপনার নিয়োগকর্তাকে অবশ্যই অসুস্থ শ্রমিক এবং তাদের পরিবারের চিকিত্সার জন্য একটি ক্লিনিক স্থাপন এবং রক্ষণাবেক্ষণ করতে হবে, একজন নিবন্ধিত ডাক্তার মাসে কমপক্ষে দু'বার পরিদর্শন করেছেন।","यदि कोई अस्पताल उपलब्ध नहीं है, तो आपके नियोक्ता को बीमार श्रमिकों और उनके परिवारों के इलाज के लिए एक क्लिनिक स्थापित करना और बनाए रखना होगा, एक पंजीकृत डॉक्टर के साथ महीने में कम से कम दो बार दौरा करना चाहिए।"
51,23,PART III,Weekly inspection of employees’ housing,EN,5,Housing inspection requirements,"Your employer must keep your housing area clean and sanitary, maintain proper drainage, collect refuse daily, and ensure bathrooms are clean - with weekly inspections by health officials.",Keperluan pemeriksaan perumahan,आवास निरीक्षण आवश्यकताहरू,আবাসন পরিদর্শন প্রয়োজনীয়তা,आवास निरीक्षण आवश्यकताएँ,"Majikan anda mesti menjaga kawasan perumahan anda bersih dan kebersihan, mengekalkan saliran yang betul, mengumpul sampah setiap hari, dan memastikan bilik mandi bersih - dengan pemeriksaan mingguan oleh pegawai kesihatan.","तपाईंको रोजगारदाताले तपाईंको आवास क्षेत्र सफा र सेनेटरी राख्नुपर्दछ, उचित निकासी कायम राख्नुपर्दछ, दैनिक अस्वीकार गर्नुहोस्, र स्वास्थ्य अधिकारीहरूले साप्ताहिक निरीक्षणहरू।","আপনার নিয়োগকর্তাকে অবশ্যই আপনার আবাসন অঞ্চলটি পরিষ্কার এবং স্যানিটারি রাখতে হবে, যথাযথ নিকাশী বজায় রাখতে হবে, প্রতিদিন প্রত্যাখ্যান সংগ্রহ করতে হবে এবং বাথরুমগুলি পরিষ্কার রয়েছে তা নিশ্চিত করতে হবে - স্বাস্থ্য আধিকারিকদের সাপ্তাহিক পরিদর্শন সহ।","आपके नियोक्ता को अपने आवास क्षेत्र को साफ और सेनेटरी बनाए रखना चाहिए, उचित जल निकासी बनाए रखना चाहिए, दैनिक से इनकार करना चाहिए, और यह सुनिश्चित करना चाहिए कि बाथरूम साफ हों - स्वास्थ्य अधिकारियों द्वारा साप्ताहिक निरीक्षण के साथ।"
52,24D,PART III,Accommodation to be certified with Certificate for Accommodation,EN,5,Accommodation certificate requirement,"Your employer cannot provide accommodation without a Certificate for Accommodation - violating this can result in fines up to RM50,000.",Keperluan sijil penginapan,आवास प्रमाणपत्र आवश्यकता,আবাসন শংসাপত্রের প্রয়োজনীয়তা,आवास प्रमाणपत्र आवश्यकता,"Majikan anda tidak dapat menyediakan penginapan tanpa sijil untuk penginapan - melanggar ini boleh menyebabkan denda sehingga RM50,000.","तपाईंको रोजगारदाता आवासको लागि प्रमाणपत्र बिना आवास प्रदान गर्न सक्दैनन् - यसको मतदान गर्न RM50,000 सम्म जरिवाना हुन सक्छ।","আপনার নিয়োগকর্তা আবাসনের জন্য শংসাপত্র ব্যতীত আবাসন সরবরাহ করতে পারবেন না - এটি লঙ্ঘন করার ফলে আরএম 50,000 পর্যন্ত জরিমানা হতে পারে।","आपका नियोक्ता आवास के लिए एक प्रमाण पत्र के बिना आवास प्रदान नहीं कर सकता है - इसका उल्लंघन करने से RM50,000 तक का जुर्माना हो सकता है।"
53,24E,PART III,Employer to give notice of occupation,EN,5,Employer notification requirement,"Your employer must notify the Director General within 30 days when you occupy accommodation - failure to do so results in fines up to RM10,000.",Keperluan Pemberitahuan Majikan,रोजगारदाता सूचना आवश्यकता,নিয়োগকর্তা বিজ্ঞপ্তি প্রয়োজনীয়তা,नियोक्ता अधिसूचना आवश्यकता,"Majikan anda mesti memberitahu Ketua Pengarah dalam masa 30 hari apabila anda menduduki penginapan - kegagalan untuk berbuat demikian menyebabkan denda sehingga RM10,000.","तपाईंको रोजगारदाताले जनरल जनरललाई days0 दिन भित्र सूचित गर्नुपर्दछ जब तपाईं आवास स्थगित गर्नुहुन्छ - गर्न असफलता RM10,000 सम्ममा परिणामहरू।","আপনি যখন আবাসন দখল করেন তখন আপনার নিয়োগকর্তাকে অবশ্যই 30 দিনের মধ্যে মহাপরিচালককে অবহিত করতে হবে - এটি করতে ব্যর্থতার ফলে আরএম 10,000 পর্যন্ত জরিমানা হয়।","आपके नियोक्ता को 30 दिनों के भीतर महानिदेशक को सूचित करना होगा जब आप आवास पर कब्जा कर लेते हैं - ऐसा करने में विफलता RM10,000 तक जुर्माना में होती है।"
54,24F,PART III,Accommodation to comply with minimum standards,EN,5,Accommodation minimum standards,Your employer or accommodation provider must ensure that every accommodation provided for employees complies with the minimum standards required under this Act or any regulations made thereunder.,Piawaian minimum penginapan,आवास न्यूनतम मापदण्डहरू,আবাসন ন্যূনতম মান,आवास न्यूनतम मानक,Pembekal majikan atau penginapan anda mesti memastikan bahawa setiap penginapan yang disediakan untuk pekerja mematuhi piawaian minimum yang diperlukan di bawah Akta ini atau mana -mana peraturan yang dibuat di bawahnya.,तपाईंको रोजगारदाता वा आवास प्रदायकले यो सुनिश्चित गर्नुपर्दछ कि कर्मचारीहरूको लागि प्रदान गरिएको प्रत्येक आवासले यस ऐन वा कुनै नियम बनाएको छ।,আপনার নিয়োগকর্তা বা আবাসন সরবরাহকারীকে অবশ্যই নিশ্চিত করতে হবে যে কর্মচারীদের জন্য প্রদত্ত প্রতিটি আবাসন এই আইনের অধীনে প্রয়োজনীয় ন্যূনতম মান বা এর অধীনে যে কোনও বিধিবিধান মেনে চলে।,आपके नियोक्ता या आवास प्रदाता को यह सुनिश्चित करना चाहिए कि कर्मचारियों के लिए प्रदान किया गया प्रत्येक आवास इस अधिनियम के तहत आवश्यक न्यूनतम मानकों या उसके द्वारा किए गए किसी भी नियम का अनुपालन करता है।
55,24G,PART III,Deductions in respect of rent or charge for accommodation. Accommodation to comply with minimum standards,EN,5,Rent deductions from wages,"Your employer may collect rent or charges for accommodation provided, but this must be done through deductions from your wages according to conditions prescribed by the Minister.",Potongan sewa dari upah,ज्यालाबाट वाहलाहरू भाडामा लिनुहोस्,মজুরি থেকে ছাড় ছাড়,मजदूरी से किराया कटौती,"Majikan anda boleh mengumpul sewa atau caj untuk penginapan yang disediakan, tetapi ini mesti dilakukan melalui potongan dari upah anda mengikut syarat yang ditetapkan oleh Menteri.","तपाईंको रोजगारदाताले आवासको लागि भाँडा वा शुल्कहरू स collect ्कलन गर्न सक्दछ, तर यो मन्त्रीले दिएको अवस्था अनुसार ज्यालाबाट कटौतीहरूद्वारा कटौती गर्नै पर्दछ।","আপনার নিয়োগকর্তা প্রদত্ত আবাসনের জন্য ভাড়া বা চার্জ সংগ্রহ করতে পারেন, তবে মন্ত্রীর দ্বারা নির্ধারিত শর্তাবলী অনুসারে আপনার মজুরি থেকে ছাড়ের মাধ্যমে এটি করা উচিত।","आपका नियोक्ता प्रदान किए गए आवास के लिए किराया या शुल्क एकत्र कर सकता है, लेकिन यह मंत्री द्वारा निर्धारित शर्तों के अनुसार आपकी मजदूरी से कटौती के माध्यम से किया जाना चाहिए।"
56,24H,PART III,Accommodation to comply with the laws of local authorities,EN,5,Building safety compliance,"Your employer or accommodation provider cannot use any building as accommodation if the building is unfit for human habitation according to relevant written laws. Violating this is an offence with fines up to RM50,000.",Pematuhan keselamatan bangunan,निर्माण सुरक्षा अनुपालन,বিল্ডিং সুরক্ষা সম্মতি,भवन सुरक्षा अनुपालन,"Pembekal majikan atau penginapan anda tidak boleh menggunakan mana -mana bangunan sebagai penginapan jika bangunan itu tidak sesuai untuk kediaman manusia mengikut undang -undang bertulis yang berkaitan. Melanggar ini adalah kesalahan dengan denda sehingga RM50,000.",तपाईंको रोजगारदाता वा आवास प्रदायकले कुनै पनि भवनलाई आमन्त्रितको रूपमा प्रयोग गर्न सक्दैन यदि भवन मानव बनेमको लागि उपयुक्त छ भने। उल्लंघन गर्दै RM5000 सम्म जरिवाना एक अपराध हो।,"প্রাসঙ্গিক লিখিত আইন অনুসারে যদি বিল্ডিংটি মানুষের আবাসের জন্য অযোগ্য হয় তবে আপনার নিয়োগকর্তা বা আবাসন সরবরাহকারী কোনও বিল্ডিংকে আবাসন হিসাবে ব্যবহার করতে পারবেন না। এটি লঙ্ঘন করা আরএম 50,000 পর্যন্ত জরিমানা সহ একটি অপরাধ।","आपका नियोक्ता या आवास प्रदाता किसी भी इमारत का उपयोग आवास के रूप में नहीं कर सकता है यदि भवन प्रासंगिक लिखित कानूनों के अनुसार मानव निवास के लिए अयोग्य है। इसका उल्लंघन करना RM50,000 तक जुर्माना के साथ एक अपराध है।"
57,24I,PART III,Appointment of person in charge of accommodation,EN,5,Decent amenities provision,Your employer or accommodation provider must provide decent and adequate amenities in accordance with this Act or any regulations made thereunder.,Peruntukan kemudahan yang baik,सभ्य सुविधा प्रावधान,শালীন সুযোগসুবিধা বিধান,सभ्य सुविधा प्रावधान,Pembekal majikan atau penginapan anda mesti menyediakan kemudahan yang baik dan mencukupi mengikut Akta ini atau mana -mana peraturan yang dibuat di bawahnya.,तपाईंको रोजगारदाता वा आवास प्रदायकले यस ऐन वा कुनै नियमहरू बमोजिम सभ्य र पर्याप्त सुविधाहरू प्रदान गर्नुपर्दछ।,আপনার নিয়োগকর্তা বা আবাসন সরবরাহকারীকে অবশ্যই এই আইন বা এর অধীনে করা কোনও বিধি অনুসারে শালীন এবং পর্যাপ্ত সুযোগ -সুবিধা সরবরাহ করতে হবে।,आपके नियोक्ता या आवास प्रदाता को इस अधिनियम या उसके द्वारा किए गए किसी भी नियम के अनुसार सभ्य और पर्याप्त सुविधाएं प्रदान करनी चाहिए।
58,24K,Part III,Maintenance,EN,5,Maintenance requirements,Your employer and accommodation provider must ensure that every accommodation provided for employees is maintained as directed by the Director General.,Keperluan penyelenggaraan,मर्मत आवश्यकताहरू,রক্ষণাবেক্ষণের প্রয়োজনীয়তা,रखरखाव आवश्यकताएँ,Pembekal majikan dan penginapan anda mesti memastikan bahawa setiap penginapan yang disediakan untuk pekerja dikekalkan seperti yang diarahkan oleh Ketua Pengarah.,तपाईंको रोजगारदाता र आवास प्रदायकले यो सुनिश्चित गर्नुपर्दछ कि कर्मचारीहरूको लागि प्रदान गरिएको प्रत्येक आवास निर्देशक महानिर्देशक निर्देशक महानिर्देशक निर्देशित गरिएको छ।,আপনার নিয়োগকর্তা এবং আবাসন সরবরাহকারীকে অবশ্যই নিশ্চিত করতে হবে যে কর্মচারীদের জন্য প্রদত্ত প্রতিটি আবাসন মহাপরিচালক দ্বারা নির্দেশিত হিসাবে বজায় রাখা হয়েছে।,आपके नियोक्ता और आवास प्रदाता को यह सुनिश्चित करना चाहिए कि कर्मचारियों के लिए प्रदान किए गए प्रत्येक आवास को महानिदेशक द्वारा निर्देशित के रूप में बनाए रखा जाता है।
59,24M,Part III,Notice to vacate accommodation,EN,5,Notice to vacate,"If you resign or your employment is terminated with at least four weeks' notice, you must vacate the accommodation upon the effective date of termination. If your employment is terminated with less than four weeks' notice or with immediate effect, you must vacate the accommodation within four weeks from the date of notice or termination.",Notis untuk mengosongkan,खाली गर्न सूचना,খালি লক্ষ্য,खाली करने के लिए नोटिस,"Jika anda meletakkan jawatan atau pekerjaan anda ditamatkan dengan notis sekurang -kurangnya empat minggu, anda mesti mengosongkan penginapan pada tarikh penamatan yang berkuatkuasa. Jika pekerjaan anda ditamatkan dengan notis kurang dari empat minggu atau dengan serta -merta, anda mesti mengosongkan penginapan dalam masa empat minggu dari tarikh notis atau penamatan.","यदि तपाईंले राजीनामा गर्नुभयो वा तपाईंको रोजगार कम्तिमा चार हप्ताको सूचनाको साथ समाप्त भयो भने, तपाईंले समाप्तिको प्रभावकारिता मितिमा खाली गर्नुपर्नेछ। यदि तपाईंको रोजगार चार हप्ताको सूचना वा तत्काल प्रभावको साथ समाप्त भयो भने, तपाईंले चार हप्ताको मिति वा समाप्तिको मितिबाट आवासको मिति वा समाप्तिबाट आवास पूरा गर्नुपर्नेछ।",আপনি যদি পদত্যাগ করেন বা আপনার কর্মসংস্থান কমপক্ষে চার সপ্তাহের নোটিশ দিয়ে শেষ করা হয় তবে আপনাকে অবশ্যই সমাপ্তির কার্যকর তারিখের ভিত্তিতে আবাসনটি খালি করতে হবে। যদি আপনার কর্মসংস্থান চার সপ্তাহেরও কম নোটিশ দিয়ে বা তাত্ক্ষণিক প্রভাবের সাথে সমাপ্ত হয় তবে আপনাকে অবশ্যই নোটিশ বা সমাপ্তির তারিখ থেকে চার সপ্তাহের মধ্যে আবাসনটি খালি করতে হবে।,"यदि आप इस्तीफा देते हैं या आपके रोजगार को कम से कम चार सप्ताह के नोटिस के साथ समाप्त कर दिया जाता है, तो आपको समाप्ति की प्रभावी तिथि पर आवास को खाली करना होगा। यदि आपका रोजगार चार सप्ताह से कम समय के नोटिस या तत्काल प्रभाव से समाप्त हो जाता है, तो आपको नोटिस या समाप्ति की तारीख से चार सप्ताह के भीतर आवास को खाली करना होगा।"
60,24N,Part III,Employer not obligated to provide accommodation for employees’ dependants,EN,5,No obligation for dependants,Your employer is not obligated to provide accommodation for your dependants even if you are provided with accommodation under this Part.,Tiada kewajipan untuk tanggungan,आश्रितको लागि दायित्व छैन,নির্ভরশীলদের জন্য কোনও বাধ্যবাধকতা নেই,आश्रितों के लिए कोई दायित्व नहीं,Majikan anda tidak diwajibkan untuk menyediakan penginapan untuk tanggungan anda walaupun anda diberikan penginapan di bawah bahagian ini.,तपाईंको नियोक्ता तपाईंको आश्रितको लागि आवास प्रदान गर्न बाध्य छैन यदि तपाईंलाई यस अंश अन्तर्गत आवासको साथ प्रदान गरिएको छ।,আপনার নিয়োগকর্তা আপনার এই অংশের অধীনে আবাসন সরবরাহ করা হলেও আপনার নির্ভরশীলদের জন্য আবাসন সরবরাহ করতে বাধ্য নয়।,"आपका नियोक्ता आपके आश्रितों के लिए आवास प्रदान करने के लिए बाध्य नहीं है, भले ही आपको इस भाग के तहत आवास प्रदान किया गया हो।"
61,4,PART II,Exemption,EN,5,Ministerial exemption power,The Minister may by order exempt from all or any of the provisions of this Act any employer or class of employers or any building or class of buildings specified in the order.,Kuasa pengecualian menteri,मन्त्री डिस्प्सन पावर,মন্ত্রিপরিষদ ছাড় শক্তি,मंत्रिस्तरीय छूट शक्ति,Menteri boleh dengan perintah dikecualikan daripada semua atau mana -mana peruntukan Akta ini mana -mana majikan atau kelas majikan atau mana -mana bangunan atau kelas bangunan yang dinyatakan dalam perintah itu.,मन्त्रीले सबै वा कुनै पनि प्रावधानको कुनै पनि अंशबाट छुटकारा दिन सक्दछ वा कुनै पनि रोजगारदाता वा रोजगारदाताहरू वा कुनै भवन वा कुनै पनि भवन वा आदेशको कक्षाको कक्षाको वर्ग।,মন্ত্রী এই আইনের সমস্ত বা যে কোনও বিধান থেকে কোনও নিয়োগকর্তা বা নিয়োগকর্তার শ্রেণি বা আদেশে উল্লিখিত কোনও বিল্ডিং বা শ্রেণীর বিল্ডিংয়ের বিধান থেকে অব্যাহতি দেওয়ার আদেশ দিয়ে।,मंत्री इस अधिनियम के सभी या किसी भी प्रावधान से किसी भी नियोक्ता या नियोक्ता या किसी भी भवन या किसी भी भवन या भवनों के वर्ग से मुक्त हो सकते हैं।
62,5,PART II,Building to comply with requirements,EN,5,Building compliance requirements,"No employer shall house or cause or permit to be housed any employee in any building which does not comply with the provisions of this Act or any regulations made thereunder. Buildings used for housing employees before this Act commenced may continue to be used if they comply with previous written laws, provided they are converted to comply with this Act. The Director General may permit existing buildings to continue being used subject to conditions and for periods he deems fit. If buildings do not comply after investigation, the Director General may order demolition, replacement, alteration, repair or making good of deficiencies with at least three months' notice.",Keperluan pematuhan bangunan,अनुपालन आवश्यकताहरू निर्माण,বিল্ডিং সম্মতি প্রয়োজনীয়তা,निर्माण अनुपालन आवश्यकताओं,"Tiada majikan boleh menempatkan atau menyebabkan atau membenarkan ditempatkan di mana -mana pekerja di mana -mana bangunan yang tidak mematuhi peruntukan Akta ini atau mana -mana peraturan yang dibuat di bawahnya. Bangunan yang digunakan untuk pekerja perumahan sebelum Akta ini dimulakan boleh terus digunakan jika mereka mematuhi undang -undang bertulis terdahulu, dengan syarat mereka ditukar untuk mematuhi Akta ini. Ketua Pengarah boleh membenarkan bangunan sedia ada untuk terus digunakan tertakluk kepada syarat -syarat dan untuk tempoh yang dianggapnya sesuai. Jika bangunan tidak mematuhi selepas siasatan, Ketua Pengarah boleh memerintahkan perobohan, penggantian, perubahan, pembaikan atau membuat kekurangan kekurangan dengan sekurang -kurangnya tiga bulan notis.","कुनै पनि रोजगारदाताले घर वा कारण वा कारण वा कुनै पनि भवनमा कुनै पनि कर्मचारीलाई हानी गर्न सक्दैन जुन यसले यस कार्यको प्रावधानको पालना गर्दैन वा कुनै नियम बनाउँदैन। भवनहरू यस ऐन अगाडिका कर्मचारीहरूका लागि प्रयोग गरिएका छन् यदि उनीहरूले अघिल्लो लिखित कानूनहरू पालना गरे भने, यदि तिनीहरू पहिले लिखित कानूनको पालना गरे भने, तिनीहरूलाई यो कार्यको पालना गरियो। निर्देशक जनरलले अवस्थित भवनहरू सर्तहरूको लागि प्रस्तुत गरिएका विभागहरू र समयका लागि उपयुक्त भवनहरू दिन अनुमति दिन सक्छन्। यदि भवनहरू अनुसन्धान पछि पालना गर्दैनन्, महानिर्देशक निर्देशक, प्रतिस्थापन, प्रतिस्थापन, परिवर्तन, मर्मत वा न्यूनतम तीन महिनासम्म कमीको साथ अभाव हुन सक्छ।","কোনও নিয়োগকর্তা এই আইনের বিধান বা এর অধীনে যে কোনও বিধিবিধান মেনে চলেন না এমন কোনও বিল্ডিংয়ের কোনও কর্মচারীকে রাখার জন্য বা কারণ বা অনুমতি দেবেন না। এই আইন শুরুর আগে আবাসন কর্মীদের জন্য ব্যবহৃত বিল্ডিংগুলি যদি তারা পূর্ববর্তী লিখিত আইনগুলি মেনে চলেন তবে তারা এই আইনটি মেনে চলার জন্য রূপান্তরিত হয় তবে তারা ব্যবহার করা অব্যাহত থাকতে পারে। মহাপরিচালক বিদ্যমান বিল্ডিংগুলিকে শর্ত সাপেক্ষে ব্যবহার চালিয়ে যাওয়ার অনুমতি দিতে পারেন এবং সময়কালের জন্য তিনি উপযুক্ত বলে মনে করেন। যদি বিল্ডিংগুলি তদন্তের পরে মেনে না নেয়, মহাপরিচালক কমপক্ষে তিন মাসের নোটিশ সহ ঘাটতিগুলি ধ্বংস, প্রতিস্থাপন, পরিবর্তন, মেরামত বা ভাল করার আদেশ দিতে পারেন।","कोई भी नियोक्ता किसी भी इमारत में किसी भी कर्मचारी को रखे जाने के लिए घर या कारण या अनुमति नहीं देगा, जो इस अधिनियम के प्रावधानों या किसी भी नियम के प्रावधानों का अनुपालन नहीं करता है। इस अधिनियम शुरू होने से पहले आवास कर्मचारियों के लिए उपयोग की जाने वाली इमारतों का उपयोग किया जा सकता है यदि वे पिछले लिखित कानूनों का पालन करते हैं, बशर्ते कि वे इस अधिनियम का पालन करने के लिए परिवर्तित हो जाएं। महानिदेशक मौजूदा इमारतों को शर्तों के लिए उपयोग किए जाने के लिए जारी रखने की अनुमति दे सकते हैं और अवधि के लिए वह फिट होते हैं। यदि इमारतें जांच के बाद अनुपालन नहीं करती हैं, तो महानिदेशक कम से कम तीन महीने के नोटिस के साथ विध्वंस, प्रतिस्थापन, परिवर्तन, मरम्मत या कमियों को कम करने का आदेश दे सकते हैं।"
63,6,PART II,Supply of water and electricity and maintenance of houses,EN,5,Water and electricity supply requirements,"Where employees and their dependants are provided with housing at their place of employment, it shall be the duty of the employer to: (a) provide free and adequate piped water drawn from a public main, or where permitted by the Director General, provide free and adequate supply of potable piped water from any other source filtered and treated as approved by the Director General; (b) provide adequate electricity supply; (c) ensure that the buildings are kept in a good state of repair and painted to present a satisfactory appearance; and (d) ensure that no unauthorized extensions or structural alterations are made to the buildings. The adequacy of water and electricity supply shall be determined by the Director General, who may approve alternative water supply methods or exempt employers from certain requirements if provision is not practicable or viable.",Keperluan bekalan air dan elektrik,पानी र बिजुली आपूर्ति आवश्यकताहरू,জল এবং বিদ্যুৎ সরবরাহের প্রয়োজনীয়তা,पानी और बिजली की आपूर्ति आवश्यकताएँ,"Di mana pekerja dan tanggungan mereka disediakan dengan perumahan di tempat pekerjaan mereka, adalah tugas majikan untuk: (a) menyediakan air paip yang bebas dan mencukupi yang diambil dari utama awam, atau di mana dibenarkan oleh Ketua Pengarah, menyediakan bekalan air paip yang boleh diminum dari mana -mana sumber lain yang ditapis dan dirawat sebagai diluluskan oleh Ketua Pengarah; (b) menyediakan bekalan elektrik yang mencukupi; (c) Pastikan bangunan disimpan dalam keadaan pembaikan yang baik dan dicat untuk membentangkan penampilan yang memuaskan; dan (d) memastikan bahawa tiada sambungan yang tidak dibenarkan atau perubahan struktur dibuat kepada bangunan. Kecukupan bekalan air dan elektrik hendaklah ditentukan oleh Ketua Pengarah, yang boleh meluluskan kaedah bekalan air alternatif atau dikecualikan majikan dari keperluan tertentu jika peruntukan tidak dapat dilaksanakan atau berdaya maju.","जहाँ कर्मचारीहरू र उनीहरूका आश्रितहरूलाई उनीहरूको रोजगारीको ठाउँमा आवासको साथ प्रदान गरिएको छ, यो रोजगारदाताले जनमुक्तिको कर्तव्य हुनेछ: वा निर्देशक निर्देशकलाई भुक्तानी र निर्देशकलाई अनुमोदन गरिएको छ। (ख) पर्याप्त बिजुली आपूर्ति उपलब्ध गराउँनुहोस्; (c) निश्चित गर्नुहोस् कि भवनहरू मर्मतको राम्रो अवस्थामा राखिन्छन् र सन्तोषजनक उपस्थिति प्रस्तुत गर्न चित्रित; र (d) सुनिश्चित गर्नुहोस् कि कुनै अनधिकृत विस्तार वा संरचनात्मक परिवर्तन भवनहरूमा बनेको छैन। पानी र विद्युत आपूर्तिको पर्याप्तता महानिर्देशक पानी आपूर्ति विधिहरू अनुमोदन गर्न सकिन्छ वा निश्चित आवश्यकताहरूलाई व्यावहारिक वा व्यवहारिक नहुने यदि आवश्यक छ भने केही आवश्यकताहरू छुट्याउन सक्छ।","যেখানে কর্মচারী এবং তাদের নির্ভরশীলদের তাদের কর্মসংস্থানের জায়গায় আবাসন সরবরাহ করা হয়, সেখানে নিয়োগকর্তার কর্তব্য হবে: (ক) কোনও পাবলিক মেইন থেকে আঁকা নিখরচায় এবং পর্যাপ্ত পাইপযুক্ত জল সরবরাহ করুন, বা যেখানে মহাপরিচালকের দ্বারা অনুমোদিত, অন্য কোনও উত্স থেকে নিখরচায় পাইপযুক্ত জল সরবরাহ করা এবং মহাপরিচালক কর্তৃক অনুমোদিত হিসাবে বিবেচিত হিসাবে চিকিত্সা করা হয়েছে; (খ) পর্যাপ্ত বিদ্যুৎ সরবরাহ সরবরাহ; (গ) নিশ্চিত করুন যে বিল্ডিংগুলি মেরামতের একটি ভাল অবস্থায় রাখা হয়েছে এবং একটি সন্তোষজনক উপস্থিতি উপস্থাপনের জন্য আঁকা হয়েছে; এবং (ঘ) নিশ্চিত করুন যে কোনও অননুমোদিত এক্সটেনশন বা কাঠামোগত পরিবর্তনগুলি বিল্ডিংগুলিতে করা হয় না। জল এবং বিদ্যুৎ সরবরাহের পর্যাপ্ততা মহাপরিচালক দ্বারা নির্ধারিত হবে, যারা বিকল্প জল সরবরাহের পদ্ধতি অনুমোদন করতে পারেন বা নিয়োগকারীদের নির্দিষ্ট প্রয়োজনীয়তা থেকে ছাড় দিতে পারেন যদি বিধানটি ব্যবহারযোগ্য বা কার্যকর না হয়।","जहां कर्मचारियों और उनके आश्रितों को उनके रोजगार के स्थान पर आवास प्रदान किया जाता है, यह नियोक्ता का कर्तव्य होगा: (ए) एक सार्वजनिक मुख्य से तैयार किए गए स्वतंत्र और पर्याप्त पाइप्ड पानी प्रदान करते हैं, या जहां महानिदेशक द्वारा अनुमति दी जाती है, किसी भी अन्य स्रोत से पीने योग्य पाइप वाले पानी की स्वतंत्र और पर्याप्त आपूर्ति प्रदान करते हैं और महानिदेशक द्वारा अनुमोदित के रूप में माना जाता है; (बी) पर्याप्त बिजली की आपूर्ति प्रदान करते हैं; (ग) सुनिश्चित करें कि इमारतों को मरम्मत की एक अच्छी स्थिति में रखा गया है और एक संतोषजनक उपस्थिति पेश करने के लिए चित्रित किया गया है; और (घ) सुनिश्चित करें कि इमारतों में कोई अनधिकृत एक्सटेंशन या संरचनात्मक परिवर्तन नहीं किए जाते हैं। पानी और बिजली की आपूर्ति की पर्याप्तता महानिदेशक द्वारा निर्धारित की जाएगी, जो वैकल्पिक जल आपूर्ति विधियों को मंजूरी दे सकते हैं या नियोक्ताओं को कुछ आवश्यकताओं से छूट दे सकते हैं यदि प्रावधान व्यावहारिक या व्यवहार्य नहीं है।"
64,7,PART II,HOUSING AND OTHER AMENITIES,EN,5,Building plan approval,"For any building to be erected or converted for housing of employees or for use as a nursery or community hall, plans of the building and its site must be submitted to the Director General for approval, and no work relating to the building shall begin until the plans have been approved. The approving authority shall be the Director General for building plans and the Medical Officer of Health for site plans and sanitary arrangements.",Kelulusan pelan bangunan,निर्माण योजना स्वीकृति,বিল্ডিং প্ল্যান অনুমোদন,निर्माण योजना अनुमोदन,"Bagi mana -mana bangunan yang akan didirikan atau ditukar untuk perumahan pekerja atau untuk digunakan sebagai Nursery atau Hall Community, rancangan bangunan dan tapaknya mesti dikemukakan kepada Ketua Pengarah untuk kelulusan, dan tidak ada kerja yang berkaitan dengan bangunan itu akan bermula sehingga rancangan telah diluluskan. Pihak berkuasa yang meluluskan adalah Ketua Pengarah Bangunan Rancangan dan Pegawai Perubatan Kesihatan untuk Rancangan Tapak dan Pengaturan Sanitari.","कुनै पनि भवन निर्माण वा कर्मचारीहरूको आवासको लागि रूपान्तरण गर्न वा एक नर्सरी वा सामुदायिक हल, भवन र यसको साइट अनुमोदनका निर्देशक निर्देशकलाई बुझाउनु पर्छ। योजनाहरू निर्माणका लागि जनपति र साइटका मेडिकल अधिकारी र साझेदारका मेडिकल अधिकारी र साझेदारीका मेडिकल अधिकारीको उपचार गर्ने निर्देशक हुनेछन्।","যে কোনও বিল্ডিং কর্মচারীদের আবাসনের জন্য বা নার্সারি বা কমিউনিটি হল হিসাবে ব্যবহারের জন্য রূপান্তরিত বা রূপান্তর করার জন্য, বিল্ডিংয়ের পরিকল্পনা এবং এর সাইটের অনুমোদনের জন্য মহাপরিচালকের কাছে জমা দিতে হবে এবং পরিকল্পনাগুলি অনুমোদিত না হওয়া পর্যন্ত বিল্ডিং সম্পর্কিত কোনও কাজ শুরু হবে না। অনুমোদিত কর্তৃপক্ষ বিল্ডিং প্ল্যানস এবং সাইট প্ল্যানস এবং স্যানিটারি ব্যবস্থার জন্য স্বাস্থ্যকর মেডিকেল অফিসার হবেন।","किसी भी इमारत को कर्मचारियों के आवास के लिए या नर्सरी या कम्युनिटी हॉल के रूप में उपयोग करने के लिए, इमारत की योजनाओं और इसकी साइट को अनुमोदन के लिए महानिदेशक को प्रस्तुत किया जाना चाहिए, और इमारत से संबंधित कोई भी काम तब तक शुरू नहीं होगा जब तक कि योजनाओं को मंजूरी नहीं दी जाएगी। अनुमोदन प्राधिकारी योजनाओं के निर्माण के लिए महानिदेशक और साइट योजनाओं और सैनिटरी व्यवस्था के लिए स्वास्थ्य के चिकित्सा अधिकारी होंगे।"
65,9,PART II,Building not originally built for the housing of employees,EN,5,Building conversion approval,"A building originally built for a purpose other than housing of employees shall not be used for or converted for the purpose of housing employees unless an application has been made to and approved by the Director General, accompanied by a plan of the site and building setting out conversion details.",Kelulusan penukaran bangunan,निर्माण रूपान्तरण अनुमोदन,বিল্ডিং রূপান্তর অনুমোদন,निर्माण रूपांतरण अनुमोदन,"Sebuah bangunan yang pada asalnya dibina untuk tujuan selain perumahan pekerja tidak boleh digunakan untuk atau ditukar untuk tujuan pekerja perumahan kecuali suatu permohonan telah dibuat dan diluluskan oleh Ketua Pengarah, disertai dengan pelan tapak dan bangunan yang menetapkan butiran penukaran.",एक भवन को लागी एक उद्देश्यका लागि आवास बाहेक कुनै उद्देश्यका लागि निर्माण गरिने छैन जबसम्म अनुप्रयोग बनाइएको छ वा एक आवेदन गरिएको निर्देशक बनाइएको र संरचनाको योजनासँगै।,"মূলত কর্মচারীদের আবাসন ব্যতীত অন্য কোনও উদ্দেশ্যে নির্মিত একটি বিল্ডিং আবাসন কর্মীদের উদ্দেশ্যে ব্যবহার করা বা রূপান্তর করা হবে না যদি না মহাপরিচালক কর্তৃক কোনও আবেদন করা এবং অনুমোদিত না হয়, সাইটের একটি পরিকল্পনা এবং নির্মাণের বিবরণ নির্ধারণের ব্যবস্থা না করে।","मूल रूप से कर्मचारियों के आवास के अलावा एक उद्देश्य के लिए बनाई गई एक इमारत का उपयोग आवास कर्मचारियों के उद्देश्य के लिए या परिवर्तित नहीं किया जाएगा जब तक कि एक आवेदन को महानिदेशक द्वारा किया गया और अनुमोदित नहीं किया गया हो, साइट की एक योजना के साथ और रूपांतरण विवरण स्थापित करना।"
66,37,PART IX,Length of eligible period and entitlement to maternity allowance,EN,2,Maternity leave entitlement,"Every female employee is entitled to maternity leave for at least 98 consecutive days (eligible period) for each confinement and to receive maternity allowance from her employer. To qualify for maternity allowance, you must have worked for at least 90 days during the 9 months before confinement and been employed at any time in the 4 months immediately before confinement. Maternity leave cannot start earlier than 30 days before confinement or later than the day after confinement, unless a medical officer certifies you cannot perform duties due to advanced pregnancy (then you can start up to 14 days earlier). You can return to work during maternity leave if certified fit by a registered medical practitioner with employer consent. You are not entitled to maternity allowance if you have 5 or more surviving children at the time of confinement.",Cuti Cuti Bersalin,प्रसूति बिदा प्राप्त,প্রসূতি ছুটির এনটাইটেলমেন্ট,मातृत्व अवकाश पात्रता,"Setiap pekerja wanita berhak mendapat cuti bersalin sekurang -kurangnya 98 hari berturut -turut (tempoh yang layak) untuk setiap kurungan dan menerima elaun bersalin dari majikannya. Untuk memenuhi syarat untuk elaun bersalin, anda mesti bekerja selama sekurang -kurangnya 90 hari selama 9 bulan sebelum kurungan dan telah bekerja pada bila -bila masa dalam 4 bulan sebelum kurungan. Cuti bersalin tidak boleh bermula lebih awal daripada 30 hari sebelum kurungan atau lebih awal daripada hari selepas kurungan, melainkan jika seorang pegawai perubatan mengesahkan anda tidak boleh melakukan tugas kerana kehamilan maju (maka anda boleh bermula sehingga 14 hari lebih awal). Anda boleh kembali bekerja semasa cuti bersalin jika disahkan sesuai dengan pengamal perubatan berdaftar dengan persetujuan majikan. Anda tidak berhak mendapat elaun bersalin jika anda mempunyai 5 atau lebih kanak -kanak yang masih hidup pada masa kurungan.","प्रत्येक महिला कर्मचारी प्रसूति बिदाको हकदार कम्तिमा 98 98 लगातार days दिन (योग्य अवधि (योग्य अवधि)) र उनको नियोक्ताबाट मातृत्व भत्ता प्राप्त गर्न हकदार छ। मातृत्व भत्ताको लागि योग्य हुन, तपाईंले months महिनामा months महिनामा कम्तिमा defulting 0 दिनको लागि काम गरेको हुनुपर्दछ र months महिनामा कुनै पनि समयमा कैदमा कुनै पनि समयमा कैदमा रह्यो। प्रसूति छुट्टीमा 700 दिन भन्दा पहिले कैदमा वा पछि कैदको भन्दा पहिलेसम्म काम गर्न सकिएन, जबसम्म कि उन्नत गर्भावस्थाको कारण तपाईंले कर्तव्यहरू प्रदर्शन गर्न सक्नुहुन्न (तब तपाईं 1 days दिन अघि सुरू गर्न सक्नुहुनेछ)। तपाईं प्रसूति बिदाको समयमा काममा फर्कन सक्नुहुन्छ यदि प्रोजेक्टको सहमति जनाइएको रेजिष्टर्ड मेडिकल चिकित्सक द्वारा फिट फिट। यदि तपाइँसँग ments वा बढी बाँचेका बच्चाहरू छ भने तपाईं मातृत्व भत्ताको हकदार हुनुहुन्न।","প্রতিটি মহিলা কর্মচারী প্রতিটি কারাগারের জন্য কমপক্ষে 98 দিনের জন্য (যোগ্য সময়কাল) এবং তার নিয়োগকর্তার কাছ থেকে প্রসূতি ভাতা পাওয়ার জন্য প্রসূতি ছুটির অধিকারী। প্রসূতি ভাতার জন্য যোগ্যতা অর্জনের জন্য, আপনি অবশ্যই কারাগারের আগে 9 মাসের মধ্যে কমপক্ষে 90 দিনের জন্য কাজ করেছেন এবং কারাগারের আগে অবিলম্বে 4 মাসের মধ্যে যে কোনও সময় নিযুক্ত হয়েছেন। মাতৃত্বকালীন ছুটি বন্দী হওয়ার আগে 30 দিনের বেশি আগে বা কারাগারের পরে দিনের চেয়ে শুরুতে শুরু হতে পারে না, যদি না কোনও মেডিকেল অফিসার শংসাপত্র না দেয় যে আপনি উন্নত গর্ভাবস্থার কারণে দায়িত্ব পালন করতে পারবেন না (তবে আপনি 14 দিন আগে শুরু করতে পারেন)। নিয়োগকর্তার সম্মতিতে নিবন্ধিত মেডিকেল প্র্যাকটিশনার দ্বারা শংসাপত্রিত ফিট থাকলে আপনি প্রসূতি ছুটির সময় কাজে ফিরতে পারেন। কারাবন্দির সময় আপনার যদি 5 বা ততোধিক বেঁচে থাকা শিশু থাকে তবে আপনি প্রসূতি ভাতার অধিকারী নন।","प्रत्येक महिला कर्मचारी प्रत्येक कारावास के लिए कम से कम 98 लगातार दिनों (पात्र अवधि) के लिए मातृत्व अवकाश का हकदार है और अपने नियोक्ता से मातृत्व भत्ता प्राप्त करने के लिए है। मातृत्व भत्ता के लिए अर्हता प्राप्त करने के लिए, आपने कारावास से पहले 9 महीनों के दौरान कम से कम 90 दिनों के लिए काम किया होगा और कारावास से तुरंत पहले 4 महीनों में किसी भी समय नियोजित किया गया था। मातृत्व अवकाश कारावास से 30 दिन पहले या बाद में कारावास के बाद के दिन से पहले शुरू नहीं हो सकता है, जब तक कि एक चिकित्सा अधिकारी प्रमाणित नहीं करता है कि आप उन्नत गर्भावस्था के कारण कर्तव्यों का पालन नहीं कर सकते हैं (तब आप 14 दिन पहले तक शुरू कर सकते हैं)। आप मातृत्व अवकाश के दौरान काम पर लौट सकते हैं यदि नियोक्ता सहमति के साथ एक पंजीकृत चिकित्सा व्यवसायी द्वारा प्रमाणित फिट किया जाता है। यदि आप कारावास के समय 5 या अधिक जीवित बच्चे हैं, तो आप मातृत्व भत्ता के हकदार नहीं हैं।"
67,42,PART IX,Restriction on termination  of female employee after eligible period,EN,2,Maternity leave protection from termination,"If you remain absent from work after your eligible maternity period ends due to illness certified by a registered medical practitioner arising from pregnancy and confinement, and this makes you unfit for work, it is an offence for your employer to terminate your employment until 90 days after your eligible period expires.",Perlindungan cuti bersalin dari penamatan,प्रसूति बिदाइबाट सुरक्षाबाट सुरक्षा,প্রসূতি সমাপ্তি থেকে সুরক্ষা ছেড়ে,मातृत्व अवकाश की सुरक्षा समाप्ति से,"Sekiranya anda tidak hadir dari kerja selepas tempoh bersalin anda yang layak berakhir kerana penyakit yang disahkan oleh pengamal perubatan berdaftar yang timbul daripada kehamilan dan pengasingan, dan ini membuat anda tidak sesuai untuk bekerja, adalah suatu kesalahan bagi majikan anda untuk menamatkan pekerjaan anda sehingga 90 hari selepas tempoh yang layak anda tamat tempoh.",यदि तपाईं आफ्नो योग्य प्रवास अवधि पछि अनुपस्थित रहनुभयो भने एक दर्ता गरिएको मेडिकल व्यवसायीले गर्भावस्था र कैदमा उत्पन्न भएको रोगको लागि तपाईंको रोजगारको लागि अयोग्य बनाउँदछ।,"গর্ভাবস্থা এবং কারাবন্দি থেকে উদ্ভূত নিবন্ধিত মেডিকেল প্র্যাকটিশনার দ্বারা শংসাপত্রিত অসুস্থতার কারণে যদি আপনি আপনার যোগ্য মাতৃত্বকালীন সময় শেষ হওয়ার পরে কাজ থেকে অনুপস্থিত থাকেন এবং এটি আপনাকে কাজের জন্য অযোগ্য করে তোলে, আপনার যোগ্য সময়ের মেয়াদ শেষ হওয়ার পরে আপনার নিয়োগকর্তাকে আপনার কর্মসংস্থান বন্ধ করা একটি অপরাধ।","यदि आप गर्भावस्था और कारावास से उत्पन्न एक पंजीकृत चिकित्सा व्यवसायी द्वारा प्रमाणित बीमारी के कारण अपनी योग्य मातृत्व अवधि समाप्त होने के बाद काम से अनुपस्थित रहते हैं, और यह आपको काम के लिए अयोग्य बनाता है, तो यह आपके नियोक्ता के लिए एक अपराध है कि आप अपने योग्य अवधि के 90 दिनों तक समाप्त होने तक अपने रोजगार को समाप्त कर दें।"
68,59,PART XII,Rest day,EN,2,Weekly rest day entitlement,"You are entitled to one full rest day each week as determined by your employer. For shift workers, any continuous period of at least 30 hours constitutes a rest day. Your employer must prepare a monthly roster showing appointed rest days and make it available for inspection. The Director General may permit employers to grant rest days on any day of the month instead of weekly with proper conditions. This does not apply during maternity leave, sick leave, or temporary disablement periods.",Kelayakan hari rehat mingguan,साप्ताहिक आराम दिनको हक,সাপ্তাহিক বিশ্রাম দিনের এনটাইটেলমেন্ট,साप्ताहिक आराम दिवस हक,"Anda berhak mendapat satu hari rehat penuh setiap minggu seperti yang ditentukan oleh majikan anda. Bagi pekerja shift, mana -mana tempoh berterusan sekurang -kurangnya 30 jam merupakan hari rehat. Majikan anda mesti menyediakan jadual bulanan yang menunjukkan hari rehat yang dilantik dan menjadikannya tersedia untuk pemeriksaan. Ketua Pengarah boleh membenarkan majikan memberikan hari rehat pada mana -mana hari bulan itu dan bukannya mingguan dengan syarat yang betul. Ini tidak terpakai semasa cuti bersalin, cuti sakit, atau tempoh kecacatan sementara.","तपाईं आफ्नो रोजगारदाता द्वारा निर्धारित रूपमा प्रत्येक हप्ता एक पूर्ण आराम दिन को हकदार हुनुहुन्छ। सिफ्ट मजदुरहरूको लागि, कम्तिमा hours0 घण्टाको कुनै पनि निरन्तर अवधि आराम दिनको गठन गर्दछ। तपाईंको रोजगारदाताले एक मासिक रोस्टरको तयारी गर्नै पर्छ र प्रमाणिकरणको विश्राम दिनहरू प्रदर्शन गर्न र यसलाई निरीक्षणको लागि उपलब्ध गराउनै पर्छ। महानिर्देशकले रोजगारदातालाई उचित सर्तहरूको साथ महिनाको कुनै पनि दिनमा आराम दिनलाई विश्राम दिनहरू प्रदान गर्न अनुमति दिन्छन्। यो प्रसूति बिदा, बिरामी बिदा, वा अस्थायी अशक्त अवधिहरूमा लागू हुँदैन।","আপনার নিয়োগকর্তা দ্বারা নির্ধারিত হিসাবে আপনি প্রতি সপ্তাহে একটি পূর্ণ বিশ্রামের দিন অধিকারী। শিফট কর্মীদের জন্য, কমপক্ষে 30 ঘন্টা যে কোনও অবিচ্ছিন্ন সময় একটি বিশ্রামের দিন গঠন করে। আপনার নিয়োগকর্তাকে অবশ্যই একটি মাসিক রোস্টার প্রস্তুত করতে হবে নির্ধারিত বিশ্রামের দিনগুলি দেখিয়ে এবং এটি পরিদর্শন করার জন্য উপলব্ধ করতে হবে। মহাপরিচালক নিয়োগকর্তাদের যথাযথ শর্ত সহ সাপ্তাহিকের পরিবর্তে মাসের যে কোনও দিন বিশ্রামের দিনগুলি মঞ্জুর করার অনুমতি দিতে পারেন। এটি প্রসূতি ছুটি, অসুস্থ ছুটি বা অস্থায়ী অক্ষমতার সময়কালে প্রযোজ্য নয়।","आप अपने नियोक्ता द्वारा निर्धारित प्रत्येक सप्ताह एक पूर्ण दिन के हकदार हैं। शिफ्ट श्रमिकों के लिए, कम से कम 30 घंटे की कोई भी निरंतर अवधि एक आराम दिन का गठन करती है। आपके नियोक्ता को एक मासिक रोस्टर तैयार करना होगा जो नियुक्त आराम के दिन दिखाता है और इसे निरीक्षण के लिए उपलब्ध कराना होगा। महानिदेशक नियोक्ताओं को उचित शर्तों के साथ साप्ताहिक के बजाय महीने के किसी भी दिन आराम के दिन देने की अनुमति दे सकते हैं। यह मातृत्व अवकाश, बीमार छुट्टी, या अस्थायी अक्षम अवधि के दौरान लागू नहीं होता है।"
69,60,PART XII,Work on rest day,EN,2,Rest day work compensation,"You cannot be compelled to work on your rest day unless engaged in continuous work or shift work. If you work on a rest day: for daily/hourly workers - you get 1 day's wages at ordinary rate for work up to half normal hours, or 2 days' wages for work exceeding half but not exceeding normal hours; for monthly/weekly workers - you get wages equivalent to half ordinary rate for work up to half normal hours, or 1 day's wages for work exceeding half but not exceeding normal hours. Any work exceeding normal hours on rest days must be paid at double your hourly rate.",Pampasan kerja hari rehat,आराम दिन काम क्षतिपूर्ति,বিশ্রাম দিন কাজের ক্ষতিপূরণ,बाकी दिन कार्य मुआवजा,"Anda tidak boleh dipaksa untuk bekerja pada hari rehat anda kecuali terlibat dalam kerja berterusan atau kerja peralihan. Jika anda bekerja pada hari rehat: untuk pekerja harian/setiap jam - anda mendapat upah 1 hari pada kadar biasa untuk bekerja sehingga setengah jam normal, atau upah 2 hari untuk kerja melebihi separuh tetapi tidak melebihi waktu normal; Bagi pekerja bulanan/mingguan - anda mendapat gaji bersamaan dengan separuh kadar biasa untuk bekerja sehingga setengah jam biasa, atau upah 1 hari untuk kerja melebihi separuh tetapi tidak melebihi waktu normal. Sebarang kerja melebihi waktu biasa pada hari rehat mesti dibayar dengan dua kali ganda kadar setiap jam anda.","तपाईं निरन्तर काम वा पाली कार्यमा संलग्न नभएसम्म तपाईंको आराम दिन काम गर्न बाध्य हुन सक्नुहुन्न। यदि तपाईं आराम दिनमा काम गर्नुहुन्छ भने: दैनिक / घण्टा कामदारहरूको लागि - तपाईं आधा सामान्य घण्टासम्म कामका लागि दैनिक दरमा र 2 दिनको कामका लागि ज्याला प्राप्त गर्नुभयो तर सामान्य घण्टा भन्दा बढीको लागि। मासिक / साप्ताहिक मजदुरहरूको लागि - तपाईं आधा सामान्य दरमा कामहरू प्राप्त गर्नुहुन्छ आधा सामान्य दर भन्दा आधा सामान्य घण्टाको लागि, वा आधा घण्टा भन्दा बढीको लागि ज्याला कम हुन्छ तर सामान्य घण्टा भन्दा बढी छैन। कुनै पनि कार्य आराम दिनहरूमा सामान्य घण्टा भन्दा बढी तपाईंको कटौती दरमा डबल गरिनु पर्छ।","অবিচ্ছিন্ন কাজ বা শিফট কাজের সাথে জড়িত না হলে আপনাকে আপনার বিশ্রামের দিনে কাজ করতে বাধ্য হতে পারে না। আপনি যদি বিশ্রামের দিনে কাজ করেন: দৈনিক/প্রতি ঘন্টা কর্মীদের জন্য - আপনি অর্ধেক স্বাভাবিক ঘন্টা পর্যন্ত কাজের জন্য সাধারণ হারে 1 দিনের মজুরি পান, বা অর্ধেকের বেশি কাজের জন্য 2 দিনের মজুরি পান তবে স্বাভাবিক ঘন্টা অতিক্রম করেন না; মাসিক/সাপ্তাহিক কর্মীদের জন্য - আপনি অর্ধেক সাধারণ ঘন্টা পর্যন্ত কাজের জন্য অর্ধেক সাধারণ হারের সমতুল্য মজুরি পান, বা অর্ধেকের বেশি কাজের জন্য 1 দিনের মজুরি তবে সাধারণ ঘন্টা অতিক্রম করেন না। বিশ্রামের দিনগুলিতে স্বাভাবিক ঘন্টা ছাড়িয়ে যে কোনও কাজ অবশ্যই আপনার প্রতি ঘন্টা হারে দ্বিগুণ করতে হবে।","जब तक आप निरंतर काम या शिफ्ट काम में नहीं लगे, तब तक आपको अपने आराम के दिन काम करने के लिए मजबूर नहीं किया जा सकता है। यदि आप एक आराम के दिन पर काम करते हैं: दैनिक/प्रति घंटा श्रमिकों के लिए - आपको आधे सामान्य घंटे तक काम के लिए साधारण दर पर 1 दिन की मजदूरी मिलती है, या काम के लिए 2 दिनों की मजदूरी आधे से अधिक है, लेकिन सामान्य घंटों से अधिक नहीं है; मासिक/साप्ताहिक श्रमिकों के लिए - आपको काम के लिए आधी सामान्य घंटे तक आधी सामान्य दर के बराबर मजदूरी मिलती है, या आधे से अधिक काम के लिए 1 दिन की मजदूरी लेकिन सामान्य घंटों से अधिक नहीं। बाकी दिनों में सामान्य घंटों से अधिक का कोई भी काम आपकी प्रति घंटा की दर से दोगुनी हो जाना चाहिए।"
70,60D,PART XII,Holidays,EN,2,Public holiday entitlement,"You are entitled to paid holidays at your ordinary rate of pay for at least 11 public holidays per year, including 5 mandatory designated public holidays: National Day, Birthday of Yang di-Pertuan Agong, Birthday of Ruler or Yang di-Pertuan Negeri (depending on your work location), Workers' Day, and Malaysia Day. Your employer can designate the remaining 6 public holidays from other gazetted public holidays. If a public holiday falls on your rest day or another public holiday, the working day immediately following becomes a paid public holiday. Your employer must display a notice specifying the remaining gazetted public holidays at the workplace. If you work on a public holiday, you get additional compensation on top of your normal wages based on your pay structure.",Kelayakan Percutian Awam,सार्वजनिक छुट्टी अधिकार,পাবলিক হলিডে এনটাইটেলমেন্ট,सार्वजनिक अवकाश हक,"Anda berhak untuk bercuti berbayar pada kadar gaji biasa anda sekurang-kurangnya 11 cuti awam setiap tahun, termasuk 5 cuti umum yang ditetapkan: Hari Kebangsaan, Hari Lahir Yang Di-Pertuan Agong, Hari Lahir Penguasa atau Yang Di-Perkuan Negeri (bergantung kepada lokasi kerja anda), Hari Pekerja, dan Hari Malayia. Majikan anda boleh menetapkan baki 6 cuti umum dari cuti umum yang diwartakan. Sekiranya percutian awam jatuh pada hari rehat anda atau cuti umum yang lain, hari kerja segera selepas menjadi cuti umum yang dibayar. Majikan anda mesti memaparkan notis yang menyatakan cuti umum yang diwartakan di tempat kerja. Jika anda bekerja pada cuti umum, anda mendapat pampasan tambahan di atas upah biasa anda berdasarkan struktur gaji anda.","तपाइँ प्रति वर्ष कम्तिमा 11 सार्वजनिक छुट्टीहरूमा भुक्तान गर्ने हकदारहरू प्रति वर्ष भुक्तान गरिएको छ, जसमध्ये punderstore areittory निर्दिष्ट सार्वजनिक बिदाहरू (तपाईंको काम स्थान, न्यायको जन्मदिन), मजदुर दिन, र मलेसिया दिउँसो। तपाईंको रोजगारदाताले बाँकी pully सार्वजनिक बिदाहरू अन्य गजेटेड सार्वजनिक बिदाहरूबाट डिजाइन गर्न सक्दछ। यदि एक सार्वजनिक छुट्टी तपाइँको विश्राम दिन वा अर्को सार्वजनिक छुट्टी मा पतन भयो भने तुरुन्तै कार्यको दिन तुरुन्त निम्न सार्वजनिक बिदा हुन्छ। तपाईंको रोजगारदाताले कार्यस्थलमा बाँकी गजेटेड सार्वजनिक बिदाहरू निर्दिष्ट गर्न सूचना प्रदर्शन गर्नुपर्दछ। यदि तपाइँ सार्वजनिक छुट्टीमा काम गर्नुहुन्छ भने, तपाइँ तपाइँको भुक्तान संरचनामा आधारित तपाईंको सामान्य ज्यालाको शीर्षमा अतिरिक्त क्षतिपूर्ति प्राप्त गर्नुहुन्छ।","আপনি প্রতি বছর কমপক্ষে ১১ টি পাবলিক ছুটির দিনে আপনার সাধারণ বেতনের হারে প্রদত্ত ছুটির অধিকারী, ৫ টি বাধ্যতামূলক মনোনীত পাবলিক ছুটির দিন সহ: জাতীয় দিবস, ইয়াং ডি-পার্টুয়ান আগংয়ের জন্মদিন, শাসক বা ইয়াং ডি-পার্টুয়ান নেগেরির জন্মদিন (আপনার কাজের অবস্থানের উপর নির্ভর করে), কর্মীদের দিবস এবং মালয়েশিয়া দিবস। আপনার নিয়োগকর্তা অন্যান্য গেজেটেড পাবলিক ছুটি থেকে বাকি 6 টি পাবলিক ছুটি নির্ধারণ করতে পারেন। যদি কোনও সরকারী ছুটি আপনার বিশ্রামের দিনে বা অন্য কোনও সরকারী ছুটিতে পড়ে, তত্ক্ষণাত্ কর্ম দিবসটি অবিলম্বে প্রদত্ত পাবলিক ছুটিতে পরিণত হয়। আপনার নিয়োগকর্তাকে অবশ্যই কর্মক্ষেত্রে অবশিষ্ট গেজেটেড পাবলিক ছুটির দিনগুলি নির্দিষ্ট করে একটি নোটিশ প্রদর্শন করতে হবে। আপনি যদি সরকারী ছুটিতে কাজ করেন তবে আপনি আপনার বেতন কাঠামোর ভিত্তিতে আপনার সাধারণ মজুরির শীর্ষে অতিরিক্ত ক্ষতিপূরণ পাবেন।","आप प्रति वर्ष कम से कम 11 सार्वजनिक छुट्टियों के लिए अपनी साधारण दर पर भुगतान की गई छुट्टियों के हकदार हैं, जिसमें 5 अनिवार्य नामित सार्वजनिक अवकाश शामिल हैं: राष्ट्रीय दिवस, यांग डि-पेर्टुआन अगोंग का जन्मदिन, शासक का जन्मदिन या यांग डि-पेर्टुआन नेगी (आपके कार्य स्थान पर निर्भर करता है), श्रमिकों का दिन, और मलेशिया दिवस। आपका नियोक्ता अन्य राजपत्रित सार्वजनिक अवकाश से शेष 6 सार्वजनिक छुट्टियों को नामित कर सकता है। यदि एक सार्वजनिक अवकाश आपके आराम के दिन या किसी अन्य सार्वजनिक अवकाश पर गिरता है, तो तुरंत काम का दिन एक भुगतान किया गया सार्वजनिक अवकाश बन जाता है। आपके नियोक्ता को कार्यस्थल पर शेष राजपत्रित सार्वजनिक छुट्टियों को निर्दिष्ट करते हुए एक नोटिस प्रदर्शित करना होगा। यदि आप एक सार्वजनिक अवकाश पर काम करते हैं, तो आपको अपने वेतन संरचना के आधार पर अपने सामान्य मजदूरी के शीर्ष पर अतिरिक्त मुआवजा मिलता है।"
71,60E,PART XII,Annual leave,EN,2,Annual leave entitlement,"You are entitled to paid annual leave of: 8 days for every 12 months if employed less than 2 years, 12 days for every 12 months if employed 2-5 years, or 16 days for every 12 months if employed 5+ years. If you haven't completed 12 months of service when your contract ends, your annual leave entitlement is calculated proportionally. Annual leave is in addition to rest days and public holidays. You can carry forward unused annual leave, but if you don't take leave for 12 consecutive months without permission, you lose entitlement to that leave.",Hak cuti tahunan,वार्षिक बिदा अधिकार,বার্ষিক ছুটির এনটাইটেলমেন্ট,वार्षिक अवकाश पात्रता,"Anda berhak mendapat cuti tahunan berbayar: 8 hari selama setiap 12 bulan jika bekerja kurang dari 2 tahun, 12 hari untuk setiap 12 bulan jika bekerja 2-5 tahun, atau 16 hari untuk setiap 12 bulan jika bekerja 5+ tahun. Sekiranya anda belum menyelesaikan 12 bulan perkhidmatan apabila kontrak anda berakhir, kelayakan cuti tahunan anda dikira secara proporsional. Cuti tahunan adalah tambahan kepada hari rehat dan cuti umum. Anda boleh membawa cuti tahunan yang tidak digunakan, tetapi jika anda tidak mengambil cuti selama 12 bulan berturut -turut tanpa izin, anda kehilangan hak untuk cuti itu.","तपाईं प्रत्येक 12 महिना भन्दा कम, 12 महिना भन्दा कम, वा 1 महिना काम गर्ने प्रत्येक 12 महिनाको लागि 1 महिनाको लागि 1 बर्षको लागि, प्रत्येक 12 बर्ष भन्दा कम वार्षिक वार्षिक बिदाको लागि तपाईं हकदार हुनुहुन्छ। यदि तपाईंले 12 महिना सेवा पूरा गर्नुभएको छैन जब तपाईंको करार समाप्त हुन्छ, तपाईंको वार्षिक बिदाइ प्राप्तकर्ताको अनुपातिक गणना गरिन्छ। वार्षिक बिदा आराम दिन र सार्वजनिक छुट्टिहरु को अतिरिक्त छ। तपाईं प्रयोग नगरिएको वार्षिक बिदालाई अगाडि बढाउन सक्नुहुन्छ, तर यदि तपाईंले 12 बर्ष लगायत महिनौं महिनाहरू प्राप्त गर्नुहुन्न भने, तपाईं त्यो छोड्नुहोस्।","আপনি 2 বছরেরও কম সময় নিযুক্ত হলে প্রতি 12 মাসের জন্য 8 দিন, প্রতি 12 মাসের জন্য 12 দিন, 2-5 বছর নিযুক্ত থাকলে, বা 5+ বছর নিযুক্ত থাকলে প্রতি 12 মাসের জন্য 16 দিন। আপনার চুক্তিটি শেষ হলে আপনি যদি 12 মাসের পরিষেবা শেষ না করে থাকেন তবে আপনার বার্ষিক ছুটির এনটাইটেলমেন্ট আনুপাতিকভাবে গণনা করা হয়। বার্ষিক ছুটি বিশ্রামের দিন এবং পাবলিক ছুটির পাশাপাশি। আপনি অব্যবহৃত বার্ষিক ছুটি বহন করতে পারেন, তবে আপনি যদি অনুমতি ছাড়াই টানা 12 মাসের জন্য ছুটি না নেন তবে আপনি সেই ছুটির অধিকার হারাতে পারেন।","आप प्रत्येक 12 महीनों के लिए 8 दिनों के लिए भुगतान किए गए वार्षिक अवकाश के हकदार हैं, यदि 2 साल से कम, हर 12 महीने के लिए 12 दिन, यदि 2-5 वर्ष, या प्रत्येक 12 महीने के लिए 16 दिन नियोजित किए जाते हैं, तो 5+ वर्ष पर नियोजित किया जाता है। यदि आपने आपका अनुबंध समाप्त होने पर 12 महीने की सेवा पूरी नहीं की है, तो आपके वार्षिक अवकाश पात्रता की गणना आनुपातिक रूप से की जाती है। वार्षिक अवकाश बाकी दिनों और सार्वजनिक अवकाश के अलावा है। आप अप्रयुक्त वार्षिक अवकाश को आगे ले जा सकते हैं, लेकिन यदि आप बिना अनुमति के लगातार 12 महीने तक छुट्टी नहीं लेते हैं, तो आप उस छुट्टी के लिए हक खो देते हैं।"
72,60F,PART XII,Sick leave,EN,2,Sick leave entitlement,"After medical examination at employer's expense, you are entitled to paid sick leave of: 14 days per year if employed less than 2 years, 18 days per year if employed 2-5 years, 22 days per year if employed 5+ years, or 60 days per year if hospitalization is necessary. Sick leave must be certified by a registered medical practitioner or medical officer. If you take uncertified sick leave or fail to inform/attend your employer within 48 hours, you may be absent without permission and without pay.",Hak cuti sakit,बिरामी बिदा हकदार,অসুস্থ ছুটির এনটাইটেলমেন্ট,बीमार अवकाश हक,"Selepas peperiksaan perubatan di perbelanjaan majikan, anda berhak mendapat cuti sakit berbayar: 14 hari setahun jika bekerja kurang dari 2 tahun, 18 hari setahun jika bekerja 2-5 tahun, 22 hari setahun jika bekerja 5+ tahun, atau 60 hari setahun jika dimasukkan ke hospital. Cuti sakit mesti disahkan oleh pengamal perubatan berdaftar atau pegawai perubatan. Jika anda mengambil cuti sakit yang tidak dapat disahkan atau gagal memaklumkan/menghadiri majikan anda dalam masa 48 jam, anda mungkin tidak hadir tanpa kebenaran dan tanpa gaji.","नियोक्ताको खर्चमा मेडिकल परीक्षा पछि, तपाईं बिरामी बिदाको भुक्तानी गर्न हकदार हुनुभयो: 1 years दिन प्रति वर्ष, 2 peries दिन, वा प्रति वर्ष 1 days दिन, वा प्रति वर्ष 1 days दिन भने। बिरामी बिदा एक पंजीकृत मेडिकल चिकित्सक वा चिकित्सा अधिकारी द्वारा प्रमाणित हुनुपर्दछ। यदि तपाईं isenitted बिरामी बिदा लिनुहुन्छ वा hours 48 घण्टा भित्र तपाईंको नियोक्तालाई सूचित गर्न / पहुँच गर्न असफल, तपाईं अनुमति बिना र तलब बिना अनुपस्थित हुन सक्छ।","নিয়োগকর্তার ব্যয়ে মেডিকেল পরীক্ষার পরে, আপনি বেতনভুক্ত অসুস্থ ছুটির অধিকারী হন: প্রতি বছর 14 দিন যদি 2 বছরেরও কম সময় নিযুক্ত হয়, প্রতি বছর 18 দিনের কম নিয়োগ করা হয় যদি 2-5 বছর, প্রতি বছর 22 দিন নিযুক্ত করা হয় তবে 5+ বছর নিযুক্ত করা হয়, বা যদি হাসপাতালে ভর্তি প্রয়োজন হয় তবে প্রতি বছর 60 দিন। অসুস্থ ছুটি অবশ্যই একজন নিবন্ধিত মেডিকেল প্র্যাকটিশনার বা মেডিকেল অফিসার দ্বারা প্রত্যয়িত হতে হবে। আপনি যদি অনিশ্চিত অসুস্থ ছুটি নেন বা 48 ঘন্টার মধ্যে আপনার নিয়োগকর্তাকে অবহিত করতে/উপস্থিত করতে ব্যর্থ হন তবে আপনি অনুমতি ছাড়াই এবং বিনা বেতনের অনুপস্থিত থাকতে পারেন।","नियोक्ता के खर्च पर चिकित्सा परीक्षा के बाद, आप भुगतान किए गए बीमार अवकाश के हकदार हैं: प्रति वर्ष 14 दिन यदि 2 साल से कम, प्रति वर्ष 18 दिन, यदि 2-5 वर्ष, 22 दिन प्रति वर्ष नियोजित किया जाता है, तो 5+ वर्ष, या अस्पताल में भर्ती होने पर प्रति वर्ष 60 दिन नियोजित किया जाता है। बीमार अवकाश को एक पंजीकृत चिकित्सा व्यवसायी या चिकित्सा अधिकारी द्वारा प्रमाणित किया जाना चाहिए। यदि आप 48 घंटों के भीतर अपने नियोक्ता को सूचित/सूचित/उपस्थित करने में अप्रमाणित बीमार छुट्टी लेते हैं, तो आप बिना अनुमति के और बिना वेतन के अनुपस्थित हो सकते हैं।"
73,60FA,PART XII,Paternity leave,EN,2,Paternity leave,"Married male employees are entitled to paid paternity leave at ordinary rate of pay for 7 consecutive days for each confinement, limited to 5 confinements regardless of number of spouses. To qualify, you must have worked for the same employer for at least 12 months before the leave starts and notify your employer of your spouse's pregnancy at least 30 days before expected confinement or as early as possible after birth.",Cuti bapa,पितुर बिदा,পিতৃত্ব ছুটি,पितृत्व अवकाश,"Pekerja lelaki yang sudah berkahwin berhak mendapat cuti paterniti yang dibayar pada kadar gaji biasa selama 7 hari berturut -turut untuk setiap kurungan, terhad kepada 5 pengasingan tanpa mengira bilangan pasangan. Untuk memenuhi syarat, anda mesti bekerja untuk majikan yang sama sekurang -kurangnya 12 bulan sebelum cuti bermula dan memberitahu majikan anda kehamilan pasangan anda sekurang -kurangnya 30 hari sebelum kurungan yang dijangka atau seawal mungkin selepas kelahiran.","विवाहित पुरुष कर्मचारीहरुलाई पेरेजरको लगातार during दिन भुक्तान गर्ने सामान्य दरबारमा parte लगातार daysue दिन भुक्तान गर्ने दिनहरू, with कैदीहरूको संख्या बिना कैदीहरूको संख्यामा inst कैदीहरूमा made कैदीहरूमा सीमित छ। क्वालिफाइल गर्न, तपाईंले समान नियोक्तालाई कम्तिमा 12 महिनाको लागि काम गर्नुपर्थ्यो र आफ्नो पति वा पत्नीको गर्भावस्थाको कम्तिमा days0 दिनलाई सूचित गर्नुहोस् वा सम्भव भएसम्म चाँडो जन्म पछि।","বিবাহিত পুরুষ কর্মচারীরা প্রতিটি বন্দিদশার জন্য টানা 7 দিনের জন্য সাধারণ হারে বেতনভোগী ছুটির অধিকারী, স্বামী / স্ত্রীর সংখ্যা নির্বিশেষে 5 টি কারাগারে সীমাবদ্ধ। যোগ্যতা অর্জনের জন্য, আপনি অবশ্যই ছুটি শুরুর আগে কমপক্ষে 12 মাসের জন্য একই নিয়োগকর্তার পক্ষে কাজ করেছেন এবং আপনার স্ত্রীর গর্ভাবস্থা সম্পর্কে আপনার নিয়োগকর্তাকে প্রত্যাশিত কারাগারের কমপক্ষে 30 দিন আগে বা জন্মের পরে যত তাড়াতাড়ি সম্ভব সম্ভব সম্পর্কে অবহিত করেছেন।","विवाहित पुरुष कर्मचारी प्रत्येक कारावास के लिए लगातार 7 दिनों के लिए भुगतान की साधारण दर पर भुगतान किए गए पितृत्व अवकाश के हकदार हैं, जो पति -पत्नी की संख्या की परवाह किए बिना 5 कारावास तक सीमित हैं। अर्हता प्राप्त करने के लिए, आपने छुट्टी शुरू होने से पहले कम से कम 12 महीने के लिए एक ही नियोक्ता के लिए काम किया होगा और अपने जीवनसाथी की गर्भावस्था के अपने नियोक्ता को कम से कम 30 दिन पहले अपेक्षित कारावास से कम से कम या जन्म के बाद जितनी जल्दी हो सके सूचित किया होगा।"
74,94,PART IX,Under Part IX,EN,2,Maternity leave violations,"Your employer commits an offence if they: fail to grant maternity leave when you're entitled, fail to pay maternity allowance to you or your nominee/legal representative, fail to pay maternity allowance in the prescribed manner, or contravene maternity leave protection rules. If convicted, the court can order your employer to pay the maternity allowance you're entitled to in addition to any other penalties.",Pelanggaran cuti bersalin,मातृत्व बिदा उल्ल .्घन,প্রসূতি ছুটি লঙ্ঘন,मातृत्व अवकाश उल्लंघन,"Majikan anda melakukan kesalahan jika mereka: gagal memberikan cuti bersalin apabila anda berhak, gagal membayar elaun bersalin kepada anda atau wakil penama/undang -undang anda, gagal membayar elaun bersalin dengan cara yang ditetapkan, atau melanggar peraturan perlindungan cuti bersalin. Sekiranya disabitkan kesalahan, mahkamah boleh memerintahkan majikan anda untuk membayar elaun bersalin yang anda berhak untuk selain penalti lain.","तपाईंको नियोक्सोले एउटा कठोरतालाई नियन्त्रणमा राख्छ यदि तपाईं हकदार छोड्नुहोस् जब तपाईं हलचल डेलिभर्न हटाउनुहुन्छ भने, तपाईंलाई वा तपाईंको मनोनीत / कानूनी डेलिभरी सुरक्षा सुरक्षाको नियमहरू दिन असफल हुन्छ। यदि दोषी ठहरिएमा, अदालतले तपाईंको रोजगारदातालाई अर्डर गर्न आदेश दिन सक्दछ जुन तपाईं कुनै पनि अन्य दण्डको अतिरिक्त हकदार हुनुहुन्छ।","আপনার নিয়োগকর্তা যদি কোনও অপরাধ করেন তবে তারা যদি: আপনি যখন অধিকারী হন তখন মাতৃত্বকালীন ছুটি মঞ্জুর করতে ব্যর্থ হন, আপনাকে বা আপনার মনোনীত/আইনী প্রতিনিধিদের প্রসূতি ভাতা দিতে ব্যর্থ হন, নির্ধারিত পদ্ধতিতে প্রসূতি ভাতা দিতে ব্যর্থ হন, বা মাতৃত্বকালীন ছুটি সুরক্ষা বিধিগুলি অবমূল্যায়ন করতে ব্যর্থ হন। দোষী সাব্যস্ত হলে আদালত আপনার নিয়োগকর্তাকে অন্য কোনও জরিমানা ছাড়াও যে প্রসূতি ভাতা পাওয়ার অধিকারী তা প্রদানের আদেশ দিতে পারে।","आपका नियोक्ता एक अपराध करता है यदि वे: यदि आप हकदार होने पर मातृत्व अवकाश देने में विफल रहते हैं, तो आपको या आपके नामांकित/कानूनी प्रतिनिधि को मातृत्व भत्ता देने में विफल, निर्धारित तरीके से मातृत्व भत्ता का भुगतान करने में विफल, या गर्भनिरोधक मातृत्व अवकाश संरक्षण नियम। यदि दोषी ठहराया जाता है, तो अदालत आपके नियोक्ता को आदेश दे सकती है कि आप किसी भी अन्य दंड के अलावा मातृत्व भत्ता का भुगतान करें।"
