"org_id","org_name","service_type","org_email","org_descr_en","state_code","org_url","org_phone_no","org_address","operation_hour","org_en","tag"
"1","Doctors Without Borders","Health & Wellbeing","info@apac.msf.org","Medical care and outreach for undocumented migrants in Malaysia, with mobile clinics, referrals and mental-health support.","7","https://doctorswithoutborders-apac.org/en","No contact number","Mobile clinics - locations vary by schedule across Penang (see programme notices).","Clinic schedules announced online","Doctors Without Borders/Mdecins Sans Frontires (MSF) (Doctors Without Borders)","NGO, mobile clinic, community health, refugees, asylum seekers, undocumented, mental health, outreach, free"
"2","FWCMS One Stop Center (Putrajaya)","Work","bestinetintls@gmail.com","Nationwide coverage; Centralised online system for foreign worker recruitment & permits (quota, calling visa, permit renewal, exit memo). Worker-facing at FSSC: eComplaints for employer abuse; call centre for guidance.","16","https://fwcms.com.my/","+603-868 9282","A2-1-1, 1st Floor, Kompleks Perniagaan Ayer@8, Jalan P8G, Presint 8, 62000 Putrajaya, Malaysia.","Monday-Friday 09:00-18:00","FWCMS One Stop Center (Putrajaya)","eVDR, ePLKS, eCOM, eComplaints, eWages, employer process, hotline, appointment"
"3","Food Aid Foundation","Other Support","info@foodaidfoundation.org","Malaysian non-profit food bank rescuing surplus food from companies and individuals, and redistributing it to welfare homes, refugee communities, low-income families, the homeless, and soup kitchens.","14","http://foodaidfoundation.org/","+603-922 6550","No. 9 Jalan 7/118B, Desa Tun Razak, Cheras, â 56000 Kuala Lumpur, Malaysia","Monday-Friday 09:00-17:00; Saturday 09:00-13:00","Food Aid Foundation","NGO, food aid, food security, community support, free"
"4","Foreign Spouses Support Group, Malaysia","Other Support","community@familyfrontiers.org","Malaysian support group established in 2009 to advance and protect the rights of foreign spouses of Malaysian citizens and their children. Provides advocacy, peer support, and guidance on legal status, residency, and family welfare.  ","10","https://www.facebook.com/FSSGMY/","No contact number","Online-based (no physical office)  ","No information available, contact for more detail","Foreign Spouses Support Group, Malaysia","NGO, advocacy, legal aid, family support, free"
"5","General Federation of Nepalese Trade Unions (GEFONT)","Work","dfa@gefont.org","Nepal's largest trade union confederation established in 1989, representing over 449,000 workers across agriculture, industry, and services. GEFONT advocates for labour rights, union organising, and migrant worker protection, and is affiliated with international trade union bodies including ITUC. ","10","https://gefont.org/","+977 1-4168000","P82C+XJH, Kathmandu 44600, Nepal","Monday-Sunday 09:00-17:00","General Federation of Nepalese Trade Unions (GEFONT)","union, advocacy, labour rights, worker protection, Nepalese migrant focus"
"6","Health Equity Initiatives (HEI)","Health & Wellbeing","Not available, please contact via phone number","Malaysian NGO providing free, culturally-sensitive physical and mental health services-including counselling, health education, and community outreach-for refugees, asylum seekers, and migrant workers. HEI also engages in advocacy and research to promote equitable healthcare access.","14","https://www.healthequityinitiatives.org/","+603-227 2495","26-1A, Jalan Vivekananda, Brickfields, 50470 Kuala Lumpur, Wilayah Persekutuan Kuala Lumpur","Monday-Friday 09:00-18:00","Health Equity Initiatives (HEI)","NGO, health, mental health, counselling, advocacy, free"
"7","Integrated Health Outreach Project","Health & Wellbeing","mlslu@unhcr.org","Primary care and community health support for refugees/asylum-seekers via UNHCR partners (e.g., Malaysian Relief Agency).","14","https://refugeemalaysia.org/support-2/health-services/","+603-211 8480","570 Jalan Bukit Petaling, 50460 Kuala Lumpur, Malaysia","No information available, contact for more detail","Integrated Health Outreach Project","NGO, mobile clinic, primary care, health screening, outreach, low cost, walk-in, free"
"8","Jabatan Bantuan Guaman Gua Musang","Legal Aid","suriani.rashid@jbg.gov.my","Legal aid & emerging public defence for children in criminal cases, regardless of nationality (per 2025 law updates); advice & referrals via JBG offices.","3","https://www.jbg.gov.my/index.php/en/services/legal-aid-services","+609-912 3688","Lot 6, Tingkat 1, Bangunan Tabung Haji, Bandar Baru Gua Musang, 18300 GUA MUSANG, KELANTAN","No information available, contact for more detail","Legal Aid Department Gua Musang (Jabatan Bantuan Guaman Gua Musang)","legal aid, children, under 18, criminal, regardless of nationality, public defender, appointment"
"9","Jabatan Bantuan Guaman Ibu Pejabat (JBG) ","Legal Aid","fuad.aziz@jbg.gov.my","Headquarters for legal aid & emerging public defence for children in criminal cases, regardless of nationality (per 2025 law updates); advice & referrals via JBG offices.","16","https://www.jbg.gov.my/index.php/en/services/legal-aid-services","+603-888 5182","Aras 1, Bangunan Hal Ehwal Undang Undang, Presint 3, Pusat Pentadbiran Kerajaan Persekutuan, 62692, Wilayah Persekutuan Putrajaya.","Monday-Friday 08:30-16:00","Legal Aid Department Headquarters (Jabatan Bantuan Guaman Ibu Pejabat (JBG))","legal aid, children, under 18, criminal, regardless of nationality, public defender, appointment"
"10","Jabatan Bantuan Guaman Johor","Legal Aid","aidatulazura@jbg.gov.my","Legal aid & emerging public defence for children in criminal cases, regardless of nationality (per 2025 law updates); advice & referrals via JBG offices.","1","https://www.jbg.gov.my/index.php/en/services/legal-aid-services","+607-223 4960","Lot L4-01, Tingkat 4, Menara Landmark, No.12, Jalan Ngee Heng, 80000 Johor Baharu, JOHOR","Sunday-Wednesday 08:00-16:00; Thursday 08:00-15:30","Legal Aid Department Johor (Jabatan Bantuan Guaman Johor)","legal aid, children, under 18, criminal, regardless of nationality, public defender, appointment"
"11","Jabatan Bantuan Guaman Kelantan","Legal Aid","norhamizah@jbg.gov.my","Legal aid & emerging public defence for children in criminal cases, regardless of nationality (per 2025 law updates); advice & referrals via JBG offices.","3","https://www.jbg.gov.my/index.php/en/services/legal-aid-services","+609-748 2548","Lot PT84 & PT85, Wisma Mustapha, Seksyen 15, Jalan Sultanah Zainab, 15050 KOTA BHARU, KELANTAN","No information available, contact for more detail","Legal Aid Department Kelantan (Jabatan Bantuan Guaman Kelantan)","legal aid, children, under 18, criminal, regardless of nationality, public defender, appointment"
"12","Jabatan Bantuan Guaman Langkawi","Legal Aid","faridah.ismail@jbg.gov.my","Legal aid & emerging public defence for children in criminal cases, regardless of nationality (per 2025 law updates); advice & referrals via JBG offices.","2","https://www.jbg.gov.my/index.php/en/services/legal-aid-services","+604-969 8180","Lot 10B & 11B, Tingkat Bawah, Kompleks Cayman, Pekan Baru Kuah, 07000 LANGKAWI, KEDAH","Sunday-Wednesday 08:00-17:00; Thursday 08:30-15:30","Legal Aid Department Langkawi (Jabatan Bantuan Guaman Langkawi)","legal aid, children, under 18, criminal, regardless of nationality, public defender, appointment"
"13","Jabatan Bantuan Guaman Melaka","Legal Aid","qaiyyum@jbg.gov.my","Legal aid & emerging public defence for children in criminal cases, regardless of nationality (per 2025 law updates); advice & referrals via JBG offices.","4","https://www.jbg.gov.my/index.php/en/services/legal-aid-services","+606-234 5277","Tingkat 6, Menara Persekutuan, Jalan Persekutuan, MITC, Hang Tuah Jaya, 75450 Ayer Keroh, MELAKA","Monday-Thursday 08:30-13:00 and 14:00-16:30; Friday 08:00-12:15 and 14:45-16:30","Legal Aid Department Malacca (Jabatan Bantuan Guaman Melaka)","legal aid, children, under 18, criminal, regardless of nationality, public defender, appointment"
"14","Jabatan Bantuan Guaman Miri","Legal Aid","hcling@jbg.gov.my","Legal aid & emerging public defence for children in criminal cases, regardless of nationality (per 2025 law updates); advice & referrals via JBG offices.","13","https://www.jbg.gov.my/index.php/en/services/legal-aid-services","+608-542 3606","Tingkat 13, Lot 97, Wisma Yulan, Jalan Brooke, Peti Surat 2300, 98008 MIRI, SARAWAK","Monday-Thursday 08:00-13:00 and 14:00-17:00; Friday 08:00-11:45 and 14:15-17:00","Legal Aid Department Miri (Jabatan Bantuan Guaman Miri)","legal aid, children, under 18, criminal, regardless of nationality, public defender, appointment"
"15","Jabatan Bantuan Guaman Muar","Legal Aid","khir.nizam@jbg.gov.my","Legal aid & emerging public defence for children in criminal cases, regardless of nationality (per 2025 law updates); advice & referrals via JBG offices.","1","https://www.jbg.gov.my/index.php/en/services/legal-aid-services","+606-952 2410","Lot 2, Tingkat Mezzanine, Bangunan Muar Trade Centre, No. 16, Jalan Petrie, 84000 Muar, JOHOR","Sunday-Wednesday 08:00-17:00; Thursday 08:00-15:00","Legal Aid Department Muar (Jabatan Bantuan Guaman Muar)","legal aid, children, under 18, criminal, regardless of nationality, public defender, appointment"
"16","Jabatan Bantuan Guaman Negeri Sembilan","Legal Aid","hanis.jamilludin@jbg.gov.my","Legal aid & emerging public defence for children in criminal cases, regardless of nationality (per 2025 law updates); advice & referrals via JBG offices.","5","https://www.jbg.gov.my/index.php/en/services/legal-aid-services","+606-763 0457","Tingkat 7, Wisma Persekutuan, Jalan Dato' Abdul Kadir, 70000 SEREMBAN, NEGERI SEMBILAN","Monday-Friday 09:00-17:00","Legal Aid Department Negeri Sembilan (Jabatan Bantuan Guaman Negeri Sembilan)","legal aid, children, under 18, criminal, regardless of nationality, public defender, appointment"
"17","Jabatan Bantuan Guaman Pahang","Legal Aid","zulfazliah.mahmudjbg.gov.my","Legal aid & emerging public defence for children in criminal cases, regardless of nationality (per 2025 law updates); advice & referrals via JBG offices.","6","https://www.jbg.gov.my/index.php/en/services/legal-aid-services","+609-516 1135","Tingkat 8, Wisma Persekutuan, Jalan Gambut, PAHANG","Sunday-Wednesday 09:00-17:30; Thursday 09:00-11:30","Legal Aid Department Pahang (Jabatan Bantuan Guaman Pahang)","legal aid, children, under 18, criminal, regardless of nationality, public defender, appointment"
"18","Jabatan Bantuan Guaman Perak","Legal Aid","hezlin@jbg.gov.my","Legal aid & emerging public defence for children in criminal cases, regardless of nationality (per 2025 law updates); advice & referrals via JBG offices.","8","https://www.jbg.gov.my/index.php/en/services/legal-aid-services","+605-254 4027","Tingkat Bawah, Blok A (A2), Bangunan Persekutuan Ipoh, Jalan Dato' Ahmad Said (Greentown), 30450 IPOH, PERAK","Monday-Friday 08:00-12:00 and 14:00-16:00","Legal Aid Department Perak (Jabatan Bantuan Guaman Perak)","legal aid, children, under 18, criminal, regardless of nationality, public defender, appointment"
"19","Jabatan Bantuan Guaman Perlis","Legal Aid","aliasuzila@jbg.gov.my","Legal aid & emerging public defence for children in criminal cases, regardless of nationality (per 2025 law updates); advice & referrals via JBG offices.","9","https://www.jbg.gov.my/index.php/en/services/legal-aid-services","+604-976 7739","No. 8, 10, 12, Taman Temak Jaya, Jalan Kangar-Alor Star, 01000 KANGAR, PERLIS","No information available, contact for more detail","Legal Aid Department Perlis (Jabatan Bantuan Guaman Perlis)","legal aid, children, under 18, criminal, regardless of nationality, public defender, appointment"
"20","Jabatan Bantuan Guaman Pulau Pinang","Legal Aid","manomani@jbg.gov.my","Legal aid & emerging public defence for children in criminal cases, regardless of nationality (per 2025 law updates); advice & referrals via JBG offices.","7","https://www.jbg.gov.my/index.php/en/services/legal-aid-services","+604-210 9100","Aras 4, Bangunan Gunasama Persekutuan, Jalan Anson, 10400 GEORGETOWN, PULAU PINANG","Monday-Friday 08:00-13:00 and 14:00-16:30","Legal Aid Department Pulau Pinang (Jabatan Bantuan Guaman Pulau Pinang)","legal aid, children, under 18, criminal, regardless of nationality, public defender, appointment"
"21","Jabatan Bantuan Guaman Raub","Legal Aid","azhwa@jbg.gov.my","Legal aid & emerging public defence for children in criminal cases, regardless of nationality (per 2025 law updates); advice & referrals via JBG offices.","6","https://www.jbg.gov.my/index.php/en/services/legal-aid-services","+609-355 3677","Tingkat 2, Bangunan Gunasama Persekutuan, Jalan Tengku Abdul Samad, 27600 RAUB, PAHANG","Monday-Friday 08:00-17:00","Legal Aid Department Raub (Jabatan Bantuan Guaman Raub)","legal aid, children, under 18, criminal, regardless of nationality, public defender, appointment"
"22","Jabatan Bantuan Guaman Sabah","Legal Aid","herlina.muse@jbg.gov.my","Legal aid & emerging public defence for children in criminal cases, regardless of nationality (per 2025 law updates); advice & referrals via JBG offices.","12","https://www.jbg.gov.my/index.php/en/services/legal-aid-services","+608-848 8434","Aras 2, Menara MAA, No. 6, Lorong Api-Api 1, Peti Surat 11319, 88814 KOTA KINABALU, SABAH","Monday-Thursday 08:00-13:00 and 14:00-16:00; Friday 08:00-11:30 and 14:00-16:00","Legal Aid Department Sabah (Jabatan Bantuan Guaman Sabah)","legal aid, children, under 18, criminal, regardless of nationality, public defender, appointment"
"23","Jabatan Bantuan Guaman Sarawak","Legal Aid","haffiza.jemali@jbg.gov.my","Legal aid & emerging public defence for children in criminal cases, regardless of nationality (per 2025 law updates); advice & referrals via JBG offices.","13","https://www.jbg.gov.my/index.php/en/services/legal-aid-services","+608-225 8699","Tingkat 6, Bangunan Sultan Iskandar, Jalan Simpang Tiga, 93300 KUCHING, SARAWAK","Monday-Friday 08:00-16:00","Legal Aid Department Sarawak (Jabatan Bantuan Guaman Sarawak)","legal aid, children, under 18, criminal, regardless of nationality, public defender, appointment"
"24","Jabatan Bantuan Guaman Selangor","Legal Aid","anisah.nor@jbg.gov.my","Legal aid & emerging public defence for children in criminal cases, regardless of nationality (per 2025 law updates); advice & referrals via JBG offices.","10","https://www.jbg.gov.my/index.php/en/services/legal-aid-services","+603-554 5339","Lot F-50, Tingkat 1, Pusat Komersial Ideal Convention Centre (IDCC), Jalan Pahat L 15/L, Seksyen 15, 40200 Shah Alam, Selangor","Monday-Thursday 08:00-13:00 and 14:00-17:00; Friday 08:00-12:15 and 14:45-17:00","Legal Aid Department Selangor (Jabatan Bantuan Guaman Selangor)","legal aid, children, under 18, criminal, regardless of nationality, public defender, appointment"
"25","Jabatan Bantuan Guaman Sibu","Legal Aid","norhayati.abu@jbg.gov.my","Legal aid & emerging public defence for children in criminal cases, regardless of nationality (per 2025 law updates); advice & referrals via JBG offices.","13","https://www.jbg.gov.my/index.php/en/services/legal-aid-services","+608-434 3978","Tingkat 10 (Section A), Wisma Vasty, Lot. No 445, Blok 5, No.15, Jalan Pulau, 96000 SIBU, SARAWAK","No information available, contact for more detail","Legal Aid Department Sibu (Jabatan Bantuan Guaman Sibu)","legal aid, children, under 18, criminal, regardless of nationality, public defender, appointment"
"26","Jabatan Bantuan Guaman Taiping","Legal Aid","syuhada@jbg.gov.my","Legal aid & emerging public defence for children in criminal cases, regardless of nationality (per 2025 law updates); advice & referrals via JBG offices.","8","https://www.jbg.gov.my/index.php/en/services/legal-aid-services","+605-808 2701","Tingkat 3, Wisma Persekutuan, Jalan Istana Larut, 34000 TAIPING, PERAK","No information available, contact for more detail","Legal Aid Department Taiping (Jabatan Bantuan Guaman Taiping)","legal aid, children, under 18, criminal, regardless of nationality, public defender, appointment"
"27","Jabatan Bantuan Guaman Terengganu","Legal Aid","ainfadilla@jbg.gov.my","Legal aid & emerging public defence for children in criminal cases, regardless of nationality (per 2025 law updates); advice & referrals via JBG offices.","11","https://www.jbg.gov.my/index.php/en/services/legal-aid-services","+609-620 3240","Aras 1, Wisma PERKESO, Lot 2467, Jalan Air Jernih,, 20538 KUALA TERENGGANU, TERENGGANU","No information available, contact for more detail","Legal Aid Department Terengganu (Jabatan Bantuan Guaman Terengganu)","legal aid, children, under 18, criminal, regardless of nationality, public defender, appointment"
"28","Jabatan Bantuan Guaman Wilayah Persekutuan Kuala Lumpur","Legal Aid","sazlinidayu@jbggov.my","Legal aid & emerging public defence for children in criminal cases, regardless of nationality (per 2025 law updates); advice & referrals via JBG offices.","14","https://www.jbg.gov.my/index.php/en/services/legal-aid-services","+603-269 4270","Tingkat 28, Menara TH Perdana,,1001 Jalan Sultan Ismail, 50250 Kuala Lumpur.","Monday-Thursday 09:00-12:30 and 14:00-15:30; Friday 09:00-12:00 and 14:45-15:30","Legal Aid Department Wilayah Persekutuan Kuala Lumpur (Jabatan Bantuan Guaman Wilayah Persekutuan Kuala Lumpur)","legal aid, children, under 18, criminal, regardless of nationality, public defender, appointment"
"29","Jabatan Bantuan Guaman Wilayah Persekutuan Labuan","Legal Aid","norehan.hamid@jbg.gov.my","Legal aid & emerging public defence for children in criminal cases, regardless of nationality (per 2025 law updates); advice & referrals via JBG offices.","15","https://www.jbg.gov.my/index.php/en/services/legal-aid-services","+608-741 2242","Tingkat 9(A), Blok 4, Menara Pejabat Ujana Kewangan, Jalan Merdeka, 87018 WILAYAH PERSEKUTUAN LABUAN","Monday-Thursday 08:00-13:00 and 14:00-16:00; Friday 08:00-11:30 and 14:00-16:00","Legal Aid Department Wilayah Persekutuan Labuan (Jabatan Bantuan Guaman Wilayah Persekutuan Labuan)","legal aid, children, under 18, criminal, regardless of nationality, public defender, appointment"
"30","Jabatan Keselamatan dan Kesihatan Pekerjaan (JKKP) Ibu Pejabat","Health & Wellbeing","projkkp@mohr.gov.my","Occupational safety & health, workplace complaints","16","https://dosh.gov.my/","+603-800 0800","Aras 1, 3, 4 & 5, Setia Perkasa 4, Kompleks Setia Perkasa, Pusat Pentadbiran Kerajaan Persekutuan, 62530 W. P. Putrajaya","Monday-Thursday 08:00-13:00 and 14:00-17:00; Friday 08:00-12:15 and 14:45-17:00","Department of Occupational Safety & Health (DOSH) Headquarters (Jabatan Keselamatan dan Kesihatan Pekerjaan (JKKP) Ibu Pejabat)","govt, appointment, walk-in, EN, MS"
"31","Jabatan Keselamatan dan Kesihatan Pekerjaan (JKKP) Sabah","Health & Wellbeing","projkkp@mohr.gov.my","Occupational safety & health, workplace complaints","12","https://dosh.gov.my/","+608-823 6611","Wisma Perindustrian, Jalan Istiadat, 88400 Kota Kinabalu, Sabah","Monday-Saturday 08:00-17:00","Department of Occupational Safety & Health (DOSH) Sabah (Jabatan Keselamatan dan Kesihatan Pekerjaan (JKKP) Sabah)",
"32","Jabatan Keselamatan dan Kesihatan Pekerjaan (JKKP) Selangor","Health & Wellbeing","projkkp@mohr.gov.my","Occupational safety & health, workplace complaints","10","https://dosh.gov.my/","+603-562 3640","No. 1, Jalan Meru Susur 1, 41050 Klang, Selangor","Monday-Saturday 09:00-18:00","Department of Occupational Safety & Health (DOSH) Selangor (Jabatan Keselamatan dan Kesihatan Pekerjaan (JKKP) Selangor)",
"33","Jabatan Tenaga Kerja (Georgetown)","Housing & Shelter","jtkdgtown@mohr.gov.my","State labour office for wage/OT/rest day complaints; hostel standards (Act 446) advice; mediation & enforcement.","7","https://jtksm.mohr.gov.my/ms","+604-262 5536","Tingkat 2, Bangunan Tuanku Syed Putra, Lebuh Downing, 10300 Pulau Pinang","No information available, contact for more detail","Department of Labour (Georgetown) (Jabatan Tenaga Kerja (Georgetown))","wage claim, overtime, rest days, complaints, hostel standards"
"34","Jabatan Tenaga Kerja (Georgetown)","Work","jtkdgtown@mohr.gov.my","State labour office for wage/OT/rest day complaints; hostel standards (Act 446) advice; mediation & enforcement.","7","https://jtksm.mohr.gov.my/ms","+604-262 5536","Tingkat 2, Bangunan Tuanku Syed Putra, Lebuh Downing, 10300 Pulau Pinang","No information available, contact for more detail","Department of Labour (Georgetown) (Jabatan Tenaga Kerja (Georgetown))","wage claim, overtime, rest days, complaints, hostel standards"
"35","Jabatan Tenaga Kerja (Johor)","Housing & Shelter","jtknjohor@mohr.gov.my","State labour office for wage/OT/rest day complaints; hostel standards (Act 446) advice; mediation & enforcement.","1","https://jtksm.mohr.gov.my/ms","+607-227 5080","Tingkat 3, Blok A, Wisma Persekutuan, Wisma Jalan Ayer Molek, 80000 Johor Bahru, Johor.","No information available, contact for more detail","Department of Labour (Johor) (Jabatan Tenaga Kerja (Johor))","wage claim, overtime, rest days, complaints, hostel standards"
"36","Jabatan Tenaga Kerja (Johor)","Work","jtknjohor@mohr.gov.my","State labour office for wage/OT/rest day complaints; hostel standards (Act 446) advice; mediation & enforcement.","1","https://jtksm.mohr.gov.my/ms","+607-227 5080","Tingkat 3, Blok A, Wisma Persekutuan, Wisma Jalan Ayer Molek, 80000 Johor Bahru, Johor.","No information available, contact for more detail","Department of Labour (Johor) (Jabatan Tenaga Kerja (Johor))","wage claim, overtime, rest days, complaints, hostel standards"
"37","Jabatan Tenaga Kerja (Kedah)","Housing & Shelter","jtknkedah@mohr.gov.my","State labour office for wage/OT/rest day complaints; hostel standards (Act 446) advice; mediation & enforcement.","2","https://jtksm.mohr.gov.my/ms","+604-732 2655","Aras 5, Zon A, Wisma Persekutuan, Pusat Pentadbiran Kerajaan Persekutuan, Bandar Muadzam Shah, 06550 Alor Setar, Kedah","Monday-Wednesday 08:00-17:00; Thursday 08:00-15:30","Department of Labour (Kedah) (Jabatan Tenaga Kerja (Kedah))","wage claim, overtime, rest days, complaints, hostel standards"
"38","Jabatan Tenaga Kerja (Kedah)","Work","jtknkedah@mohr.gov.my","State labour office for wage/OT/rest day complaints; hostel standards (Act 446) advice; mediation & enforcement.","2","https://jtksm.mohr.gov.my/ms","+604-732 2655","Aras 5, Zon A, Wisma Persekutuan, Pusat Pentadbiran Kerajaan Persekutuan, Bandar Muadzam Shah, 06550 Alor Setar, Kedah","Monday-Wednesday 08:00-17:00; Thursday 08:00-15:30","Department of Labour (Kedah) (Jabatan Tenaga Kerja (Kedah))","wage claim, overtime, rest days, complaints, hostel standards"
"39","Jabatan Tenaga Kerja (Kelantan)","Housing & Shelter","jtknkelantan@mohr.gov.my","State labour office for wage/OT/rest day complaints; hostel standards (Act 446) advice; mediation & enforcement.","3","https://jtksm.mohr.gov.my/ms","+609-748 2506","No. 1, Aras 11, Wisma Persekutuan, Jalan Bayam, 15200 Kota Bharu, Kelantan","No information available, contact for more detail","Department of Labour (Kelantan) (Jabatan Tenaga Kerja (Kelantan))","wage claim, overtime, rest days, complaints, hostel standards"
"40","Jabatan Tenaga Kerja (Kelantan)","Work","jtknkelantan@mohr.gov.my","State labour office for wage/OT/rest day complaints; hostel standards (Act 446) advice; mediation & enforcement.","3","https://jtksm.mohr.gov.my/ms","+609-748 2506","No. 1, Aras 11, Wisma Persekutuan, Jalan Bayam, 15200 Kota Bharu, Kelantan","No information available, contact for more detail","Department of Labour (Kelantan) (Jabatan Tenaga Kerja (Kelantan))","wage claim, overtime, rest days, complaints, hostel standards"
"41","Jabatan Tenaga Kerja (Melaka)","Housing & Shelter","jtknmelaka@mohr.gov.my","State labour office for wage/OT/rest day complaints; hostel standards (Act 446) advice; mediation & enforcement.","4","https://jtksm.mohr.gov.my/ms","+606-234 5172","Aras 4, Menara Persekutuan, Jalan Wisma Persekutuan, Malacca International Trade Centre, 75450 Ayer Keroh, Malacca","Monday-Friday 08:00-17:00","Department of Labour (Malacca) (Jabatan Tenaga Kerja (Melaka))","wage claim, overtime, rest days, complaints, hostel standards"
"42","Jabatan Tenaga Kerja (Melaka)","Work","jtknmelaka@mohr.gov.my","State labour office for wage/OT/rest day complaints; hostel standards (Act 446) advice; mediation & enforcement.","4","https://jtksm.mohr.gov.my/ms","+606-234 5172","Aras 4, Menara Persekutuan, Jalan Wisma Persekutuan, Malacca International Trade Centre, 75450 Ayer Keroh, Malacca","Monday-Friday 08:00-17:00","Department of Labour (Malacca) (Jabatan Tenaga Kerja (Melaka))","wage claim, overtime, rest days, complaints, hostel standards"
"43","Jabatan Tenaga Kerja (Negeri Sembilan)","Housing & Shelter","jtknsembilan@mohr.gov.my","State labour office for wage/OT/rest day complaints; hostel standards (Act 446) advice; mediation & enforcement.","5","https://jtksm.mohr.gov.my/ms","+606-763 8997","Wisma Persekutuan, Jalan Dato' Abdul Kadir, Seremban, 70000 Seremban, Negeri Sembilan","No information available, contact for more detail","Department of Labour (Negeri Sembilan) (Jabatan Tenaga Kerja (Negeri Sembilan))","wage claim, overtime, rest days, complaints, hostel standards"
"44","Jabatan Tenaga Kerja (Negeri Sembilan)","Work","jtknsembilan@mohr.gov.my","State labour office for wage/OT/rest day complaints; hostel standards (Act 446) advice; mediation & enforcement.","5","https://jtksm.mohr.gov.my/ms","+606-763 8997","Wisma Persekutuan, Jalan Dato' Abdul Kadir, Seremban, 70000 Seremban, Negeri Sembilan","No information available, contact for more detail","Department of Labour (Negeri Sembilan) (Jabatan Tenaga Kerja (Negeri Sembilan))","wage claim, overtime, rest days, complaints, hostel standards"
"45","Jabatan Tenaga Kerja (Pahang)","Housing & Shelter","jtknpahang@mohr.gov.my","State labour office for wage/OT/rest day complaints; hostel standards (Act 446) advice; mediation & enforcement.","6","https://jtksm.mohr.gov.my/ms","+609-516 2709","No. 1, Tingkat 2, Bangunan Persekutuan, Jalan Gambut, 25532, 25000 Kuantan, Pahang","Monday-Friday 10:00-17:00","Department of Labour (Pahang) (Jabatan Tenaga Kerja (Pahang))","wage claim, overtime, rest days, complaints, hostel standards"
"46","Jabatan Tenaga Kerja (Pahang)","Work","jtknpahang@mohr.gov.my","State labour office for wage/OT/rest day complaints; hostel standards (Act 446) advice; mediation & enforcement.","6","https://jtksm.mohr.gov.my/ms","+609-516 2709","No. 1, Tingkat 2, Bangunan Persekutuan, Jalan Gambut, 25532, 25000 Kuantan, Pahang","Monday-Friday 10:00-17:00","Department of Labour (Pahang) (Jabatan Tenaga Kerja (Pahang))","wage claim, overtime, rest days, complaints, hostel standards"
"47","Jabatan Tenaga Kerja (Perak)","Housing & Shelter","jtknperak@mohr.gov.my","State labour office for wage/OT/rest day complaints; hostel standards (Act 446) advice; mediation & enforcement.","8","https://jtksm.mohr.gov.my/ms","+605-254 5271","Jalan Dato' Seri Ahmad Said Bangunan Persekutuan, Persiaran Greentown, 31450 Ipoh, Perak","Monday-Friday 08:00-17:00","Department of Labour (Perak) (Jabatan Tenaga Kerja (Perak))","wage claim, overtime, rest days, complaints, hostel standards"
"48","Jabatan Tenaga Kerja (Perak)","Work","jtknperak@mohr.gov.my","State labour office for wage/OT/rest day complaints; hostel standards (Act 446) advice; mediation & enforcement.","8","https://jtksm.mohr.gov.my/ms","+605-254 5271","Jalan Dato' Seri Ahmad Said Bangunan Persekutuan, Persiaran Greentown, 31450 Ipoh, Perak","Monday-Friday 08:00-17:00","Department of Labour (Perak) (Jabatan Tenaga Kerja (Perak))","wage claim, overtime, rest days, complaints, hostel standards"
"49","Jabatan Tenaga Kerja (Perlis)","Housing & Shelter","jtknperlis@mohr.gov.my","State labour office for wage/OT/rest day complaints; hostel standards (Act 446) advice; mediation & enforcement.","9","https://jtksm.mohr.gov.my/ms","+604-976 1415","No. 1,Tingkat 1, Bangunan, Jalan Tun Abdul Razak, 01000 Kangar, Perlis","Monday-Friday 08:00-17:00","Department of Labour (Perlis) (Jabatan Tenaga Kerja (Perlis))","wage claim, overtime, rest days, complaints, hostel standards"
"50","Jabatan Tenaga Kerja (Perlis)","Work","jtknperlis@mohr.gov.my","State labour office for wage/OT/rest day complaints; hostel standards (Act 446) advice; mediation & enforcement.","9","https://jtksm.mohr.gov.my/ms","+604-976 1415","No. 1,Tingkat 1, Bangunan, Jalan Tun Abdul Razak, 01000 Kangar, Perlis","Monday-Friday 08:00-17:00","Department of Labour (Perlis) (Jabatan Tenaga Kerja (Perlis))","wage claim, overtime, rest days, complaints, hostel standards"
"51","Jabatan Tenaga Kerja (Selangor)","Housing & Shelter","jtknselangor@mohr.gov.my","State labour office for wage/OT/rest day complaints; hostel standards (Act 446) advice; mediation & enforcement.","10","https://jtksm.mohr.gov.my/ms","+603-563 2880","Wisma Consplant 2, Suite A405-7, Tingkat 3A, West Wing, No. 7, Jalan SS16/1, 47500 Subang Jaya, Selangor","Monday-Thursday 08:00-13:00 and 14:00-16:30; Friday 08:00-12:15 and 14:45-16:30","Department of Labour (Selangor) (Jabatan Tenaga Kerja (Selangor))","wage claim, overtime, rest days, complaints, hostel standards"
"52","Jabatan Tenaga Kerja (Selangor)","Work","jtknselangor@mohr.gov.my","State labour office for wage/OT/rest day complaints; hostel standards (Act 446) advice; mediation & enforcement.","10","https://jtksm.mohr.gov.my/ms","+603-563 2880","Wisma Consplant 2, Suite A405-7, Tingkat 3A, West Wing, No. 7, Jalan SS16/1, 47500 Subang Jaya, SelaNGOr","Monday-Thursday 08:00-13:00 and 14:00-16:30; Friday 08:00-12:15 and 14:45-16:30","Department of Labour (Selangor) (Jabatan Tenaga Kerja (Selangor))","wage claim, overtime, rest days, complaints, hostel standards"
"53","Jabatan Tenaga Kerja (Terengganu)","Housing & Shelter","jtkntrgnu@mohr.gov.my","State labour office for wage/OT/rest day complaints; hostel standards (Act 446) advice; mediation & enforcement.","11","https://jtksm.mohr.gov.my/ms","+609-620 3791","No. 1, Tingkat 6, Wisma Persekutuan, Jalan Sultan Ismail, 20200, Kuala Terengganu, Terengganu, 20200","No information available, contact for more detail","Department of Labour (Terengganu) (Jabatan Tenaga Kerja (Terengganu))","wage claim, overtime, rest days, complaints, hostel standards"
"54","Jabatan Tenaga Kerja (Terengganu)","Work","jtkntrgnu@mohr.gov.my","State labour office for wage/OT/rest day complaints; hostel standards (Act 446) advice; mediation & enforcement.","11","https://jtksm.mohr.gov.my/ms","+609-620 3791","No. 1, Tingkat 6, Wisma Persekutuan, Jalan Sultan Ismail, 20200, Kuala Terengganu, Terengganu, 20200","No information available, contact for more detail","Department of Labour (Terengganu) (Jabatan Tenaga Kerja (Terengganu))","wage claim, overtime, rest days, complaints, hostel standards"
"55","Jabatan Tenaga Kerja Peninsular Malaysia (JTKSM)","Housing & Shelter","jtksm@mohr.gov.my","Headquarters in Peninsular Malaysia for wage/OT/rest day complaints; hostel standards (Act 446) advice; mediation & enforcement.","16","https://jtksm.mohr.gov.my/ms","+603-800 0800","Aras 5, Blok D3, Kompleks D, Pusat Pentadbiran Kerajaan Persekutuan, Presint 1, 62530 Putrajaya","Monday-Thursday 08:00-13:00 and 14:00-17:00; Friday 08:00-12:30 and 14:30-17:00","Department of Labour Peninsular Malaysia (Jabatan Tenaga Kerja Peninsular Malaysia (JTKSM))","wage claim, overtime, rest days, complaints, hostel standards"
"56","Jabatan Tenaga Kerja Peninsular Malaysia (JTKSM)","Work","jtksm@mohr.gov.my","Headquarter labour office in Peninsular Malaysia for wage/OT/rest day complaints; hostel standards (Act 446) advice; mediation & enforcement.","16","https://jtksm.mohr.gov.my/ms","+603-800 0800","Aras 5, Blok D3, Kompleks D, Pusat Pentadbiran Kerajaan Persekutuan, Presint 1, 62530 Putrajaya","Monday-Thursday 08:00-13:00 and 14:00-17:00; Friday 08:00-12:30 and 14:30-17:00","Department of Labour Peninsular Malaysia (Jabatan Tenaga Kerja Peninsular Malaysia (JTKSM))","wage claim, overtime, rest days, complaints, hostel standards"
"57","Kechara Soup Kitchen Society","Other Support","ksk@kechara.com","Non-religious community action group in Malaysia providing food distribution, basic medical aid, and counselling services to the homeless and urban poor.  ","14","https://kecharasoupkitchen.com/","+601-261 5026","17, Jalan Barat, Imbi, 55100 Kuala Lumpur, Wilayah Persekutuan Kuala Lumpur","Monday-Friday 10:00-18:00; Saturday 14:00-22:00","Kechara Soup Kitchen Society","NGO, food aid, medical aid, counselling, community support, free"
"58","MERCY Malaysia Headquarters","Health & Wellbeing","info@mercy.org.my","Nationwide coverage; medical relief, health-related development and outreach for vulnerable groups across Malaysia.","14","https://mercy.org.my/","+603-227 6211","1st Floor, Bangunan MCOBA, 42 Jalan Syed Putra, 50460 Kuala Lumpur, Malaysia","Monday-Friday 09:00-18:00","MERCY Malaysia Headquarters","NGO, community health, mobile clinic, mental health, disaster relief, outreach, appointment, free"
"59","MERCY Malaysia Sabah Chapter ","Health & Wellbeing","mercysabahchapter02@gmail.com","Medical relief, health-related development and outreach for vulnerable groups.","12","https://www.facebook.com/mercymalaysiasabah/?locale=ms_MY","+608-827 2667","Lot No 4, Jalan Percetakan, Off, Jalan Tuaran, 88400 Kota Kinabalu, Sabah","Monday-Friday 09:00-17:00","MERCY Malaysia Sabah Chapter ","NGO, community health, mobile clinic, mental health, disaster relief, outreach, appointment, free"
"60","MERCY Malaysia Sarawak Chapter ","Health & Wellbeing","info@mercy.org.my","Medical relief, health-related development and outreach for vulnerable groups.","13","https://mercy.org.my/","+603-214 2200","Lorong Kota Padawan 6, Padawan, Sarawak, Malaysia","Monday-Friday 09:00-17:00","MERCY Malaysia Sarawak Chapter ","NGO, community health, mobile clinic, mental health, disaster relief, outreach, appointment, free"
"61","Malaysian Care (Wisma Care, HQ)","Other Support","mail@malaysiancare.org","Faith-based NGO in Malaysia supporting migrant workers and their families through community outreach, food aid, skills training, education, and advocacy for inclusion and welfare.  ","14","https://malaysiancare.org/","+603-921 2016","15, Jalan Tasik Selatan 3, Bandar Tasik Selatan, 57000 Kuala Lumpur, Wilayah Persekutuan Kuala Lumpur","Monday-Friday 09:00-17:30","Malaysian Care (Wisma Care, HQ)","NGO, faith based, food aid, skills training, legal awareness, EN, MS, walk-in, appointment, no fee., free"
"62","Malaysian Red Crescent Society (Johor)","Health & Wellbeing","johor@redcrescent.org.my","First aid, ambulance support, disaster relief and community training (branch services vary).","1","https://www.facebook.com/redcrescentjb/","+607-223 8354","66 Jalan Yahya Awal, Johor Bahru, Malaysia","Monday-Friday 08:30-17:30; Saturday 08:30-13:00","Malaysian Red Crescent Society (Johor)","first aid, ambulance, disaster relief, training"
"63","Malaysian Red Crescent Society (Kedah)","Health & Wellbeing","kedah@redcrescent.org.my","Humanitarian assistance, first aid and community health; restoring family links and disaster response.","2","https://redcrescent.org.my/","+604-720 9980","JKR 155, Bangunan Muafakat, Bakar Bata, Lebuhraya Darul Aman, 05000 Alor Setar","No information available, contact for more detail","Malaysian Red Crescent Society (Kedah)","NGO, first aid, ambulance, disaster relief, blood donation, training, free"
"64","Malaysian Red Crescent Society (Kelantan)","Health & Wellbeing","kelantan@redcrescent.org.my","Humanitarian assistance, first aid and community health; restoring family links and disaster response.","3","https://redcrescent.org.my/","+609-743 5504","Rumah Amal Tengku Muhammad Faris Petra, Jalan Mahmud, 15200 Kota Bharu","Monday-Friday 09:00-17:00","Malaysian Red Crescent Society (Kelantan)","NGO, first aid, ambulance, disaster relief, blood donation, training, free"
"65","Malaysian Red Crescent Society (Labuan)","Health & Wellbeing","labuan@redcrescent.org.my","Humanitarian assistance, first aid and community health; restoring family links and disaster response.","15","https://redcrescent.org.my/","+608-841 1702","Telekom (M) Berhad, Jalan Kampung Jawa, 87007 Labuan, Wilayah Persekutuan Labuan, Malaysia","No information available, contact for more detail","Malaysian Red Crescent Society (Labuan)","NGO, first aid, ambulance, disaster relief, blood donation, training, free"
"66","Malaysian Red Crescent Society (Malacca)","Health & Wellbeing","melaka@redcrescent.org.my","Humanitarian assistance, first aid and community health; restoring family links and disaster response.","4","https://redcrescent.org.my/","+606-281 7376","No. 12, Bukit Peringgit, 75150 Melaka","Monday-Friday 09:00-17:00","Malaysian Red Crescent Society (Malacca)","NGO, first aid, ambulance, disaster relief, blood donation, training, free"
"67","Malaysian Red Crescent Society (Negeri Sembilan)","Health & Wellbeing","n.sembilan@redcrescent.org.my","Humanitarian assistance, first aid and community health; restoring family links and disaster response.","5","https://redcrescent.org.my/","+606-763 9097","No. 3, Jalan Dr Krishnan, 70000 Seremban","Monday-Friday 09:00-17:00","Malaysian Red Crescent Society (Negeri Sembilan)","NGO, first aid, ambulance, disaster relief, blood donation, training, free"
"68","Malaysian Red Crescent Society (Pahang)","Health & Wellbeing","pahang@redcrescent.org.my","Humanitarian assistance, first aid and community health; restoring family links and disaster response.","6","https://redcrescent.org.my/","+609-516 5243","JKR 121, Jalan Gambut, 25000 Kuantan","24hr","Malaysian Red Crescent Society (Pahang)","NGO, first aid, ambulance, disaster relief, blood donation, training, free, 24/7"
"69","Malaysian Red Crescent Society (Penang)","Health & Wellbeing","p.pinang@redcrescent.org.my","Humanitarian assistance, first aid and community health; restoring family links and disaster response.","7","https://redcrescent.org.my/","+604-827 5678","No.26, Jalan Grove, 11400 Pulau Pinang","Monday-Friday 09:00-18:00","Malaysian Red Crescent Society (Penang)","NGO, first aid, ambulance, disaster relief, blood donation, training, free"
"70","Malaysian Red Crescent Society (Perak)","Health & Wellbeing","perak@redcrescent.org.my","Humanitarian assistance, first aid and community health; restoring family links and disaster response.","8","https://redcrescent.org.my/","+605-546 6159","Lot. No 4890N, Jalan Komplek Sukan, Berhampiran Stadium Perak, 31400 Ipoh","No information available, contact for more detail","Malaysian Red Crescent Society (Perak)","NGO, first aid, ambulance, disaster relief, blood donation, training, free"
"71","Malaysian Red Crescent Society (Perlis)","Health & Wellbeing","perlis@redcrescent.org.my","Humanitarian assistance, first aid and community health; restoring family links and disaster response.","9","https://redcrescent.org.my/","+604-977 9477","JKR 323, Jalan Cempaka, 01000 Kangar","No information available, contact for more detail","Malaysian Red Crescent Society (Perlis)","NGO, first aid, ambulance, disaster relief, blood donation, training, free"
"72","Malaysian Red Crescent Society (Putrajaya)","Health & Wellbeing","adminvms@redcrescent.org.my","Humanitarian assistance, first aid and community health via MRCS network; inquiries handled by national HQ.","16","https://redcrescent.org.my/contact/","+603-214 3812","Lot PT54, Lengkok Belfield, Off Jalan Wisma Putra, 50460 Kuala Lumpur, Malaysia","No information available, contact for more detail","Malaysian Red Crescent Society (Putrajaya)","NGO, first aid, ambulance, disaster relief, blood donation, training, free"
"73","Malaysian Red Crescent Society (Sabah)","Health & Wellbeing","sabah@redcrescent.org.my","Humanitarian assistance, first aid and community health; restoring family links and disaster response.","12","https://redcrescent.org.my/","+608-242 6480","Voluntary Association Complex Batu 21/2, Lot No. 2, Jalan Tuaran Lorong Bunga Matahari 2, Sabah, 88400 Kota Kinabalu","No information available, contact for more detail","Malaysian Red Crescent Society (Sabah)","NGO, first aid, ambulance, disaster relief, blood donation, training, free"
"74","Malaysian Red Crescent Society Sarawak Chapter","Health & Wellbeing","stamprc@po.jaring.my","Humanitarian assistance, first aid and community health; restoring family links and disaster response.","13","https://www.redcrescentsarawak.org.my/","+608-242 8228","Jalan P. Ramlee, 93400 Kuching, Sarawak, Malaysia","Monday-Friday 08:30-12:00 and 14:30-17:00; Saturday 08:30-12:00","Malaysian Red Crescent Society Sarawak Chapter","NGO, first aid, ambulance, disaster relief, blood donation, training, free"
"75","Malaysian Trades Union Congress (MTUC) Headquarters","Legal Aid","sgmtuc@gmail.com","National trade union centre advocating for workers' rights, minimum wage, fair workweeks, labour law reforms, and union organizing. Provides support for migrant workers, retrenched workers, and promotes safer workplaces nationwide.  ","10","https://mtuc.org.my/","+603-802 4295","10-5, 10-5, Jalan USJ 9/5t, Subang Business Centre, 47620 Subang Jaya, Selangor","Monday-Friday 09:00-17:00","Malaysian Trades Union Congress (MTUC) Headquarters","NGO, union, advocacy, labour rights, legal aid, worker protection, free"
"76","Malaysian Trades Union Congress (MTUC) Johor","Legal Aid","mteh1963@gmail.com","National trade union centre advocating for workers' rights, minimum wage, fair workweeks, labour law reforms, and union organizing. Provides support for migrant workers, retrenched workers, and promotes safer workplaces nationwide.  ","1","https://mtuc.org.my/","+607-224 4233","No. 49, Jalan Sri Bahagia, Johor Bahru Johor, 81200","No information available, contact for more detail","Malaysian Trades Union Congress (MTUC) Johor","NGO, union, advocacy, labour rights, legal aid, worker protection, free"
"77","Malaysian Trades Union Congress (MTUC) Kedah","Legal Aid","zamri.midah@gmail.com","National trade union centre advocating for workers' rights, minimum wage, fair workweeks, labour law reforms, and union organizing. Provides support for migrant workers, retrenched workers, and promotes safer workplaces nationwide.  ","2","https://mtuc.org.my/","+601-253 9847","D/A 161 & 162, Tingkat 1, Susuran Sultan Abdul Hamid 8, Kompleks Perniagaan Sultan, Abdul Hamid Fasa 2, Persiaran Sultan Abdul Hamid, 05050 Alor Star, Kedah","No information available, contact for more detail","Malaysian Trades Union Congress (MTUC) Kedah","NGO, union, advocacy, labour rights, legal aid, worker protection, free"
"78","Malaysian Trades Union Congress (MTUC) Penang","Legal Aid","kveeriah@hotmail.com","National trade union centre advocating for workers' rights, minimum wage, fair workweeks, labour law reforms, and union organizing. Provides support for migrant workers, retrenched workers, and promotes safer workplaces nationwide.  ","7","https://mtuc.org.my/","+601-947 7643","2965, Jalan Perai Utama 1, Taman Perai Utama, 13600 Perai, Pulau Pinang","Monday-Saturday 09:00-05:00","Malaysian Trades Union Congress (MTUC) Penang","NGO, union, advocacy, labour rights, legal aid, worker protection, free"
"79","Malaysian Trades Union Congress (MTUC) Perak","Legal Aid","arfadzil58@yahoo.com","National trade union centre advocating for workers' rights, minimum wage, fair workweeks, labour law reforms, and union organizing. Provides support for migrant workers, retrenched workers, and promotes safer workplaces nationwide.  ","8","https://mtuc.org.my/","+605-292 3758","20A, Jalan Klebang Utama 1, Taman Klebang Utama, 31200 Chemor, Perak","No information available, contact for more detail","Malaysian Trades Union Congress (MTUC) Perak","NGO, union, advocacy, labour rights, legal aid, worker protection, free"
"80","Malaysian Trades Union Congress (MTUC) Sabah","Legal Aid","awangali.ahmad@yahoo.com","National trade union centre advocating for workers' rights, minimum wage, fair workweeks, labour law reforms, and union organizing. Provides support for migrant workers, retrenched workers, and promotes safer workplaces nationwide.  ","12","https://mtuc.org.my/","+601-385 1243","3rd Floor, Block C, Lot No.19, Lintas Square, Jln Lintas, 88300 Kota Kinabalu, Sabah","No information available, contact for more detail","Malaysian Trades Union Congress (MTUC) Sabah","NGO, union, advocacy, labour rights, legal aid, worker protection, free"
"81","Malaysian Trades Union Congress (MTUC) Sarawak","Legal Aid","utesswk@streamyx.com","National trade union centre advocating for workers' rights, minimum wage, fair workweeks, labour law reforms, and union organizing. Provides support for migrant workers, retrenched workers, and promotes safer workplaces nationwide.  ","13","https://mtuc.org.my/","+601-948 5348","Suite 6.22 & 7, Lot 3005 22, Q3A, Hock Kui Commercial Centre, 93150 Kuching, Sarawak","Monday-Friday 08:00-17:00","Malaysian Trades Union Congress (MTUC) Sarawak","NGO, union, advocacy, labour rights, legal aid, worker protection, free"
"82","Malaysian Trades Union Congress (MTUC) Selangor","Legal Aid","sgmtuc@gmail.com.com","National trade union centre advocating for workers' rights, minimum wage, fair workweeks, labour law reforms, and union organizing. Provides support for migrant workers, retrenched workers, and promotes safer workplaces nationwide.  ","10","https://mtuc.org.my/","+603-802 4295","10-5, 10-5, Jalan USJ 9/5t, Subang Business Centre, 47620 Subang Jaya, Selangor","Monday-Friday 09:00-17:00","Malaysian Trades Union Congress (MTUC) Selangor","NGO, union, advocacy, labour rights, legal aid, worker protection, free"
"83","Migrant Care","Legal Aid","secretariat@migrantcare.net","Indonesian NGO established in 2004 to protect and empower migrant workers, especially women in the informal sector. Migrant CARE advocates for dignified livelihoods, global justice, and pro-migrant policies; organizes awareness programs; provides legal aid for workers facing exploitation or violence; and strengthens networks from local to global levels.","14","https://migrantcare.net/tentang-kami/","+62 21 27808211","Jl. Karang Pola V No.1 4, RT.4/RW.3, Jati Padang, Ps. Minggu, Kota Jakarta Selatan, Daerah Khusus Ibukota Jakarta 12540, Indonesia","Monday-Friday 09:00-16:00","Migrant Care","NGO, advocacy, legal aid, migrant rights, worker protection, Indonesian migrant focus, free"
"84","Migrant Care","Other Support","secretariat@migrantcare.net","Indonesian NGO established in 2004 to protect and empower migrant workers, especially women in the informal sector. Migrant CARE advocates for dignified livelihoods, global justice, and pro-migrant policies; organizes awareness programs; provides legal aid for workers facing exploitation or violence; and strengthens networks from local to global levels. ","14","https://migrantcare.net/tentang-kami/","+62 21 27808211","Jl. Karang Pola V No.1 4, RT.4/RW.3, Jati Padang, Ps. Minggu, Kota Jakarta Selatan, Daerah Khusus Ibukota Jakarta 12540, Indonesia","Monday-Friday 09:00-16:00","Migrant Care","NGO, advocacy, legal aid, migrant rights, worker protection, Indonesian migrant focus, free"
"85","Migrant Care","Work","secretariat@migrantcare.net","Indonesian NGO established in 2004 to protect and empower migrant workers, especially women in the informal sector. Migrant CARE advocates for dignified livelihoods, global justice, and pro-migrant policies; organizes awareness programs; provides legal aid for workers facing exploitation or violence; and strengthens networks from local to global levels. ","14","https://migrantcare.net/tentang-kami/","+62 21 27808211","Jl. Karang Pola V No.1 4, RT.4/RW.3, Jati Padang, Ps. Minggu, Kota Jakarta Selatan, Daerah Khusus Ibukota Jakarta 12540, Indonesia","Monday-Friday 09:00-16:00","Migrant Care","NGO, advocacy, legal aid, migrant rights, worker protection, Indonesian migrant focus, free"
"86","Migrant88","Legal Aid","secretariat@migrant88.com","Independent, action-driven non-profit think tank with bases in Belgium and Malaysia, investigating corporate power, political repression, and global injustice. Since 2013, MIGRANT88 has produced investigative research exposing labour exploitation, forced migration, and human rights abuses, supporting civil society, media, and grassroots movements in advocacy and policy reform.","14","https://migrant88.com/","No contact number","Online-based (no physical office)  ","No information available, contact for more detail","Migrant88","NGO, research, advocacy, labour rights, corporate accountability, free"
"87","Migrant88","Work","secretariat@migrant88.com","Independent, action-driven non-profit think tank with bases in Belgium and Malaysia, investigating corporate power, political repression, and global injustice. Since 2013, MIGRANT88 has produced investigative research exposing labour exploitation, forced migration, and human rights abuses, supporting civil society, media, and grassroots movements in advocacy and policy reform.","14","https://migrant88.com/","No contact number","Online-based (no physical office)  ","No information available, contact for more detail","Migrant88","NGO, research, advocacy, labour rights, corporate accountability, free"
"88","North South Initiative (NSI)","Housing & Shelter","resq@nsinitiative.net","Emergency Solidarity House providing short-term stay for male migrant workers and refugees; referrals to partner shelters for women. Targeting Indonesian, Bangladeshi, Pakistani, Myanmar & Nepali communities.","10","https://nsinitiative.net/","+603-766 3546","A-2-7, Jalan Sungai Jernih 8/1, Seksyen 8 Petaling Jaya, 46050 Petaling Jaya, Selangor","Monday-Friday 10:00-19:00; Saturday 10:00-17:00","North South Initiative (NSI)","NGO, emergency shelter, temporary housing, referrals, migrant communities IDN BGD PAK MMR NPL, free"
"89","North South Initiative (NSI)","Legal Aid","resq@nsinitiative.net","Policy advocacy & migrant rights education; cross-border collaboration to improve fair labour migration systems. Targeting Indonesian, Bangladeshi, Pakistani, Myanmar & Nepali workers in Malaysia.","10","https://nsinitiative.net/","+603-766 3546","A-2-7, Jalan Sungai Jernih 8/1, Seksyen 8 Petaling Jaya, 46050 Petaling Jaya, Selangor","Monday-Friday 10:00-19:00; Saturday 10:00-17:00","North South Initiative (NSI)","NGO, advocacy, labour rights, migration policy, legal awareness, migrant communities IDN BGD PAK MMR NPL, free"
"90","Parti Socialis Malaysia (PSM) Migrant Desk","Legal Aid","pusat@partisosialis.org ","Coalition of NGOs, unions, and civil society groups in Malaysia advocating for a comprehensive national policy on labour migration. Organised multi-stakeholder consultations on recruitment, employment rights, undocumented labour, detention, social security, health, and family rights, and continues to push for fair policies protecting migrant workers.  ","14","https://partisosialis.org/","+603-285 7510","No. 140, Jalan Sultan Abdul Samad, Brickfields 50470 Kuala Lumpur, Malaysia","No information available, contact for more detail","Parti Socialis Malaysia (PSM) Migrant Desk","coalition, advocacy, labour rights, policy reform, legal aid"
"91","Pejabat Tenaga Kerja (Kuala Lumpur)","Housing & Shelter","jtknklumpur@mohr.gov.my","Federal Territory labour office for wage/OT/rest day complaints; hostel standards (Act 446) advice; mediation & enforcement.","14","https://jtksm.mohr.gov.my/ms","+603-414 1460","TINGKAT 9, JABATAN TENAGA KERJA, Menara Perkeso, Jln Ampang, Taman U Thant, 55000 Kuala Lumpur, Federal Territory of Kuala Lumpur","Monday-Friday 08:00-16:30","Department of Labour (Kuala Lumpur) (Pejabat Tenaga Kerja (Kuala Lumpur))","wage claim, overtime, rest days, complaints, hostel standards"
"92","Pejabat Tenaga Kerja (Kuala Lumpur)","Work","jtknklumpur@mohr.gov.my","Federal Territory labour office for wage/OT/rest day complaints; hostel standards (Act 446) advice; mediation & enforcement.","14","https://jtksm.mohr.gov.my/ms","+603-414 1460","TINGKAT 9, JABATAN TENAGA KERJA, Menara Perkeso, Jln Ampang, Taman U Thant, 55000 Kuala Lumpur","Monday-Friday 08:00-16:30","Department of Labour (Kuala Lumpur) (Pejabat Tenaga Kerja (Kuala Lumpur))","wage claim, overtime, rest days, complaints, hostel standards"
"93","Perak Women for Women Society (PWW)","Housing & Shelter","perakwomenforwomen@gmail.com","Malaysian NGO established in 2004, dedicated to defending women's rights and improving socio-economic status. Provides temporary shelter, legal support, case management, and immediate assistance for women and children victims of violence, while engaging in advocacy, awareness raising, and research.  ","8","https://pww.org.my/","+601-165 5697","15, Jalan Market, 30000 Ipoh, Perak","Monday-Sunday 10:00-15:00","Perak Women for Women Society (PWW)","NGO, women rights, shelter, legal support, advocacy, community support, free"
"94","Perak Women for Women Society (PWW)","Other Support","perakwomenforwomen@gmail.com","Malaysian NGO established in 2004, dedicated to defending women's rights and improving socio-economic status. Provides temporary shelter, legal support, case management, and immediate assistance for women and children victims of violence, while engaging in advocacy, awareness raising, and research.","8","https://pww.org.my/","+601-165 5697","15, Jalan Market, 30000 Ipoh, Perak","Monday-Sunday 10:00-15:00","Perak Women for Women Society (PWW)","NGO, women rights, shelter, legal support, advocacy, community support, free"
"95","Persatuan Sahabat Wanita Selangor","Other Support","sahabatwanita@gmail.com","Malaysian NGO founded in 1984 to support women workers, particularly those in vulnerable industries. PSWS empowers women to protect and advance their rights through legal support, advocacy, awareness raising, capacity building, research, and case management.  ","10","https://persatuansahabatwanita.org/","+603-873 7838","11A, Jalan Restu 1, Taman Restu 43000 Kajang, Selangor, Malaysia","Monday-Friday 09:00-18:00","Selangor Friends Of Women Association (Persatuan Sahabat Wanita Selangor)","NGO, women workers, legal support, advocacy, capacity building, community support, free"
"96","Pertubuhan Keselamatan Sosial (PERKESO) Ibu Pejabat","Health & Wellbeing","perkeso@perkeso.gov.my","National social security/insurance body; compensation, rehab, and support for all workers including migrants.","14","https://www.perkeso.gov.my","+603-426 4500","Menara PERKESO, 281, Jalan Ampang, 50538 Kuala Lumpur","Monday-Friday 08:00-17:00","Social Security Organisation (SOCSO) Headquarters (Pertubuhan Keselamatan Sosial (PERKESO) Ibu Pejabat)","govt, appointment, walk-in, insurance, free legal help, EN, MS, HI"
"97","Pertubuhan Keselamatan Sosial (PERKESO) Sabah","Health & Wellbeing","sabah@perkeso.gov.my","Sabah branch for worker social protection for Sabah.","12","https://www.perkeso.gov.my/en/sabah.html","+608-825 3622","Jalan Kolam, Luyang Commercial Centre, 88300 Kota Kinabalu, Sabah","Monday-Friday 08:00-17:00","Social Security Organisation (SOCSO) Sabah (Pertubuhan Keselamatan Sosial (PERKESO) Sabah)","govt, walk-in, insurance, free legal help, EN, MS, HI"
"98","Pertubuhan Keselamatan Sosial (PERKESO) Selangor","Health & Wellbeing","selangor@perkeso.gov.my","SOCSO branch in Selangor for workers & migrants.","10","https://www.perkeso.gov.my/en/selangor.html","+603-334 1820","PERKESO Building, Persiaran Sukan Section 13, 40675 Shah Alam, Selangor","Monday-Friday 08:00-17:00","Social Security Organisation (SOCSO) Selangor (Pertubuhan Keselamatan Sosial (PERKESO) Selangor)","govt, walk-in, insurance, free legal help, EN, MS, HI"
"99","Project Liber8","Legal Aid","general@projectliber8.org","Malaysian NGO advocating for the rights of trafficked victims, migrant workers, and refugees by challenging harmful perceptions, raising awareness, and promoting inclusion. Project Liber8 works to dismantle stigma and build a society that supports equal access to opportunities and services.  ","10","https://projectliber8.org/","+603-773 2669","D-3A-47, PJU 6A, Lebuhraya SPRINT, 10 Boulevard, 46400 Petaling Jaya, Selangor","Monday-Sunday 09:00-17:00","Project Liber8","NGO, advocacy, anti trafficking, awareness, inclusion, free"
"100","Suara Rakyat Malaysia (SUARAM)","Legal Aid","suaram@suaram.net","Human rights monitoring, advocacy and legal referrals for vulnerable groups including migrant workers.","1","https://www.suaram.net/","+603-795 4572","433-A Jalan 5/46, 46000 Petaling Jaya, Selangor, Malaysia","Monday-Friday 10:30-17:30","Voice of the Malaysian People (Suara Rakyat Malaysia (SUARAM))","NGO, rights education, advocacy, legal referrals, appointment, free"
"101","Suruhanjaya Hak Asasi Manusia Malaysia (SUHAKAM)","Legal Aid","humanrights@suhakam.org.my","Supports the government in developing policies and practices that protect vulnerable groups, including migrant workers. Focus areas include access to healthcare, education, and fair work for Indigenous Peoples, stateless persons, transgender communities, and migrants. Provides research, publications, and advocacy to promote human rights in line with international standards.","14","https://suhakam.org.my/","+603-261 2560","11th Floor, Menara TH Perdana, Jalan Sultan Ismail, 50250, Wilayah Persekutuan Kuala Lumpur.","Monday-Friday 08:00-17:00","Human Rights Commission of Malaysia (Suruhanjaya Hak Asasi Manusia Malaysia (SUHAKAM) Ibu Pejabat)","human rights, migrant workers, policy research, advocacy, government support, healthcare, education, fair work, free"
"102","Tenaganita","Housing & Shelter","general@tenaganita.net","Migrant rights casework, legal referrals and safe-shelter support for vulnerable workers, including trafficking survivors.","10","https://tenaganita.net/","+603-777 0367","12, Jalan 6/11, Seksyen 6, 46000 Petaling Jaya, Selangor, Malaysia","Monday-Friday 09:30-18:00","Tenaganita","NGO, housing advice, case management, hardship aid, free, speak Nepali"
"103","Tzu Chi (Headquarters)","Housing & Shelter","info@tzuchi.my","Provides food aid, emergency relief, and temporary shelter for vulnerable communities including migrant workers and refugees. Nationwide presence with main centre in KL & Selangor.","14","https://www.tzuchi.my/en","+603-625 6380","KL Tzu-Chi Jing Si Hall, No 359, Jalan Kepong, 52000 Kuala Lumpur","Monday-Sunday 09:00-16:00","Tzu Chi (Headquarters)","NGO, food aid, emergency relief, shelter, free"
"104","Tzu Chi (Kedah Branch)","Housing & Shelter","tzwelfarekd@yahoo.com","Provides food aid, emergency relief, and temporary shelter for vulnerable communities including migrant workers and refugees. Nationwide presence with main centre in KL & Selangor.","2","https://www.tzuchi.my/en","+604-731 1013","535A, Jalan Perak, Kws Perindustrian Mergong  205150 Alor Setar, Kedah","Monday-Sunday 08:30-17:30","Tzu Chi (Kedah Branch)","NGO, food aid, emergency relief, shelter, free"
"105","Tzu Chi (Malacca Branch)","Housing & Shelter","btzuchi@tzuchi.my","Provides food aid, emergency relief, and temporary shelter for vulnerable communities including migrant workers and refugees. Nationwide presence with main centre in KL & Selangor.","4","https://www.tzuchi.my/en","+606-281 0818","7850, Lot 922-923, Kws Perindustrian, Batu Berendam Fasa 3(B), Batu Berendam, 75350 Malacca","Monday-Saturday 08:30-18:00","Tzu Chi (Malacca Branch)","NGO, food aid, emergency relief, shelter, free"
"106","Tzu Chi (Penang Branch)","Housing & Shelter","info@tzuchi.my","Provides food aid, emergency relief, and temporary shelter for vulnerable communities including migrant workers and refugees. Nationwide presence with main centre in KL & Selangor.","7","https://www.tzuchi.my/en","+604-228 1013","316, Jalan Macalister, 10450 Penang","Monday-Sunday 08:00-14:00","Tzu Chi (Penang Branch)","NGO, food aid, emergency relief, shelter, free"
"107","Tzu Chi Learning Centre - Ampang","Other Support","info@tzuchi.my","Learning centre providing primary education for non-citizen children; run by Tzu Chi Foundation; intake by assessment/availability.","10","https://www.tzuchi.my/en","+603-625 6380","Contact Tzu Chi (Headquarters) for more detail","Contact Tzu Chi (Headquarters) for more details","Tzu Chi Learning Centre - Ampang","children education, learning centre, non citizen, primary, NGO, intake required, free"
"108","Tzu Chi Learning Centre - Kota Kinabalu","Other Support","info@tzuchi.my","Learning centre providing primary education for non-citizen children; run by Tzu Chi Foundation; intake by assessment/availability.","12","https://www.tzuchi.my/en","+603-625 6380","Contact Tzu Chi (Headquarters) for more detail","Contact Tzu Chi (Headquarters) for more details","Tzu Chi Learning Centre - Kota Kinabalu","children education, learning centre, non citizen, primary, NGO, intake required, free"
"109","Tzu Chi Learning Centre - Sandakan","Other Support","info@tzuchi.my","Learning centre providing primary education for non-citizen children; run by Tzu Chi Foundation; intake by assessment/availability.","12","https://www.tzuchi.my/en","+603-625 6380","Contact Tzu Chi (Headquarters) for more detail","Contact Tzu Chi (Headquarters) for more details","Tzu Chi Learning Centre - Sandakan","children education, learning centre, non citizen, primary, NGO, intake required, free"
"110","Tzu Chi Learning Centre - Selayang","Other Support","info@tzuchi.my","Learning centre providing primary education for non-citizen children; run by Tzu Chi Foundation; intake by assessment/availability.","10","https://www.tzuchi.my/en","+603-625 6380","Contact Tzu Chi (Headquarters) for more detail","Contact Tzu Chi (Headquarters) for more details","Tzu Chi Learning Centre - Selayang","children education, learning centre, non citizen, primary, NGO, intake required, free"
"111","Tzu Chi Learning Centre - Tawau","Other Support","info@tzuchi.my","Learning centre providing primary education for non-citizen children; run by Tzu Chi Foundation; intake by assessment/availability.","12","https://www.tzuchi.my/en","+603-625 6380","Contact Tzu Chi (Headquarters) for more detail","Contact Tzu Chi (Headquarters) for more details","Tzu Chi Learning Centre - Tawau","children education, learning centre, non citizen, primary, NGO, intake required, free"
"112","Women's Aid Organisation (WAO)","Other Support","info@wao.org.my","Established in 1982, WAO provides free shelter, counselling, medical care, and crisis support for women and children who survive abuse. It helps survivors of domestic violence, rape, trafficking, and other atrocities rebuild their lives, while also engaging in legal support, advocacy, awareness raising, research, and capacity building.","10","https://wao.org.my/","+603-300 0885","493, Jalan Sultan, 46760 Petaling Jaya, Selangor, Malaysia (Mailing Address)","No information available, contact for more details","Women's Aid Organisation (WAO)","NGO, women rights, shelter, medical, legal support, advocacy, crisis support, free"
"113","Women's Centre for Change (WCC Penang)","Legal Aid","wcc@wccpenang.org","Free and confidential counselling, legal information & court support; advocacy and outreach.","7","https://www.wccpenang.org/","+604-228 0034","241 Jalan Burma, 10350 George Town, Penang, Malaysia","Monday-Friday 09:00-17:00","Women's Centre for Change (WCC Penang)","NGO, women only, counseling, legal info, hotline, referrals, appointment, free"
"114","Yayasan Bantuan Guaman Kebangsaan (YBGK)","Legal Aid","ybgk.kl@gmail.com","Free criminal legal aid for Malaysian citizens and non-citizens under 18; referrals to duty lawyers at police/court.","14","https://www.ybgk.org.my/","+603-269 2112","Unit 3.03, Tingkat 3, Wisma Badan Peguam Malaysia 2, Leboh Pasar Besar,50000 Kuala Lumpur","Monday-Friday 08:30-17:30","National Legal Aid Foundation (Yayasan Bantuan Guaman Kebangsaan (YBGK))","legal aid, children, under 18, criminal, free, referrals"
"300","Klinik Kesihatan Bagan","Health & Wellbeing-Public Health Centre","No email detail. Please contact via other contact detail","Government primary care clinics under MOH offering outpatient care, maternal and child health, immunisations, basic screening and referrals to hospitals; fees are generally subsidised.","1","No URL","+607-413 8107","MLO 091, Pekan Parit Besar Bagan, 83000 Bagan, Batu Pahat","Sunday-Thursday 08:00-17:00","Bagan Health Clinic","government, primary care, outpatient, maternal, child health, immunisation, screening, referral, subsidised, walk-in, appointment"
"301","Klinik Kesihatan Tongkang Pecah","Health & Wellbeing-Public Health Centre","No email detail. Please contact via other contact detail","Government primary care clinics under MOH offering outpatient care, maternal and child health, immunisations, basic screening and referrals to hospitals; fees are generally subsidised.","1","No URL","+607-415 2091","JTP 121 , Jalan Tongkang Pecah Batu Pahat
","Monday-Friday 08:00-17:00","Tongkang Pecah Health Clinic","government, primary care, outpatient, maternal, child health, immunisation, screening, referral, subsidised, walk-in, appointment"
"302","Klinik Kesihatan Senggarang","Health & Wellbeing-Public Health Centre","No email detail. Please contact via other contact detail","Government primary care clinics under MOH offering outpatient care, maternal and child health, immunisations, basic screening and referrals to hospitals; fees are generally subsidised.","1","No URL","+607-429 1015","5, Batu Pahat, 83200 Senggarang, Johor Darul Ta'zim","Sunday-Thursday 08:00-17:00","Senggarang Health Clinic","government, primary care, outpatient, maternal, child health, immunisation, screening, referral, subsidised, walk-in, appointment"
"303","Klinik Kesihatan Semerah","Health & Wellbeing-Public Health Centre","kksemerah@gmail.com","Government primary care clinics under MOH offering outpatient care, maternal and child health, immunisations, basic screening and referrals to hospitals; fees are generally subsidised.","1","https://www.facebook.com/kksemerah/?locale=ms_MY","+607-416 2685","Jalan Muar Semerah, 83000 Mukim 1 Lubok, Batu Pahat","Sunday-Wednesday 08:00-17:00; Thursday 08:00-15:30","Semerah Health Clinic","government, primary care, outpatient, maternal, child health, immunisation, screening, referral, subsidised, walk-in, appointment"
"304","Klinik Kesihatan Parit Yaani","Health & Wellbeing-Public Health Centre","klinik.parit.yaani@gmail.com","Government primary care clinics under MOH offering outpatient care, maternal and child health, immunisations, basic screening and referrals to hospitals; fees are generally subsidised.","1","No URL","+607-484 6521","Lot 9167, Pekan Parit Yaani, 83710 Mukim 7, Batu Pahat","Sunday-Wednesday 08:00-17:00; Thursday 08:00-15:30","Parit Yaani Health Clinic","government, primary care, outpatient, maternal, child health, immunisation, screening, referral, subsidised, walk-in, appointment"
"305","Klinik Kesihatan Rengit","Health & Wellbeing-Public Health Centre","kesihatanrengit@gmail.com","Government primary care clinics under MOH offering outpatient care, maternal and child health, immunisations, basic screening and referrals to hospitals; fees are generally subsidised.","1","No URL","+607-424 1224","TLO 52, Jalan Besar Rengit, 83500 Rengit, Batu Pahat","Monday-Friday 08:00-17:00","Rengit Health Clinic","government, primary care, outpatient, maternal, child health, immunisation, screening, referral, subsidised, walk-in, appointment"
"306","Klinik Kesihatan Yong Peng","Health & Wellbeing-Public Health Centre","No email detail. Please contact via other contact detail","Government primary care clinics under MOH offering outpatient care, maternal and child health, immunisations, basic screening and referrals to hospitals; fees are generally subsidised.","1","https://www.instagram.com/explore/locations/60500649/klinik-kesihatan-yong-peng/","+607-467 1361","Lot 8905, Jalan Besar Yong Peng, 87000 Semerong, Batu Pahat","Sunday-Wednesday 08:00-17:00; Thursday 08:00-15:30","Yong Peng Health Clinic","government, primary care, outpatient, maternal, child health, immunisation, screening, referral, subsidised, walk-in, appointment"
"307","Klinik Kesihatan Batu Pahat","Health & Wellbeing-Public Health Centre","No email detail. Please contact via other contact detail","Government primary care clinics under MOH offering outpatient care, maternal and child health, immunisations, basic screening and referrals to hospitals; fees are generally subsidised.","1","No URL","+607-434 3355","PTD 6625, Jalan Kluang, 83000 Simpang Kanan, Batu Pahat","Monday-Friday 08:00-17:00","Batu Pahat Health Clinic","government, primary care, outpatient, maternal, child health, immunisation, screening, referral, subsidised, walk-in, appointment"
"308","Klinik Kesihatan Pesta","Health & Wellbeing-Public Health Centre","No email detail. Please contact via other contact detail","Government primary care clinics under MOH offering outpatient care, maternal and child health, immunisations, basic screening and referrals to hospitals; fees are generally subsidised.","1","No URL","+607-434 3355","PTD 13591, Kampung Kenang-Kenangan Dato' Onn, Jalan Perak, 83000 Simpang Kanan, Batu Pahat","No information available, contact for more details","Pesta Health Clinic","government, primary care, outpatient, maternal, child health, immunisation, screening, referral, subsidised, walk-in, appointment"
"309","Klinik Kesihatan Sri Gading","Health & Wellbeing-Public Health Centre","No email detail. Please contact via other contact detail","Government primary care clinics under MOH offering outpatient care, maternal and child health, immunisations, basic screening and referrals to hospitals; fees are generally subsidised.","1","No URL","+607-455 8216","Lot 5360, Sri Gading, Jalan Kluang, 83000 Simpang Kanan, Batu Pahat","Monday-Friday 08:00-17:00","Sri Gading Health Clinic","government, primary care, outpatient, maternal, child health, immunisation, screening, referral, subsidised, walk-in, appointment"
"310","Klinik Kesihatan Parit Sulong","Health & Wellbeing-Public Health Centre","No email detail. Please contact via other contact detail","Government primary care clinics under MOH offering outpatient care, maternal and child health, immunisations, basic screening and referrals to hospitals; fees are generally subsidised.","1","No URL","+607-418 6204","Lot 608, Pekan Parit Sulong, 83500 Simpang Kiri, Batu Pahat","Monday-Friday 08:00-17:00","Parit Sulong Health Clinic","government, primary care, outpatient, maternal, child health, immunisation, screening, referral, subsidised, walk-in, appointment"
"311","Klinik Kesihatan Ayer Hitam","Health & Wellbeing-Public Health Centre","No email detail. Please contact via other contact detail","Government primary care clinics under MOH offering outpatient care, maternal and child health, immunisations, basic screening and referrals to hospitals; fees are generally subsidised.","1","https://www.facebook.com/klinikayerhitam/?locale=ms_MY","+607-758 1966","PTD 5728, Jln Besar ke Yong Peng, 83000 Sri Gading, Batu Pahat","No information available, contact for more details","Ayer Hitam Health Clinic","government, primary care, outpatient, maternal, child health, immunisation, screening, referral, subsidised, walk-in, appointment"
"312","Klinik Kesihatan Parit Raja","Health & Wellbeing-Public Health Centre","No email detail. Please contact via other contact detail","Government primary care clinics under MOH offering outpatient care, maternal and child health, immunisations, basic screening and referrals to hospitals; fees are generally subsidised.","1","No URL","+607-454 1237","MLO 261, Jalan Besar Air Hitam, 86400 Sri Gading, Batu Pahat","Monday-Thursday 08:00-15:00; Friday 24hr	","Parit Raja Health Clinic","government, primary care, outpatient, maternal, child health, immunisation, screening, referral, subsidised, walk-in, appointment, Friday 24/7"
"313","Klinik Kesihatan Sri Merlong","Health & Wellbeing-Public Health Centre","No email detail. Please contact via other contact detail","Government primary care clinics under MOH offering outpatient care, maternal and child health, immunisations, basic screening and referrals to hospitals; fees are generally subsidised.","1","No URL","+607-425 8511","Lot 5086, Kampung Sri Merlong, 83100 Sungai Kluang, Batu Pahat","Sunday-Thursday 08:00-17:00","Sri Merlong Health Clinic","government, primary care, outpatient, maternal, child health, immunisation, screening, referral, subsidised, walk-in, appointment"
"314","Klinik Kesihatan Gelang Patah","Health & Wellbeing-Public Health Centre","No email detail. Please contact via other contact detail","Government primary care clinics under MOH offering outpatient care, maternal and child health, immunisations, basic screening and referrals to hospitals; fees are generally subsidised.","1","No URL","+607-510 1252","JKR 4176 Jalan Besar, 81550 Gelang Patah, Johor Bahru","Monday-Friday 08:00-17:00","Gelang Patah Health Clinic","government, primary care, outpatient, maternal, child health, immunisation, screening, referral, subsidised, walk-in, appointment"
"315","Klinik Kesihatan Paya Mengkuang","Health & Wellbeing-Public Health Centre","No email detail. Please contact via other contact detail","Government primary care clinics under MOH offering outpatient care, maternal and child health, immunisations, basic screening and referrals to hospitals; fees are generally subsidised.","1","No URL","+607-508 0015","JKR 4091 Jln Kelasi, Desa Paya Mengkuang, 81560 Gelang Patah, Johor Bahru","Sunday 08:00-14:00; Monday-Thursday 08:00-17:00","Paya Mengkuang Health Clinic","government, primary care, outpatient, maternal, child health, immunisation, screening, referral, subsidised, walk-in, appointment"
"316","Klinik Kesihatan Kempas","Health & Wellbeing-Public Health Centre","No email detail. Please contact via other contact detail","Government primary care clinics under MOH offering outpatient care, maternal and child health, immunisations, basic screening and referrals to hospitals; fees are generally subsidised.","1","No URL","+607-238 2060","JKR 6044, Jalan Persiaran Tanjung, 81200 Johor Bahru, Johor Bahru","Monday-Thursday 08:00-17:00; Friday 08:00-12:15 and 14:45-17:00","Kempas Health Clinic","government, primary care, outpatient, maternal, child health, immunisation, screening, referral, subsidised, walk-in, appointment"
"317","Klinik Kesihatan Larkin","Health & Wellbeing-Public Health Centre","No email detail. Please contact via other contact detail","Government primary care clinics under MOH offering outpatient care, maternal and child health, immunisations, basic screening and referrals to hospitals; fees are generally subsidised.","1","No URL","+607-223 3249","PTD 4999, Jalan Sentosa, 80350 Johor Bahru, Johor Bahru","Monday-Wednesday 08:00-17:00; Thursday 08:00-15:30; Friday 08:00-17:00 ","Larkin Health Clinic","government, primary care, outpatient, maternal, child health, immunisation, screening, referral, subsidised, walk-in, appointment"
"318","Klinik Kesihatan Mahmoodiah","Health & Wellbeing-Public Health Centre","No email detail. Please contact via other contact detail","Government primary care clinics under MOH offering outpatient care, maternal and child health, immunisations, basic screening and referrals to hospitals; fees are generally subsidised.","1","No URL","+607-226 6166","JKR 6274, Jalan Mahmoodiah, 80100 Johor Bahru, Johor Bahru","Sunday-Thursday 08:00-21:30; Friday-Saturday 09:00-21:30","Mahmoodiah Health Clinic","government, primary care, outpatient, maternal, child health, immunisation, screening, referral, subsidised, walk-in, appointment"
"319","Klinik Kesihatan Majidee","Health & Wellbeing-Public Health Centre","No email detail. Please contact via other contact detail","Government primary care clinics under MOH offering outpatient care, maternal and child health, immunisations, basic screening and referrals to hospitals; fees are generally subsidised.","1","https://www.facebook.com/kkmajidee/?locale=ms_MY","+607-332 3535","JKR 5909/D Jln Sekolah Kg Melayu Majidee, 81100 Johor Bahru, Johor Bahru","Monday-Thursday 08:00-13:00 and 14:00-17:00; Friday 08:00-12:15 and 14:45-17:00","Majidee Health Clinic","government, primary care, outpatient, maternal, child health, immunisation, screening, referral, subsidised, walk-in, appointment"
"320","Klinik Kesihatan Sultan Ismail","Health & Wellbeing-Public Health Centre","No email detail. Please contact via other contact detail","Government primary care clinics under MOH offering outpatient care, maternal and child health, immunisations, basic screening and referrals to hospitals; fees are generally subsidised.","1","https://www.instagram.com/explore/locations/766610663540678/klinik-kesihatan-sultan-ismail/","+607-357 7121","Jalan Persiaran Mutiara Emas Utama, Taman Mount Austin, 81100 Johor Bahru, Johor Bahru","Monday-Friday 08:00-21:30; Saturday 09:00-13:00","Sultan Ismail Health Clinic","government, primary care, outpatient, maternal, child health, immunisation, screening, referral, subsidised, walk-in, appointment"
"321","Klinik Kesihatan Taman Ungku Tun Aminah","Health & Wellbeing-Public Health Centre","No email detail. Please contact via other contact detail","Government primary care clinics under MOH offering outpatient care, maternal and child health, immunisations, basic screening and referrals to hospitals; fees are generally subsidised.","1","No URL","+607-511 3727","119, Jalan Pendekar 2, Taman Ungku Tun Aminah, 81300 Skudai, Johor Darul Ta'zim","No information available, contact for more details","Taman Ungku Tun Aminah Health Clinic","government, primary care, outpatient, maternal, child health, immunisation, screening, referral, subsidised, walk-in, appointment"
"322","Klinik Kesihatan Taman Universiti","Health & Wellbeing-Public Health Centre","No email detail. Please contact via other contact detail","Government primary care clinics under MOH offering outpatient care, maternal and child health, immunisations, basic screening and referrals to hospitals; fees are generally subsidised.","1","No URL","+607-521 6800","Jalan Kebudayaan 28, Taman Universiti, 81300 Johor Bahru, Johor Bahru","Monday-Friday 08:00-17:00","Taman Universiti Health Clinic","government, primary care, outpatient, maternal, child health, immunisation, screening, referral, subsidised, walk-in, appointment"
"323","Klinik Kesihatan Tampoi","Health & Wellbeing-Public Health Centre","No email detail. Please contact via other contact detail","Government primary care clinics under MOH offering outpatient care, maternal and child health, immunisations, basic screening and referrals to hospitals; fees are generally subsidised.","1","No URL","+607-236 1030","JKR 3769-1, Batu 5, Jalan Skudai, 81200 Johor Bahru, Johor Bahru","Monday-Thursday 08:00-17:00; Friday 08:00-12:15 and 14:45-17:00","Tampoi Health Clinic","government, primary care, outpatient, maternal, child health, immunisation, screening, referral, subsidised, walk-in, appointment"
"324","Klinik Kesihatan Tebrau","Health & Wellbeing-Public Health Centre","No email detail. Please contact via other contact detail","Government primary care clinics under MOH offering outpatient care, maternal and child health, immunisations, basic screening and referrals to hospitals; fees are generally subsidised.","1","No URL","+607-334 2067","JKR 5409,5410,5413, Jalan Kerambit, 80050 Johor Bahru, Johor Bahru","Monday-Thursday 08:00-17:00; Friday 08:00-17:30; Saturday 08:00-04:30","Tebrau Health Clinic","government, primary care, outpatient, maternal, child health, immunisation, screening, referral, subsidised, walk-in, appointment"
"325","Klinik Kesihatan Ulu Tiram","Health & Wellbeing-Public Health Centre","No email detail. Please contact via other contact detail","Government primary care clinics under MOH offering outpatient care, maternal and child health, immunisations, basic screening and referrals to hospitals; fees are generally subsidised.","1","No URL","+607-861 1902","JKR 2156, Jln Besar Ulu Tiram, 81800 Johor Bahru, Johor Bahru","Monday-Thursday 08:00-13:00 and 14:00-17:00; Friday 08:00-12:15 and 14:45-17:00","Ulu Tiram Health Clinic","government, primary care, outpatient, maternal, child health, immunisation, screening, referral, subsidised, walk-in, appointment"
"326","Klinik Kesihatan Cahaya Baru","Health & Wellbeing-Public Health Centre","No email detail. Please contact via other contact detail","Government primary care clinics under MOH offering outpatient care, maternal and child health, immunisations, basic screening and referrals to hospitals; fees are generally subsidised.","1","https://www.instagram.com/explore/locations/143602726289075/klinik-kesihatan-cahaya-baru/","+607-261 2346","JKR 2116 Jalan Perak, Felda Cahaya Baru, 81750 Masai, Johor Bahru","Sunday-Thursday 08:00-17:00","Cahaya Baru Health Clinic","government, primary care, outpatient, maternal, child health, immunisation, screening, referral, subsidised, walk-in, appointment"
"327","Klinik Kesihatan Masai","Health & Wellbeing-Public Health Centre","No email detail. Please contact via other contact detail","Government primary care clinics under MOH offering outpatient care, maternal and child health, immunisations, basic screening and referrals to hospitals; fees are generally subsidised.","1","https://www.facebook.com/KKMasai/","+607-251 1882","Lot 2188, Jalan Pekeliling, 81750 Masai, Johor Bahru","Monday-Friday 08:00-17:00","Masai Health Clinic","government, primary care, outpatient, maternal, child health, immunisation, screening, referral, subsidised, walk-in, appointment"
"328","Klinik Kesihatan Pasir Gudang","Health & Wellbeing-Public Health Centre","No email detail. Please contact via other contact detail","Government primary care clinics under MOH offering outpatient care, maternal and child health, immunisations, basic screening and referrals to hospitals; fees are generally subsidised.","1","No URL","+607-251 0594","JKR 5376, Jalan Kejiranan 8/1, 81700 Pasir Gudang, Johor Bahru","Monday-Thursday 08:00-13:00 and 14:00-17:00; Friday 08:00-12:15 and 14:45-17:00","Pasir Gudang Health Clinic","government, primary care, outpatient, maternal, child health, immunisation, screening, referral, subsidised, walk-in, appointment"
"329","Klinik Kesihatan Kahang Batu","Health & Wellbeing-Public Health Centre","No email detail. Please contact via other contact detail","Government primary care clinics under MOH offering outpatient care, maternal and child health, immunisations, basic screening and referrals to hospitals; fees are generally subsidised.","1","No URL","+607-788 1229","Lot 96, Jalan Mersing Batu 22, 86700 Kahang, Kluang","Sunday-Wednesday 08:00-17:00; Thursday 08:00-15:30","Kahang Batu Health Clinic","government, primary care, outpatient, maternal, child health, immunisation, screening, referral, subsidised, walk-in, appointment"
"330","Klinik Kesihatan Kahang Timur","Health & Wellbeing-Public Health Centre","klinik.kahangtimur@gmail.com","Government primary care clinics under MOH offering outpatient care, maternal and child health, immunisations, basic screening and referrals to hospitals; fees are generally subsidised.","1","https://www.facebook.com/klinikkahangtimur/","+607-786 6633","PTD 14726, Jalan Merak, 86007 Kahang, Kluang","Monday-Friday 08:00-17:00","Kahang Timur Health Clinic","government, primary care, outpatient, maternal, child health, immunisation, screening, referral, subsidised, walk-in, appointment"
"331","Klinik Kesihatan Layang-Layang","Health & Wellbeing-Public Health Centre","No email detail. Please contact via other contact detail","Government primary care clinics under MOH offering outpatient care, maternal and child health, immunisations, basic screening and referrals to hospitals; fees are generally subsidised.","1","No URL","+607-752 7233","PTD 3578, Jalan Pejabat Pos, 81850 Layang-layang, 81850 Kluang, Kluang","Monday-Friday 08:00-17:00","Layang-Layang Health Clinic","government, primary care, outpatient, maternal, child health, immunisation, screening, referral, subsidised, walk-in, appointment"
"332","Klinik Kesihatan Mengkibol","Health & Wellbeing-Public Health Centre","No email detail. Please contact via other contact detail","Government primary care clinics under MOH offering outpatient care, maternal and child health, immunisations, basic screening and referrals to hospitals; fees are generally subsidised.","1","No URL","+607-776 5343","Lot 18993, Jln Mengkibol, 86000 Kluang, Kluang","Sunday-Wednesday 07:30-17:30; Thursday 07:30-16:00","Mengkibol Health Clinic","government, primary care, outpatient, maternal, child health, immunisation, screening, referral, subsidised, walk-in, appointment"
"333","Klinik Kesihatan Paloh","Health & Wellbeing-Public Health Centre","No email detail. Please contact via other contact detail","Government primary care clinics under MOH offering outpatient care, maternal and child health, immunisations, basic screening and referrals to hospitals; fees are generally subsidised.","1","No URL","+607-781 1059","Lot 120, Jalan Klinik, 86600 Paloh, Kluang","No information available, contact for more details","Paloh Health Clinic","government, primary care, outpatient, maternal, child health, immunisation, screening, referral, subsidised, walk-in, appointment"
"334","Klinik Kesihatan Renggam","Health & Wellbeing-Public Health Centre","No email detail. Please contact via other contact detail","Government primary care clinics under MOH offering outpatient care, maternal and child health, immunisations, basic screening and referrals to hospitals; fees are generally subsidised.","1","No URL","+607-753 5255","PTD 2495, Jalan Simpang Renggam, 86300 Renggam, Kluang","Sunday-Thursday 08:00-17:00","Renggam Health Clinic","government, primary care, outpatient, maternal, child health, immunisation, screening, referral, subsidised, walk-in, appointment"
"335","Klinik Kesihatan Simpang Renggam","Health & Wellbeing-Public Health Centre","No email detail. Please contact via other contact detail","Government primary care clinics under MOH offering outpatient care, maternal and child health, immunisations, basic screening and referrals to hospitals; fees are generally subsidised.","1","https://www.instagram.com/explore/locations/297638557350916/klinik-kesihatan-simpang-renggam/","+607-755 4143","Lot 1794, Jln Rambutan, 86200 Simpang Renggam, Kluang","Monday-Thursday 08:00-17:00; Friday 08:00-15:30","Simpang Renggam Health Clinic","government, primary care, outpatient, maternal, child health, immunisation, screening, referral, subsidised, walk-in, appointment"
"336","Klinik Kesihatan Ulu Belitong","Health & Wellbeing-Public Health Centre","No email detail. Please contact via other contact detail","Government primary care clinics under MOH offering outpatient care, maternal and child health, immunisations, basic screening and referrals to hospitals; fees are generally subsidised.","1","No URL","+607-786 3333","Jalan Cemara, 86007 Simpang Renggam, Kluang","Monday-Thursday 08:00-13:00 and 14:00-17:00; Friday 08:00-12:00 and 15:00-17:00","Ulu Belitong Health Clinic","government, primary care, outpatient, maternal, child health, immunisation, screening, referral, subsidised, walk-in, appointment"
"337","Klinik Kesihatan Sedili Besar","Health & Wellbeing-Public Health Centre","No email detail. Please contact via other contact detail","Government primary care clinics under MOH offering outpatient care, maternal and child health, immunisations, basic screening and referrals to hospitals; fees are generally subsidised.","1","https://www.instagram.com/explore/locations/499135790116249/klinik-kesihatan-sedili-besar/","+607-889 9870","Lot 218, Jalan Hj Md Lazim, 81900 Kambu, Kota Tinggi","Sunday-Thursday 08:00-17:00","Sedili Besar Health Clinic","government, primary care, outpatient, maternal, child health, immunisation, screening, referral, subsidised, walk-in, appointment"
"338","Klinik Kesihatan Tanjong Sedili","Health & Wellbeing-Public Health Centre","No email detail. Please contact via other contact detail","Government primary care clinics under MOH offering outpatient care, maternal and child health, immunisations, basic screening and referrals to hospitals; fees are generally subsidised.","1","No URL","+607-891 8370","Felda Sening, 81900 Kambu, Kota Tinggi","Sunday-Wednesday 08:00-17:00; Thursday 08:00-15:30","Tanjong Sedili Health Clinic","government, primary care, outpatient, maternal, child health, immunisation, screening, referral, subsidised, walk-in, appointment"
"339","Klinik Kesihatan Air Tawar","Health & Wellbeing-Public Health Centre","No email detail. Please contact via other contact detail","Government primary care clinics under MOH offering outpatient care, maternal and child health, immunisations, basic screening and referrals to hospitals; fees are generally subsidised.","1","https://www.instagram.com/explore/locations/142690026427942/klinik-kesihatan-air-tawar-2/","+607-893 2207","Lot 1046, Jalan Pasar, Sg Rengit, 81900 Kota Tinggi, Kota Tinggi","Monday-Friday 08:00-17:00","Air Tawar Health Clinic","government, primary care, outpatient, maternal, child health, immunisation, screening, referral, subsidised, walk-in, appointment"
"340","Klinik Kesihatan Bandar Tenggara","Health & Wellbeing-Public Health Centre","No email detail. Please contact via other contact detail","Government primary care clinics under MOH offering outpatient care, maternal and child health, immunisations, basic screening and referrals to hospitals; fees are generally subsidised.","1","No URL","+607-896 6178","PTB 496, Jln Tun Abd Majid, 81900 Panti, Kota Tinggi","Monday-Thursday 08:00-13:00 and 14:00-17:00; Friday 08:00-12:15 and 14:45-17:00","Bandar Tenggara Health Clinic","government, primary care, outpatient, maternal, child health, immunisation, screening, referral, subsidised, walk-in, appointment"
"341","Klinik Kesihatan Air Tawar 5 (Felda)","Health & Wellbeing-Public Health Centre","No email detail. Please contact via other contact detail","Government primary care clinics under MOH offering outpatient care, maternal and child health, immunisations, basic screening and referrals to hospitals; fees are generally subsidised.","1","No URL","+607-895 2872","Felda Air Tawar 5, 81900 Tanjung Surat, Kota Tinggi","Sunday-Wednesday 08:00-17:00; Thursday 08:00-15:30","Air Tawar 5 (Felda) Health Clinic","government, primary care, outpatient, maternal, child health, immunisation, screening, referral, subsidised, walk-in, appointment"
"342","Klinik Kesihatan Bandar Mas","Health & Wellbeing-Public Health Centre","No email detail. Please contact via other contact detail","Government primary care clinics under MOH offering outpatient care, maternal and child health, immunisations, basic screening and referrals to hospitals; fees are generally subsidised.","1","No URL","+607-823 6155","Lot 4106, Jalan Tun Habab, 81900 Tanjung Surat, Kota Tinggi","Monday-Friday 08:00-17:00","Bandar Mas Health Clinic","government, primary care, outpatient, maternal, child health, immunisation, screening, referral, subsidised, walk-in, appointment"
"343","Klinik Kesihatan Bandar Penawar","Health & Wellbeing-Public Health Centre","No email detail. Please contact via other contact detail","Government primary care clinics under MOH offering outpatient care, maternal and child health, immunisations, basic screening and referrals to hospitals; fees are generally subsidised.","1","No URL","+607-822 1064","Lot 758, Jalan Ar-Raudah, 81900 Tanjung Surat, Kota Tinggi","Sunday-Wednesday 08:00-17:00; Thursday 08:00-15:30","Bandar Penawar Health Clinic","government, primary care, outpatient, maternal, child health, immunisation, screening, referral, subsidised, walk-in, appointment"
"344","Klinik Kesihatan Pengerang","Health & Wellbeing-Public Health Centre","No email detail. Please contact via other contact detail","Government primary care clinics under MOH offering outpatient care, maternal and child health, immunisations, basic screening and referrals to hospitals; fees are generally subsidised.","1","No URL","+607-825 2455","Felda Lok Heng, 81900 Tanjung Surat, Kota Tinggi","No information available, contact for more details","Pengerang Health Clinic","government, primary care, outpatient, maternal, child health, immunisation, screening, referral, subsidised, walk-in, appointment"
"345","Klinik Kesihatan Sening","Health & Wellbeing-Public Health Centre","No email detail. Please contact via other contact detail","Government primary care clinics under MOH offering outpatient care, maternal and child health, immunisations, basic screening and referrals to hospitals; fees are generally subsidised.","1","No URL","+607-827 7398","Felda Sg Mas, 81900 Tanjung Surat, Kota Tinggi","No information available, contact for more details","Sening Health Clinic","government, primary care, outpatient, maternal, child health, immunisation, screening, referral, subsidised, walk-in, appointment"
"346","Klinik Kesihatan Sungai Rengit","Health & Wellbeing-Public Health Centre","No email detail. Please contact via other contact detail","Government primary care clinics under MOH offering outpatient care, maternal and child health, immunisations, basic screening and referrals to hospitals; fees are generally subsidised.","1","No URL","+607-826 3285","Felda Bukit Waha, 81900 Tanjung Surat, Kota Tinggi","Monday-Thursday 08:00-17:00; Friday 08:00-12:00 and 15:00-17:00","Sungai Rengit Health Clinic","government, primary care, outpatient, maternal, child health, immunisation, screening, referral, subsidised, walk-in, appointment"
"347","Klinik Kesihatan Bukit Besar","Health & Wellbeing-Public Health Centre","No email detail. Please contact via other contact detail","Government primary care clinics under MOH offering outpatient care, maternal and child health, immunisations, basic screening and referrals to hospitals; fees are generally subsidised.","1","No URL","+607-897 7255","PTD 568, Felda Bukit Besar, Jalan Depan Sekolah, 81900 Ulu Sungai Johor, Kota Tinggi","Monday-Friday 08:00-17:00","Bukit Besar Health Clinic","government, primary care, outpatient, maternal, child health, immunisation, screening, referral, subsidised, walk-in, appointment"
"348","Klinik Kesihatan Bukit Waha","Health & Wellbeing-Public Health Centre","No email detail. Please contact via other contact detail","Government primary care clinics under MOH offering outpatient care, maternal and child health, immunisations, basic screening and referrals to hospitals; fees are generally subsidised.","1","No URL","+607-892 5598","PTD 206, Jalan Pembangunan, Bandar Penawar, 81900 Ulu Sungai Johor, Kota Tinggi","Sunday-Thursday 08:00-13:00 and 14:00-17:00","Bukit Waha Health Clinic","government, primary care, outpatient, maternal, child health, immunisation, screening, referral, subsidised, walk-in, appointment"
"349","Klinik Kesihatan Lok Heng","Health & Wellbeing-Public Health Centre","No email detail. Please contact via other contact detail","Government primary care clinics under MOH offering outpatient care, maternal and child health, immunisations, basic screening and referrals to hospitals; fees are generally subsidised.","1","No URL","+607-894 7188","Lot 2548, Felda Air Tawar 2, 81900 Ulu Sungai Johor, Kota Tinggi","Sunday-Thursday 08:00-17:00","Lok Heng Health Clinic","government, primary care, outpatient, maternal, child health, immunisation, screening, referral, subsidised, walk-in, appointment"
"350","Klinik Kesihatan Kulai","Health & Wellbeing-Public Health Centre","No email detail. Please contact via other contact detail","Government primary care clinics under MOH offering outpatient care, maternal and child health, immunisations, basic screening and referrals to hospitals; fees are generally subsidised.","1","No URL","+607-662 5255","Lot 5264, Jalan Pejabat Kesihatan, 81000 Senai, Kulai Jaya","No information available, contact for more details","Kulai Health Clinic","government, primary care, outpatient, maternal, child health, immunisation, screening, referral, subsidised, walk-in, appointment"
"351","Klinik Kesihatan Kulai Besar","Health & Wellbeing-Public Health Centre","No email detail. Please contact via other contact detail","Government primary care clinics under MOH offering outpatient care, maternal and child health, immunisations, basic screening and referrals to hospitals; fees are generally subsidised.","1","No URL","+607-662 2403","Lot 6221, Batu 19 Jalan Air Hitam, 81000 Senai, Kulai Jaya","Monday-Thursday 07:30-19:00; Friday-Saturday 08:00-12:00","Kulai Besar Health Clinic","government, primary care, outpatient, maternal, child health, immunisation, screening, referral, subsidised, walk-in, appointment"
"352","Klinik Kesihatan Bukit Serampang","Health & Wellbeing-Public Health Centre","No email detail. Please contact via other contact detail","Government primary care clinics under MOH offering outpatient care, maternal and child health, immunisations, basic screening and referrals to hospitals; fees are generally subsidised.","1","No URL","+606-977 6961","Lot 4470, 85220 Bukit Serampang, Ledang","Monday-Friday 08:00-17:00","Bukit Serampang Health Clinic","government, primary care, outpatient, maternal, child health, immunisation, screening, referral, subsidised, walk-in, appointment"
"353","Klinik Kesihatan Bukit Gambir","Health & Wellbeing-Public Health Centre","No email detail. Please contact via other contact detail","Government primary care clinics under MOH offering outpatient care, maternal and child health, immunisations, basic screening and referrals to hospitals; fees are generally subsidised.","1","No URL","+606-976 2549","Lot 11961, 84800 Gersik, Ledang","No information available, contact for more details","Bukit Gambir Health Clinic","government, primary care, outpatient, maternal, child health, immunisation, screening, referral, subsidised, walk-in, appointment"
"354","Klinik Kesihatan Gersik","Health & Wellbeing-Public Health Centre","No email detail. Please contact via other contact detail","Government primary care clinics under MOH offering outpatient care, maternal and child health, immunisations, basic screening and referrals to hospitals; fees are generally subsidised.","1","No URL","+606-972 8780","PTD 7800, 84700 Gersik, Ledang","Monday-Sunday 09:00-22:00","Gersik Health Clinic","government, primary care, outpatient, maternal, child health, immunisation, screening, referral, subsidised, walk-in, appointment"
"355","Klinik Kesihatan Sungai Mati","Health & Wellbeing-Public Health Centre","No email detail. Please contact via other contact detail","Government primary care clinics under MOH offering outpatient care, maternal and child health, immunisations, basic screening and referrals to hospitals; fees are generally subsidised.","1","No URL","+606-975 1054","Lot 1052, Klinik Kesihatan Sg Mati, 84400 Serom, Ledang","Monday-Friday 08:00-17:00","Sungai Mati Health Clinic","government, primary care, outpatient, maternal, child health, immunisation, screening, referral, subsidised, walk-in, appointment"
"356","Klinik Kesihatan Payamas","Health & Wellbeing-Public Health Centre","No email detail. Please contact via other contact detail","Government primary care clinics under MOH offering outpatient care, maternal and child health, immunisations, basic screening and referrals to hospitals; fees are generally subsidised.","1","No URL","+606-978 1861","PT 1405, Klinik Kesihatan Payamas, Jalan Payamas, 84900 Tangkak, Ledang","Sunday-Thursday 07:30-17:00","Payamas Health Clinic","government, primary care, outpatient, maternal, child health, immunisation, screening, referral, subsidised, walk-in, appointment"
"357","Klinik Kesihatan Sagil","Health & Wellbeing-Public Health Centre","No email detail. Please contact via other contact detail","Government primary care clinics under MOH offering outpatient care, maternal and child health, immunisations, basic screening and referrals to hospitals; fees are generally subsidised.","1","No URL","+606-977 2244","PT 8814, Klinik Kesihatan Sagil, Jalan Segamat, 84020 Tangkak, Ledang","Monday-Thursday 08:00-17:00; Friday 08:00-15:30","Sagil Health Clinic","government, primary care, outpatient, maternal, child health, immunisation, screening, referral, subsidised, walk-in, appointment"
"358","Klinik Kesihatan Endau","Health & Wellbeing-Public Health Centre","No email detail. Please contact via other contact detail","Government primary care clinics under MOH offering outpatient care, maternal and child health, immunisations, basic screening and referrals to hospitals; fees are generally subsidised.","1","No URL","+607-794 3214","Lot 427, Jalan Sekolah, 86900 Endau, Mersing","Monday-Friday 09:00-16:00","Endau Health Clinic","government, primary care, outpatient, maternal, child health, immunisation, screening, referral, subsidised, walk-in, appointment"
"359","Klinik Kesihatan Jemaluang","Health & Wellbeing-Public Health Centre","No email detail. Please contact via other contact detail","Government primary care clinics under MOH offering outpatient care, maternal and child health, immunisations, basic screening and referrals to hospitals; fees are generally subsidised.","1","No URL","+607-792 1271","JKR 673, Jalan Kota Tinggi, 86800 Jemaluang, Mersing","Sunday-Wednesday 08:00-17:00; Thursday 08:00-15:30","Jemaluang Health Clinic","government, primary care, outpatient, maternal, child health, immunisation, screening, referral, subsidised, walk-in, appointment"
"360","Klinik Kesihatan Mersing Kanan","Health & Wellbeing-Public Health Centre","No email detail. Please contact via other contact detail","Government primary care clinics under MOH offering outpatient care, maternal and child health, immunisations, basic screening and referrals to hospitals; fees are generally subsidised.","1","No URL","+607-799 2005","Lot 2464, Jalan Endau, 86800 Mersing, Mersing","No information available, contact for more details","Mersing Kanan Health Clinic","government, primary care, outpatient, maternal, child health, immunisation, screening, referral, subsidised, walk-in, appointment"
"361","Klinik Kesihatan Nitar 1 (Felda)","Health & Wellbeing-Public Health Centre","No email detail. Please contact via other contact detail","Government primary care clinics under MOH offering outpatient care, maternal and child health, immunisations, basic screening and referrals to hospitals; fees are generally subsidised.","1","No URL","+607-796 1633","Jalan Merbah, 86800 Mersing, Mersing","Monday-Sunday 08:00-17:30","Nitar 1 (Felda) Health Clinic","government, primary care, outpatient, maternal, child health, immunisation, screening, referral, subsidised, walk-in, appointment"
"362","Klinik Kesihatan Tenggaroh Ii (Felda)","Health & Wellbeing-Public Health Centre","No email detail. Please contact via other contact detail","Government primary care clinics under MOH offering outpatient care, maternal and child health, immunisations, basic screening and referrals to hospitals; fees are generally subsidised.","1","No URL","+607-791 1267","JKR 839-P, 86800 Tenggaroh, Mersing","Sunday-Thursday 08:00-17:00","Tenggaroh Ii (Felda) Health Clinic","government, primary care, outpatient, maternal, child health, immunisation, screening, referral, subsidised, walk-in, appointment"
"363","Klinik Kesihatan Tenglu","Health & Wellbeing-Public Health Centre","No email detail. Please contact via other contact detail","Government primary care clinics under MOH offering outpatient care, maternal and child health, immunisations, basic screening and referrals to hospitals; fees are generally subsidised.","1","No URL","+607-799 1276","Lot 213, Jalan Endau, 86800 Tenglu, Mersing","Sunday-Thursday 08:00-17:00","Tenglu Health Clinic","government, primary care, outpatient, maternal, child health, immunisation, screening, referral, subsidised, walk-in, appointment"
"364","Klinik Kesihatan Pagoh","Health & Wellbeing-Public Health Centre","No email detail. Please contact via other contact detail","Government primary care clinics under MOH offering outpatient care, maternal and child health, immunisations, basic screening and referrals to hospitals; fees are generally subsidised.","1","No URL","+607-421 2512","Batu 15, Jalan Muar ke Parit Sulong, 86100 Air Hitam, Muar","Sunday-Thursday 08:00-17:00","Pagoh Health Clinic","government, primary care, outpatient, maternal, child health, immunisation, screening, referral, subsidised, walk-in, appointment"
"365","Klinik Kesihatan Kampung Kenangan Tun Dr. Ismail","Health & Wellbeing-Public Health Centre","No email detail. Please contact via other contact detail","Government primary care clinics under MOH offering outpatient care, maternal and child health, immunisations, basic screening and referrals to hospitals; fees are generally subsidised.","1","No URL","+606-952 3563","Batu 6, 84200 Bakri, Muar","Sunday-Wednesday 08:00-17:00; Thursday 08:00-15:30","Kampung Kenangan Tun Dr. Ismail Health Clinic","government, primary care, outpatient, maternal, child health, immunisation, screening, referral, subsidised, walk-in, appointment"
"366","Klinik Kesihatan Bakri","Health & Wellbeing-Public Health Centre","No email detail. Please contact via other contact detail","Government primary care clinics under MOH offering outpatient care, maternal and child health, immunisations, basic screening and referrals to hospitals; fees are generally subsidised.","1","No URL","+606-986 7007","MLO 2599, Jalan Muar ke Pagoh, 84600 Jorak, Muar","Monday-Thursday 08:00-13:00 and 14:00-17:00; Friday 08:00-12:15 and 14:45-17:00","Bakri Health Clinic","government, primary care, outpatient, maternal, child health, immunisation, screening, referral, subsidised, walk-in, appointment"
"367","Klinik Kesihatan Parit Bakar","Health & Wellbeing-Public Health Centre","No email detail. Please contact via other contact detail","Government primary care clinics under MOH offering outpatient care, maternal and child health, immunisations, basic screening and referrals to hospitals; fees are generally subsidised.","1","No URL","+606-981 1324","Lot 2355, Jalan Muar ke Pagoh, 84300 Jorak, Muar","Monday-Wednesday 08:00-17:00; Thursday 08:00-15:30; Friday 08:00-17:00","Parit Bakar Health Clinic","government, primary care, outpatient, maternal, child health, immunisation, screening, referral, subsidised, walk-in, appointment"
"368","Klinik Kesihatan Air Hitam","Health & Wellbeing-Public Health Centre","No email detail. Please contact via other contact detail","Government primary care clinics under MOH offering outpatient care, maternal and child health, immunisations, basic screening and referrals to hospitals; fees are generally subsidised.","1","No URL","+607-421 2512","Bt. 27, 84540 Lenga, Muar","No information available, contact for more details","Air Hitam Health Clinic","government, primary care, outpatient, maternal, child health, immunisation, screening, referral, subsidised, walk-in, appointment"
"369","Klinik Kesihatan Bandar Maharani","Health & Wellbeing-Public Health Centre","No email detail. Please contact via other contact detail","Government primary care clinics under MOH offering outpatient care, maternal and child health, immunisations, basic screening and referrals to hospitals; fees are generally subsidised.","1","No URL","+606-981 1324","Jalan Salleh, 84000 Muar, Muar","Monday-Friday 07:30-16:30 and 17:00-21:30; Saturday 09:00-13:00","Bandar Maharani Health Clinic","government, primary care, outpatient, maternal, child health, immunisation, screening, referral, subsidised, walk-in, appointment"
"370","Klinik Kesihatan Bukit Pasir","Health & Wellbeing-Public Health Centre","No email detail. Please contact via other contact detail","Government primary care clinics under MOH offering outpatient care, maternal and child health, immunisations, basic screening and referrals to hospitals; fees are generally subsidised.","1","https://m.facebook.com/61555846861165/about/","+606-985 6196","No.264-5 Jln Kenangan 1, Tmn Tun Dr Ismail, 84000 Muar, Muar","No information available, contact for more details","Bukit Pasir Health Clinic","government, primary care, outpatient, maternal, child health, immunisation, screening, referral, subsidised, walk-in, appointment"
"371","Klinik Kesihatan Lenga","Health & Wellbeing-Public Health Centre","No email detail. Please contact via other contact detail","Government primary care clinics under MOH offering outpatient care, maternal and child health, immunisations, basic screening and referrals to hospitals; fees are generally subsidised.","1","No URL","+606-971 1445","Lot 1507, Jalan Sg. Abong, 84000 Muar, Muar","Monday-Thursday 08:00-13:00 and 14:00-17:00; Friday 08:00-12:15 and 14:45-17:00","Lenga Health Clinic","government, primary care, outpatient, maternal, child health, immunisation, screening, referral, subsidised, walk-in, appointment"
"372","Klinik Kesihatan Parit Yusof","Health & Wellbeing-Public Health Centre","No email detail. Please contact via other contact detail","Government primary care clinics under MOH offering outpatient care, maternal and child health, immunisations, basic screening and referrals to hospitals; fees are generally subsidised.","1","No URL","+606-416 1277","Lot 24, Jalan Temenggung Ahmad, 84150 Parit Jawa, Muar","Sunday-Thursday 08:00-17:00","Parit Yusof Health Clinic","government, primary care, outpatient, maternal, child health, immunisation, screening, referral, subsidised, walk-in, appointment"
"373","Klinik Kesihatan Sri Menanti","Health & Wellbeing-Public Health Centre","No email detail. Please contact via other contact detail","Government primary care clinics under MOH offering outpatient care, maternal and child health, immunisations, basic screening and referrals to hospitals; fees are generally subsidised.","1","No URL","+606-988 1059","Lot, 3692, Jalan Muar ke Batu Pahat, 84160 Sri Menanti, Muar","Monday-Friday 08:00-17:00","Sri Menanti Health Clinic","government, primary care, outpatient, maternal, child health, immunisation, screening, referral, subsidised, walk-in, appointment"
"374","Klinik Kesihatan Parit Jawa","Health & Wellbeing-Public Health Centre","No email detail. Please contact via other contact detail","Government primary care clinics under MOH offering outpatient care, maternal and child health, immunisations, basic screening and referrals to hospitals; fees are generally subsidised.","1","No URL","+607-416 4277","Lot 241, Jalan Muar ke Batu Pahat, 83500 Sungai Balang, Muar","Sunday-Wednesday 08:00-17:00; Thursday 08:00-15:30","Parit Jawa Health Clinic","government, primary care, outpatient, maternal, child health, immunisation, screening, referral, subsidised, walk-in, appointment"
"375","Klinik Kesihatan Penerok","Health & Wellbeing-Public Health Centre","No email detail. Please contact via other contact detail","Government primary care clinics under MOH offering outpatient care, maternal and child health, immunisations, basic screening and referrals to hospitals; fees are generally subsidised.","1","No URL","+607-696 0311","Jln Kukup , 82300 Air Masin, Pontian","Sunday-Thursday 08:00-17:00","Penerok Health Clinic","government, primary care, outpatient, maternal, child health, immunisation, screening, referral, subsidised, walk-in, appointment"
"376","Klinik Kesihatan Kayu Ara Pasong","Health & Wellbeing-Public Health Centre","No email detail. Please contact via other contact detail","Government primary care clinics under MOH offering outpatient care, maternal and child health, immunisations, basic screening and referrals to hospitals; fees are generally subsidised.","1","https://www.instagram.com/explore/locations/320314205259996/klinik-kesihatan-kayu-ara-pasong/","+607-695 1355","Jln Kayu Ara Pasong, 82010 Api-Api, Pontian","Monday-Friday 08:00-17:00","Kayu Ara Pasong Health Clinic","government, primary care, outpatient, maternal, child health, immunisation, screening, referral, subsidised, walk-in, appointment"
"377","Klinik Kesihatan Benut","Health & Wellbeing-Public Health Centre","kkbenutfb@gmail.com","Government primary care clinics under MOH offering outpatient care, maternal and child health, immunisations, basic screening and referrals to hospitals; fees are generally subsidised.","1","https://www.facebook.com/kkbenutpontian/","+607-690 3633","Jalan Jaafar, 82200 Benut, Pontian","Monday-Thursday 08:00-17:00; Friday 08:00-12:15 and 14:45-17:00","Benut Health Clinic","government, primary care, outpatient, maternal, child health, immunisation, screening, referral, subsidised, walk-in, appointment"
"378","Klinik Kesihatan Parit Ismail","Health & Wellbeing-Public Health Centre","No email detail. Please contact via other contact detail","Government primary care clinics under MOH offering outpatient care, maternal and child health, immunisations, basic screening and referrals to hospitals; fees are generally subsidised.","1","No URL","+607-690 3671","Jln Parit Ismail, 82200 Benut, Pontian","Monday-Thursday 08:00-17:00; Friday 08:00-12:15 and 14:45-17:00","Parit Ismail Health Clinic","government, primary care, outpatient, maternal, child health, immunisation, screening, referral, subsidised, walk-in, appointment"
"379","Klinik Kesihatan Pekan Nanas","Health & Wellbeing-Public Health Centre","No email detail. Please contact via other contact detail","Government primary care clinics under MOH offering outpatient care, maternal and child health, immunisations, basic screening and referrals to hospitals; fees are generally subsidised.","1","No URL","+607-699 4352","Jalan Pekan Nanas, 81500 Pengkalan Raja, Pontian","Monday-Friday 08:00-17:00","Pekan Nanas Health Clinic","government, primary care, outpatient, maternal, child health, immunisation, screening, referral, subsidised, walk-in, appointment"
"380","Klinik Kesihatan Ayer Baloi","Health & Wellbeing-Public Health Centre","No email detail. Please contact via other contact detail","Government primary care clinics under MOH offering outpatient care, maternal and child health, immunisations, basic screening and referrals to hospitals; fees are generally subsidised.","1","No URL","+607-693 1213","Jalan Ayer Baloi, 82100 Pontian, Pontian","Monday-Thursday 08:00-13:00 and 14:00-17:00; Friday 08:00-12:00 and 14:30-17:00; Saturday 09:00-12:00","Ayer Baloi Health Clinic","government, primary care, outpatient, maternal, child health, immunisation, screening, referral, subsidised, walk-in, appointment"
"381","Klinik Kesihatan Pontian","Health & Wellbeing-Public Health Centre","No email detail. Please contact via other contact detail","Government primary care clinics under MOH offering outpatient care, maternal and child health, immunisations, basic screening and referrals to hospitals; fees are generally subsidised.","1","No URL","+607-686 8211","Lot 8695, Jalan Alsagoff, 82000 Pontian, Pontian","Monday-Friday 08:00-17:00","Pontian Health Clinic","government, primary care, outpatient, maternal, child health, immunisation, screening, referral, subsidised, walk-in, appointment"
"382","Klinik Kesihatan Serkat","Health & Wellbeing-Public Health Centre","No email detail. Please contact via other contact detail","Government primary care clinics under MOH offering outpatient care, maternal and child health, immunisations, basic screening and referrals to hospitals; fees are generally subsidised.","1","https://www.facebook.com/klinikkesihatan.serkat.3/","+607-696 0359","Jalan Serkat, 82030 Pontian, Pontian","No information available, contact for more details","Serkat Health Clinic","government, primary care, outpatient, maternal, child health, immunisation, screening, referral, subsidised, walk-in, appointment"
"383","Klinik Kesihatan Bandar Putra","Health & Wellbeing-Public Health Centre","No email detail. Please contact via other contact detail","Government primary care clinics under MOH offering outpatient care, maternal and child health, immunisations, basic screening and referrals to hospitals; fees are generally subsidised.","1","No URL","+607-943 6099","Jalan Genuang, Bandar Putra, 85000 Bandar Putra, Segamat","Monday-Thursday 07:30-13:00 and 14:00-16:30","Bandar Putra Health Clinic","government, primary care, outpatient, maternal, child health, immunisation, screening, referral, subsidised, walk-in, appointment"
"384","Klinik Kesihatan Batu Anam","Health & Wellbeing-Public Health Centre","No email detail. Please contact via other contact detail","Government primary care clinics under MOH offering outpatient care, maternal and child health, immunisations, basic screening and referrals to hospitals; fees are generally subsidised.","1","No URL","+607-949 9249","Jalan Bukit Cantik, Jalan Muar, 85100 Batu Anam, Segamat","Sunday-Wednesday 08:00-17:00; Thursday 08:00-15:30","Batu Anam Health Clinic","government, primary care, outpatient, maternal, child health, immunisation, screening, referral, subsidised, walk-in, appointment"
"385","Klinik Kesihatan Bekok","Health & Wellbeing-Public Health Centre","No email detail. Please contact via other contact detail","Government primary care clinics under MOH offering outpatient care, maternal and child health, immunisations, basic screening and referrals to hospitals; fees are generally subsidised.","1","No URL","+607-922 1241","Jalan Gunung, 86500 Bekok, Segamat","Monday-Friday 08:00-17:00","Bekok Health Clinic","government, primary care, outpatient, maternal, child health, immunisation, screening, referral, subsidised, walk-in, appointment"
"386","Klinik Kesihatan Buloh Kasap","Health & Wellbeing-Public Health Centre","No email detail. Please contact via other contact detail","Government primary care clinics under MOH offering outpatient care, maternal and child health, immunisations, basic screening and referrals to hospitals; fees are generally subsidised.","1","No URL","+607-944 1241","Pekan Air Panas, Labis, 85010 Buluh Kasap, Segamat","Monday-Wednesday 08:00-17:00; Thursday 08:00-15:00; Friday 08:00-17:00","Buloh Kasap Health Clinic","government, primary care, outpatient, maternal, child health, immunisation, screening, referral, subsidised, walk-in, appointment"
"387","Klinik Kesihatan Jementah","Health & Wellbeing-Public Health Centre","No email detail. Please contact via other contact detail","Government primary care clinics under MOH offering outpatient care, maternal and child health, immunisations, basic screening and referrals to hospitals; fees are generally subsidised.","1","No URL","+607-947 1321","Jalan Muar, 85200 Jementah, Segamat","Monday-Wednesday 08:00-17:00; Thursday 08:00-15:30; Friday 08:00-17:00","Jementah Health Clinic","government, primary care, outpatient, maternal, child health, immunisation, screening, referral, subsidised, walk-in, appointment"
"388","Klinik Kesihatan Labis","Health & Wellbeing-Public Health Centre","No email detail. Please contact via other contact detail","Government primary care clinics under MOH offering outpatient care, maternal and child health, immunisations, basic screening and referrals to hospitals; fees are generally subsidised.","1","No URL","+607-925 1500","Jalan Muar, Jementah, 85300 Labis, Segamat","Monday-Wednesday 08:00-17:00; Thursday 08:00-15:30; Friday 08:00-17:00","Labis Health Clinic","government, primary care, outpatient, maternal, child health, immunisation, screening, referral, subsidised, walk-in, appointment"
"389","Klinik Kesihatan Pekan Air Panas","Health & Wellbeing-Public Health Centre","No email detail. Please contact via other contact detail","Government primary care clinics under MOH offering outpatient care, maternal and child health, immunisations, basic screening and referrals to hospitals; fees are generally subsidised.","1","No URL","+607-928 7009","Felda Pemanis, 85300 Pekan Air Panas, Segamat","Monday-Friday 08:00-17:00","Pekan Air Panas Health Clinic","government, primary care, outpatient, maternal, child health, immunisation, screening, referral, subsidised, walk-in, appointment"
"390","Klinik Kesihatan Pemanis","Health & Wellbeing-Public Health Centre","No email detail. Please contact via other contact detail","Government primary care clinics under MOH offering outpatient care, maternal and child health, immunisations, basic screening and referrals to hospitals; fees are generally subsidised.","1","No URL","+607-945 6673","Felda Pemanis, Jalan Tasik Alai, Buluh Kasap, 85009 Pemanis, Segamat","Monday-Friday 08:00-17:00","Pemanis Health Clinic","government, primary care, outpatient, maternal, child health, immunisation, screening, referral, subsidised, walk-in, appointment"
"391","Klinik Kesihatan Chaah","Health & Wellbeing-Public Health Centre","No email detail. Please contact via other contact detail","Government primary care clinics under MOH offering outpatient care, maternal and child health, immunisations, basic screening and referrals to hospitals; fees are generally subsidised.","1","No URL","+607-926 1236","Chaah, 85400 Segamat, Segamat","Monday-Sunday 08:00-17:30","Chaah Health Clinic","government, primary care, outpatient, maternal, child health, immunisation, screening, referral, subsidised, walk-in, appointment"
"392","Klinik Kesihatan Segamat","Health & Wellbeing-Public Health Centre","No email detail. Please contact via other contact detail","Government primary care clinics under MOH offering outpatient care, maternal and child health, immunisations, basic screening and referrals to hospitals; fees are generally subsidised.","1","No URL","+607-793 1334","Jalan Muar, 85000 Segamat, Segamat","Monday-Wednesday 08:00-17:00; Thursday 08:00-15:30; Sunday 08:00-17:00","Segamat Health Clinic","government, primary care, outpatient, maternal, child health, immunisation, screening, referral, subsidised, walk-in, appointment"
"393","Klinik Kesihatan Kampung Lalang","Health & Wellbeing-Public Health Centre","No email detail. Please contact via other contact detail","Government primary care clinics under MOH offering outpatient care, maternal and child health, immunisations, basic screening and referrals to hospitals; fees are generally subsidised.","2","No URL","+604-473 2555","Jalan Weng, 9100 Baling, Baling","24hr","Kampung Lalang Health Clinic","government, primary care, outpatient, maternal, child health, immunisation, screening, referral, subsidised, walk-in, appointment, 24/7"
"394","Klinik Kesihatan Kuala Ketil","Health & Wellbeing-Public Health Centre","No email detail. Please contact via other contact detail","Government primary care clinics under MOH offering outpatient care, maternal and child health, immunisations, basic screening and referrals to hospitals; fees are generally subsidised.","2","No URL","+604-416 3355","Mukim Tawar, Jalan Kuala Ketil, 9300 Baling, Baling","Monday-Wednesday 08:00-17:00; Thursday 08:00-15:30; Sunday 08:00-17:00","Kuala Ketil Health Clinic","government, primary care, outpatient, maternal, child health, immunisation, screening, referral, subsidised, walk-in, appointment"
"395","Klinik Kesihatan Kupang","Health & Wellbeing-Public Health Centre","No email detail. Please contact via other contact detail","Government primary care clinics under MOH offering outpatient care, maternal and child health, immunisations, basic screening and referrals to hospitals; fees are generally subsidised.","2","No URL","+604-476 6355","Jalan Kuala Ketil, Kupang, 9200 Baling, Baling","Monday-Thursday 08:00-17:00; Sunday 08:00-17:00","Kupang Health Clinic","government, primary care, outpatient, maternal, child health, immunisation, screening, referral, subsidised, walk-in, appointment"
"396","Klinik Kesihatan Malau","Health & Wellbeing-Public Health Centre","No email detail. Please contact via other contact detail","Government primary care clinics under MOH offering outpatient care, maternal and child health, immunisations, basic screening and referrals to hospitals; fees are generally subsidised.","2","No URL","+604-406 1700","Malau, 9020 Baling, Baling","Monday-Wednesday 08:00-17:00; Thursday 08:00-15:30; Sunday 08:00-17:00","Malau Health Clinic","government, primary care, outpatient, maternal, child health, immunisation, screening, referral, subsidised, walk-in, appointment"
"397","Klinik Kesihatan Parit Panjang","Health & Wellbeing-Public Health Centre","No email detail. Please contact via other contact detail","Government primary care clinics under MOH offering outpatient care, maternal and child health, immunisations, basic screening and referrals to hospitals; fees are generally subsidised.","2","No URL","+604-476 1246","Mukim Teloi Kanan, 9120 Baling, Baling","No information available, contact for more details","Parit Panjang Health Clinic","government, primary care, outpatient, maternal, child health, immunisation, screening, referral, subsidised, walk-in, appointment"
"398","Klinik Kesihatan Tawar","Health & Wellbeing-Public Health Centre","No email detail. Please contact via other contact detail","Government primary care clinics under MOH offering outpatient care, maternal and child health, immunisations, basic screening and referrals to hospitals; fees are generally subsidised.","2","https://www.instagram.com/explore/locations/1835672029881958/klinik-kesihatan-tawar/","+604-476 6308","Jalan Kuala Ketil, 9310 Baling, Baling","Monday-Wednesday 08:00-17:00; Thursday 08:00-15:30; Sunday 08:00-17:00","Tawar Health Clinic","government, primary care, outpatient, maternal, child health, immunisation, screening, referral, subsidised, walk-in, appointment"
"399","Klinik Kesihatan Bandar Baharu","Health & Wellbeing-Public Health Centre","No email detail. Please contact via other contact detail","Government primary care clinics under MOH offering outpatient care, maternal and child health, immunisations, basic screening and referrals to hospitals; fees are generally subsidised.","2","No URL","+605-717 8232","Bandar Baharu, 34950 Bandar Baharu, Bandar Baharu","Monday-Wednesday 08:30-17:00; Thursday 08:30-15:30; Sunday 08:30-17:00","Bandar Baharu Health Clinic","government, primary care, outpatient, maternal, child health, immunisation, screening, referral, subsidised, walk-in, appointment"
"400","Klinik Kesihatan Lubuk Buntar","Health & Wellbeing-Public Health Centre","No email detail. Please contact via other contact detail","Government primary care clinics under MOH offering outpatient care, maternal and child health, immunisations, basic screening and referrals to hospitals; fees are generally subsidised.","2","No URL","+604-407 7320","Lubuk Buntar, Jalan Serdang, 34950 Bandar Baharu, Bandar Baharu","Monday-Wednesday 08:00-17:00; Thursday 08:00-15:30; Sunday 08:00-17:00","Lubuk Buntar Health Clinic","government, primary care, outpatient, maternal, child health, immunisation, screening, referral, subsidised, walk-in, appointment"
"401","Klinik Kesihatan Serdang","Health & Wellbeing-Public Health Centre","No email detail. Please contact via other contact detail","Government primary care clinics under MOH offering outpatient care, maternal and child health, immunisations, basic screening and referrals to hospitals; fees are generally subsidised.","2","No URL","+604-407 6100","Serdang, Jalan Pecah Batu, 9800 Serdang, Bandar Baharu","Monday-Wednesday 08:00-17:00; Thursday 08:00-15:30; Sunday 08:00-17:00","Serdang Health Clinic","government, primary care, outpatient, maternal, child health, immunisation, screening, referral, subsidised, walk-in, appointment"
"402","Klinik Kesihatan Alor Janggus","Health & Wellbeing-Public Health Centre","alorjanggus.pkdks@gmail.com","Government primary care clinics under MOH offering outpatient care, maternal and child health, immunisations, basic screening and referrals to hospitals; fees are generally subsidised.","2","https://www.facebook.com/kkalorjanggus/?locale=ms_MY","+604-730 1985","Jalan Alor Janggus, 6250 Alor Setar, Kota Setar","Monday-Thursday 08:00-17:00; Sunday 08:00-17:00","Alor Janggus Health Clinic","government, primary care, outpatient, maternal, child health, immunisation, screening, referral, subsidised, walk-in, appointment"
"403","Klinik Kesihatan Bandar Alor Setar","Health & Wellbeing-Public Health Centre","No email detail. Please contact via other contact detail","Government primary care clinics under MOH offering outpatient care, maternal and child health, immunisations, basic screening and referrals to hospitals; fees are generally subsidised.","2","No URL","+604-730 8353","Blok A, Aras 1 Hospital Alor Setar (Hospital Lama), Lebuhraya Darulaman, 5100 Alor Setar, Kota Setar",,"Bandar Alor Setar Health Clinic","government, primary care, outpatient, maternal, child health, immunisation, screening, referral, subsidised, walk-in, appointment"
"404","Klinik Kesihatan Dato Kumbar","Health & Wellbeing-Public Health Centre","No email detail. Please contact via other contact detail","Government primary care clinics under MOH offering outpatient care, maternal and child health, immunisations, basic screening and referrals to hospitals; fees are generally subsidised.","2","No URL","+604-730 6319","Jalan Datuk Kumbar, 6500 Alor Setar, Kota Setar",,"Dato Kumbar Health Clinic","government, primary care, outpatient, maternal, child health, immunisation, screening, referral, subsidised, walk-in, appointment"
"405","Klinik Kesihatan Jalan Putra","Health & Wellbeing-Public Health Centre","No email detail. Please contact via other contact detail","Government primary care clinics under MOH offering outpatient care, maternal and child health, immunisations, basic screening and referrals to hospitals; fees are generally subsidised.","2","No URL","+604-735 5161","Merong, 5150 Alor Setar, Kota Setar",,"Jalan Putra Health Clinic","government, primary care, outpatient, maternal, child health, immunisation, screening, referral, subsidised, walk-in, appointment"
"406","Klinik Kesihatan Kota Sarang Semut","Health & Wellbeing-Public Health Centre","No email detail. Please contact via other contact detail","Government primary care clinics under MOH offering outpatient care, maternal and child health, immunisations, basic screening and referrals to hospitals; fees are generally subsidised.","2","No URL","+604-769 1333","Jalan Pendang, Kota Sarang Semut, 6800 Alor Setar, Kota Setar",,"Kota Sarang Semut Health Clinic","government, primary care, outpatient, maternal, child health, immunisation, screening, referral, subsidised, walk-in, appointment"
"407","Klinik Kesihatan Kuala Kedah","Health & Wellbeing-Public Health Centre","No email detail. Please contact via other contact detail","Government primary care clinics under MOH offering outpatient care, maternal and child health, immunisations, basic screening and referrals to hospitals; fees are generally subsidised.","2","No URL","+604-762 1526","Batu 6, Jalan Kuala Kedah, 5600 Alor Setar, Kota Setar",,"Kuala Kedah Health Clinic","government, primary care, outpatient, maternal, child health, immunisation, screening, referral, subsidised, walk-in, appointment"
"408","Klinik Kesihatan Simpang Empat","Health & Wellbeing-Public Health Centre","No email detail. Please contact via other contact detail","Government primary care clinics under MOH offering outpatient care, maternal and child health, immunisations, basic screening and referrals to hospitals; fees are generally subsidised.","2","No URL","+604-762 1526","Simpang Empat, Mukim Kangkong, 6600 Alor Setar, Kota Setar",,"Simpang Empat Health Clinic","government, primary care, outpatient, maternal, child health, immunisation, screening, referral, subsidised, walk-in, appointment"
"409","Klinik Kesihatan Simpang Kuala","Health & Wellbeing-Public Health Centre","No email detail. Please contact via other contact detail","Government primary care clinics under MOH offering outpatient care, maternal and child health, immunisations, basic screening and referrals to hospitals; fees are generally subsidised.","2","No URL","+604-772 0583","Simpang Kuala, 5400 Alor Setar, Kota Setar",,"Simpang Kuala Health Clinic","government, primary care, outpatient, maternal, child health, immunisation, screening, referral, subsidised, walk-in, appointment"
"410","Klinik Kesihatan Langgar","Health & Wellbeing-Public Health Centre","No email detail. Please contact via other contact detail","Government primary care clinics under MOH offering outpatient care, maternal and child health, immunisations, basic screening and referrals to hospitals; fees are generally subsidised.","2","No URL","+604-787 6648","Jalan Langgar, 6500 Langgar, Kota Setar",,"Langgar Health Clinic","government, primary care, outpatient, maternal, child health, immunisation, screening, referral, subsidised, walk-in, appointment"
"411","Klinik Kesihatan Pokok Sena","Health & Wellbeing-Public Health Centre","No email detail. Please contact via other contact detail","Government primary care clinics under MOH offering outpatient care, maternal and child health, immunisations, basic screening and referrals to hospitals; fees are generally subsidised.","2","No URL","+604-782 1355","782, 6400 Pokok Sena, Kota Setar",,"Pokok Sena Health Clinic","government, primary care, outpatient, maternal, child health, immunisation, screening, referral, subsidised, walk-in, appointment"
"412","Klinik Kesihatan Bedong","Health & Wellbeing-Public Health Centre","No email detail. Please contact via other contact detail","Government primary care clinics under MOH offering outpatient care, maternal and child health, immunisations, basic screening and referrals to hospitals; fees are generally subsidised.","2","No URL","+604-458 3333","Bedong, 8100 Bedong, Kuala Muda",,"Bedong Health Clinic","government, primary care, outpatient, maternal, child health, immunisation, screening, referral, subsidised, walk-in, appointment"
"413","Klinik Kesihatan Kota Kuala Muda","Health & Wellbeing-Public Health Centre","No email detail. Please contact via other contact detail","Government primary care clinics under MOH offering outpatient care, maternal and child health, immunisations, basic screening and referrals to hospitals; fees are generally subsidised.","2","No URL","+604-437 4225","Jalan Pantai Merdeka, Jalan Sungai Mas, 8500 Kuala Muda, Kuala Muda",,"Kota Kuala Muda Health Clinic","government, primary care, outpatient, maternal, child health, immunisation, screening, referral, subsidised, walk-in, appointment"
"414","Klinik Kesihatan Merbok","Health & Wellbeing-Public Health Centre","No email detail. Please contact via other contact detail","Government primary care clinics under MOH offering outpatient care, maternal and child health, immunisations, basic screening and referrals to hospitals; fees are generally subsidised.","2","No URL","+604-457 2214","Bandar Merbok, 8400 Merbok, Kuala Muda",,"Merbok Health Clinic","government, primary care, outpatient, maternal, child health, immunisation, screening, referral, subsidised, walk-in, appointment"
"415","Klinik Kesihatan Sungai Lalang","Health & Wellbeing-Public Health Centre","No email detail. Please contact via other contact detail","Government primary care clinics under MOH offering outpatient care, maternal and child health, immunisations, basic screening and referrals to hospitals; fees are generally subsidised.","2","No URL","+604-459 4127","Lot 15 & 16, Taman Lembah Permai, 8100 Sungai Lalang, Kuala Muda",,"Sungai Lalang Health Clinic","government, primary care, outpatient, maternal, child health, immunisation, screening, referral, subsidised, walk-in, appointment"
"416","Klinik Kesihatan Bakar Arang","Health & Wellbeing-Public Health Centre","No email detail. Please contact via other contact detail","Government primary care clinics under MOH offering outpatient care, maternal and child health, immunisations, basic screening and referrals to hospitals; fees are generally subsidised.","2","No URL","+604-422 0294","Jalan Taman Intan, 8000 Sungai Petani, Kuala Muda",,"Bakar Arang Health Clinic","government, primary care, outpatient, maternal, child health, immunisation, screening, referral, subsidised, walk-in, appointment"
"417","Klinik Kesihatan Bandar Sungai Petani","Health & Wellbeing-Public Health Centre","No email detail. Please contact via other contact detail","Government primary care clinics under MOH offering outpatient care, maternal and child health, immunisations, basic screening and referrals to hospitals; fees are generally subsidised.","2","No URL","+604-421 3333","Jalan Badlishah, 8000 Sungai Petani, Kuala Muda",,"Bandar Sungai Petani Health Clinic","government, primary care, outpatient, maternal, child health, immunisation, screening, referral, subsidised, walk-in, appointment"
"418","Klinik Kesihatan Bukit Selambau","Health & Wellbeing-Public Health Centre","No email detail. Please contact via other contact detail","Government primary care clinics under MOH offering outpatient care, maternal and child health, immunisations, basic screening and referrals to hospitals; fees are generally subsidised.","2","No URL","+604-419 3312","Bukit Selambu, 8010 Sungai Petani, Kuala Muda",,"Bukit Selambau Health Clinic","government, primary care, outpatient, maternal, child health, immunisation, screening, referral, subsidised, walk-in, appointment"
"419","Klinik Kesihatan Ayer Hitam","Health & Wellbeing-Public Health Centre","No email detail. Please contact via other contact detail","Government primary care clinics under MOH offering outpatient care, maternal and child health, immunisations, basic screening and referrals to hospitals; fees are generally subsidised.","2","https://www.facebook.com/klinikayerhitam/?locale=ms_MY","+604-794 2101","Ayer Hitam, 6150 Ayer Hitam, Kubang Pasu","Monday-Friday 08:00-17:00","Ayer Hitam Health Clinic","government, primary care, outpatient, maternal, child health, immunisation, screening, referral, subsidised, walk-in, appointment"
"420","Klinik Kesihatan Laka Temin","Health & Wellbeing-Public Health Centre","No email detail. Please contact via other contact detail","Government primary care clinics under MOH offering outpatient care, maternal and child health, immunisations, basic screening and referrals to hospitals; fees are generally subsidised.","2","No URL","+604-922 1655","Laka Temin, 6050 Bukit Kayu Hitam, Kubang Pasu",,"Laka Temin Health Clinic","government, primary care, outpatient, maternal, child health, immunisation, screening, referral, subsidised, walk-in, appointment"
"421","Klinik Kesihatan Changloon","Health & Wellbeing-Public Health Centre","No email detail. Please contact via other contact detail","Government primary care clinics under MOH offering outpatient care, maternal and child health, immunisations, basic screening and referrals to hospitals; fees are generally subsidised.","2","No URL","+604-924 1277","Changloon, 6010 Changloon, Kubang Pasu",,"Changloon Health Clinic","government, primary care, outpatient, maternal, child health, immunisation, screening, referral, subsidised, walk-in, appointment"
"422","Klinik Kesihatan Banai","Health & Wellbeing-Public Health Centre","No email detail. Please contact via other contact detail","Government primary care clinics under MOH offering outpatient care, maternal and child health, immunisations, basic screening and referrals to hospitals; fees are generally subsidised.","2","No URL","+604-917 1382","Banai, 6000 Jitra, Kubang Pasu",,"Banai Health Clinic","government, primary care, outpatient, maternal, child health, immunisation, screening, referral, subsidised, walk-in, appointment"
"423","Klinik Kesihatan Tunjang","Health & Wellbeing-Public Health Centre","No email detail. Please contact via other contact detail","Government primary care clinics under MOH offering outpatient care, maternal and child health, immunisations, basic screening and referrals to hospitals; fees are generally subsidised.","2","No URL","+604-929 1524","Tunjang, 6000 Jitra, Kubang Pasu",,"Tunjang Health Clinic","government, primary care, outpatient, maternal, child health, immunisation, screening, referral, subsidised, walk-in, appointment"
"424","Klinik Kesihatan Kepala Batas","Health & Wellbeing-Public Health Centre","No email detail. Please contact via other contact detail","Government primary care clinics under MOH offering outpatient care, maternal and child health, immunisations, basic screening and referrals to hospitals; fees are generally subsidised.","2","https://www.instagram.com/explore/locations/97924403/klinik-kesihatan-kepala-batas/","+604-714 4820","Kepala Batas, 6200 Kepala Batas, Kubang Pasu","Monday-Wednesday 08:00-13:00 and 14:00-17:00; Thursday 08:00-13:00 and 14:00-15:00; Sunday 08:00-13:00 and 14:00-17:00","Kepala Batas Health Clinic","government, primary care, outpatient, maternal, child health, immunisation, screening, referral, subsidised, walk-in, appointment"
"425","Klinik Kesihatan Kodiang","Health & Wellbeing-Public Health Centre","No email detail. Please contact via other contact detail","Government primary care clinics under MOH offering outpatient care, maternal and child health, immunisations, basic screening and referrals to hospitals; fees are generally subsidised.","2","No URL","+604-925 0178","Kodiang, 6100 Kodiang, Kubang Pasu",,"Kodiang Health Clinic","government, primary care, outpatient, maternal, child health, immunisation, screening, referral, subsidised, walk-in, appointment"
"426","Klinik Kesihatan Karangan","Health & Wellbeing-Public Health Centre","No email detail. Please contact via other contact detail","Government primary care clinics under MOH offering outpatient care, maternal and child health, immunisations, basic screening and referrals to hospitals; fees are generally subsidised.","2","No URL","+604-405 6261","Jalan Mahang, 9700 Karangan, Kulim",,"Karangan Health Clinic","government, primary care, outpatient, maternal, child health, immunisation, screening, referral, subsidised, walk-in, appointment"
"427","Klinik Kesihatan Kulim","Health & Wellbeing-Public Health Centre","No email detail. Please contact via other contact detail","Government primary care clinics under MOH offering outpatient care, maternal and child health, immunisations, basic screening and referrals to hospitals; fees are generally subsidised.","2","No URL","+604-490 5533","Jalan Hospital Lama, 9000 Kulim, Kulim",,"Kulim Health Clinic","government, primary care, outpatient, maternal, child health, immunisation, screening, referral, subsidised, walk-in, appointment"
"428","Klinik Kesihatan Taman Selasih","Health & Wellbeing-Public Health Centre","No email detail. Please contact via other contact detail","Government primary care clinics under MOH offering outpatient care, maternal and child health, immunisations, basic screening and referrals to hospitals; fees are generally subsidised.","2","No URL","+604-491 7377","Lot 3302, Taman Selasih, 9000 Kulim, Kulim",,"Taman Selasih Health Clinic","government, primary care, outpatient, maternal, child health, immunisation, screening, referral, subsidised, walk-in, appointment"
"429","Klinik Kesihatan Lunas","Health & Wellbeing-Public Health Centre","No email detail. Please contact via other contact detail","Government primary care clinics under MOH offering outpatient care, maternal and child health, immunisations, basic screening and referrals to hospitals; fees are generally subsidised.","2","No URL","+604-484 4355","Jalan Ara Kuda, 9600 Lunas, Kulim",,"Lunas Health Clinic","government, primary care, outpatient, maternal, child health, immunisation, screening, referral, subsidised, walk-in, appointment"
"430","Klinik Kesihatan Merbau Pulas","Health & Wellbeing-Public Health Centre","No email detail. Please contact via other contact detail","Government primary care clinics under MOH offering outpatient care, maternal and child health, immunisations, basic screening and referrals to hospitals; fees are generally subsidised.","2","No URL","+604-416 3852","Jalan Kuala Ketil, Merbau Pulas, 9410 Padang Serai, Kulim",,"Merbau Pulas Health Clinic","government, primary care, outpatient, maternal, child health, immunisation, screening, referral, subsidised, walk-in, appointment"
"431","Klinik Kesihatan Padang Serai","Health & Wellbeing-Public Health Centre","No email detail. Please contact via other contact detail","Government primary care clinics under MOH offering outpatient care, maternal and child health, immunisations, basic screening and referrals to hospitals; fees are generally subsidised.","2","No URL","+604-485 5655","Jalan Lunas, 9400 Padang Serai, Kulim",,"Padang Serai Health Clinic","government, primary care, outpatient, maternal, child health, immunisation, screening, referral, subsidised, walk-in, appointment"
"432","Klinik Kesihatan Mahang","Health & Wellbeing-Public Health Centre","No email detail. Please contact via other contact detail","Government primary care clinics under MOH offering outpatient care, maternal and child health, immunisations, basic screening and referrals to hospitals; fees are generally subsidised.","2","No URL","+604-404 1333","Lot 919, Jalan Mahang, 9800 Serdang, Kulim",,"Mahang Health Clinic","government, primary care, outpatient, maternal, child health, immunisation, screening, referral, subsidised, walk-in, appointment"
"433","Klinik Kesihatan Temonyong","Health & Wellbeing-Public Health Centre","No email detail. Please contact via other contact detail","Government primary care clinics under MOH offering outpatient care, maternal and child health, immunisations, basic screening and referrals to hospitals; fees are generally subsidised.","2","No URL","+604-953 1133","Padang Maksirat, 7100 Langkawi, Langkawi",,"Temonyong Health Clinic","government, primary care, outpatient, maternal, child health, immunisation, screening, referral, subsidised, walk-in, appointment"
"434","Klinik Kesihatan Air Hangat","Health & Wellbeing-Public Health Centre","No email detail. Please contact via other contact detail","Government primary care clinics under MOH offering outpatient care, maternal and child health, immunisations, basic screening and referrals to hospitals; fees are generally subsidised.","2","No URL","+604-959 1959","Mukim Air Hangat, 7000 Langkawi     , Langkawi",,"Air Hangat Health Clinic","government, primary care, outpatient, maternal, child health, immunisation, screening, referral, subsidised, walk-in, appointment"
"435","Klinik Kesihatan Kuah","Health & Wellbeing-Public Health Centre","No email detail. Please contact via other contact detail","Government primary care clinics under MOH offering outpatient care, maternal and child health, immunisations, basic screening and referrals to hospitals; fees are generally subsidised.","2","No URL","+604-966 3490","Jalan Air Hangat, 7000 Langkawi, Langkawi",,"Kuah Health Clinic","government, primary care, outpatient, maternal, child health, immunisation, screening, referral, subsidised, walk-in, appointment"
"436","Klinik Kesihatan Padang Matsirat","Health & Wellbeing-Public Health Centre","No email detail. Please contact via other contact detail","Government primary care clinics under MOH offering outpatient care, maternal and child health, immunisations, basic screening and referrals to hospitals; fees are generally subsidised.","2","No URL","+604-955 1355","Padang Mat Sirat, 7100 Langkawi     , Langkawi","Monday-Wednesday 08:00-21:00; Thursday 08:00-20:00; Saturday 09:00-13:00; Sunday 08:00-21:00","Padang Matsirat Health Clinic","government, primary care, outpatient, maternal, child health, immunisation, screening, referral, subsidised, walk-in, appointment"
"437","Klinik Kesihatan Durian Burung","Health & Wellbeing-Public Health Centre","No email detail. Please contact via other contact detail","Government primary care clinics under MOH offering outpatient care, maternal and child health, immunisations, basic screening and referrals to hospitals; fees are generally subsidised.","2","No URL","+604-786 0013","Kuala Nerang, 6300 Kuala Nerang, Padang Terap",,"Durian Burung Health Clinic","government, primary care, outpatient, maternal, child health, immunisation, screening, referral, subsidised, walk-in, appointment"
"438","Klinik Kesihatan Lubuk Merbau","Health & Wellbeing-Public Health Centre","No email detail. Please contact via other contact detail","Government primary care clinics under MOH offering outpatient care, maternal and child health, immunisations, basic screening and referrals to hospitals; fees are generally subsidised.","2","No URL","+604-752 0129","Lubuk Merbau, 6300 Kuala Nerang, Padang Terap",,"Lubuk Merbau Health Clinic","government, primary care, outpatient, maternal, child health, immunisation, screening, referral, subsidised, walk-in, appointment"
"439","Klinik Kesihatan Naka","Health & Wellbeing-Public Health Centre","kknaka.pt@gmail.com","Government primary care clinics under MOH offering outpatient care, maternal and child health, immunisations, basic screening and referrals to hospitals; fees are generally subsidised.","2","https://www.facebook.com/kknaka/?locale=ms_MY","+604-785 1229","Naka, 6300 Kuala Nerang, Padang Terap","Monday-Thursday 08:00-17:00; Sunday 08:00-17:00","Naka Health Clinic","government, primary care, outpatient, maternal, child health, immunisation, screening, referral, subsidised, walk-in, appointment"
"440","Klinik Kesihatan Pedu","Health & Wellbeing-Public Health Centre","No email detail. Please contact via other contact detail","Government primary care clinics under MOH offering outpatient care, maternal and child health, immunisations, basic screening and referrals to hospitals; fees are generally subsidised.","2","https://www.facebook.com/kkpedu/?locale=ms_MY","+604-786 8717","Pedu, 6300 Kuala Nerang, Padang Terap","Monday-Thursday 08:00-17:00; Sunday 08:00-17:00","Pedu Health Clinic","government, primary care, outpatient, maternal, child health, immunisation, screening, referral, subsidised, walk-in, appointment"
"441","Klinik Kesihatan Kubur Panjang","Health & Wellbeing-Public Health Centre","No email detail. Please contact via other contact detail","Government primary care clinics under MOH offering outpatient care, maternal and child health, immunisations, basic screening and referrals to hospitals; fees are generally subsidised.","2","No URL","+604-784 6355","Kubur Panjang, 6700 Pendang, Pendang",,"Kubur Panjang Health Clinic","government, primary care, outpatient, maternal, child health, immunisation, screening, referral, subsidised, walk-in, appointment"
"442","Klinik Kesihatan Pendang","Health & Wellbeing-Public Health Centre","No email detail. Please contact via other contact detail","Government primary care clinics under MOH offering outpatient care, maternal and child health, immunisations, basic screening and referrals to hospitals; fees are generally subsidised.","2","No URL","+604-759 6412","Jalan Sungai Tiang, 6700 Pendang, Pendang",,"Pendang Health Clinic","government, primary care, outpatient, maternal, child health, immunisation, screening, referral, subsidised, walk-in, appointment"
"443","Klinik Kesihatan Sungai Tiang","Health & Wellbeing-Public Health Centre","No email detail. Please contact via other contact detail","Government primary care clinics under MOH offering outpatient care, maternal and child health, immunisations, basic screening and referrals to hospitals; fees are generally subsidised.","2","No URL","+604-754 1135","Jalan Sungai Tiang, 6720 Pendang, Pendang",,"Sungai Tiang Health Clinic","government, primary care, outpatient, maternal, child health, immunisation, screening, referral, subsidised, walk-in, appointment"
"444","Klinik Kesihatan Jeniang","Health & Wellbeing-Public Health Centre","No email detail. Please contact via other contact detail","Government primary care clinics under MOH offering outpatient care, maternal and child health, immunisations, basic screening and referrals to hospitals; fees are generally subsidised.","2","No URL","+604-464 1200","Jalan Jeniang, 8700 Gurun, Sik",,"Jeniang Health Clinic","government, primary care, outpatient, maternal, child health, immunisation, screening, referral, subsidised, walk-in, appointment"
"445","Klinik Kesihatan Kampong Betong","Health & Wellbeing-Public Health Centre","No email detail. Please contact via other contact detail","Government primary care clinics under MOH offering outpatient care, maternal and child health, immunisations, basic screening and referrals to hospitals; fees are generally subsidised.","2","No URL","+6019-477 6363","Kampong Betong, 8200 Mukim Jeneri, Sik",,"Kampong Betong Health Clinic","government, primary care, outpatient, maternal, child health, immunisation, screening, referral, subsidised, walk-in, appointment"
"446","Klinik Kesihatan Gulau","Health & Wellbeing-Public Health Centre","No email detail. Please contact via other contact detail","Government primary care clinics under MOH offering outpatient care, maternal and child health, immunisations, basic screening and referrals to hospitals; fees are generally subsidised.","2","No URL","+604-752 2826","Mukim Sik, 8210 Sik, Sik",,"Gulau Health Clinic","government, primary care, outpatient, maternal, child health, immunisation, screening, referral, subsidised, walk-in, appointment"
"447","Klinik Kesihatan Guar Chempedak","Health & Wellbeing-Public Health Centre","No email detail. Please contact via other contact detail","Government primary care clinics under MOH offering outpatient care, maternal and child health, immunisations, basic screening and referrals to hospitals; fees are generally subsidised.","2","No URL","+604-468 2396","Guar Campak, 8800 Guar Chempedak, Yan",,"Guar Chempedak Health Clinic","government, primary care, outpatient, maternal, child health, immunisation, screening, referral, subsidised, walk-in, appointment"
"448","Klinik Kesihatan Permatang Buloh","Health & Wellbeing-Public Health Centre","No email detail. Please contact via other contact detail","Government primary care clinics under MOH offering outpatient care, maternal and child health, immunisations, basic screening and referrals to hospitals; fees are generally subsidised.","2","No URL","+604-447 1451","Permatang Buluh, 6800 Kota Sarang Semut, Yan",,"Permatang Buloh Health Clinic","government, primary care, outpatient, maternal, child health, immunisation, screening, referral, subsidised, walk-in, appointment"
"449","Klinik Kesihatan Sungai Limau Dalam","Health & Wellbeing-Public Health Centre","No email detail. Please contact via other contact detail","Government primary care clinics under MOH offering outpatient care, maternal and child health, immunisations, basic screening and referrals to hospitals; fees are generally subsidised.","2","No URL","+604-769 1607","Sungai Limau Dalam, 6910 Yan, Yan",,"Sungai Limau Dalam Health Clinic","government, primary care, outpatient, maternal, child health, immunisation, screening, referral, subsidised, walk-in, appointment"
"450","Klinik Kesihatan Bachok","Health & Wellbeing-Public Health Centre","No email detail. Please contact via other contact detail","Government primary care clinics under MOH offering outpatient care, maternal and child health, immunisations, basic screening and referrals to hospitals; fees are generally subsidised.","3","No URL","+609-778 9333","Bachok, 16300 Bachok, Bachok","No information available, contact for more details","Bachok Health Clinic","government, primary care, outpatient, maternal, child health, immunisation, screening, referral, subsidised, walk-in, appointment"
"452","Klinik Kesihatan Beris","Health & Wellbeing-Public Health Centre","No email detail. Please contact via other contact detail","Government primary care clinics under MOH offering outpatient care, maternal and child health, immunisations, basic screening and referrals to hospitals; fees are generally subsidised.","3","https://www.instagram.com/explore/locations/145559549433956/klinik-kesihatan-beris-panchor/","+609-778 8633","Kubor Besar, 16300 Bachok, Bachok","Sunday-Wednesday 08:00-17:00; Thursday 08:00-15:30","Beris Health Clinic","government, primary care, outpatient, maternal, child health, immunisation, screening, referral, subsidised, walk-in, appointment"
"453","Klinik Kesihatan Gunong","Health & Wellbeing-Public Health Centre","No email detail. Please contact via other contact detail","Government primary care clinics under MOH offering outpatient care, maternal and child health, immunisations, basic screening and referrals to hospitals; fees are generally subsidised.","3","No URL","+609-783 4333","Gunong, 16390 Bachok, Bachok","Sunday-Thursday 08:00-17:00","Gunong Health Clinic","government, primary care, outpatient, maternal, child health, immunisation, screening, referral, subsidised, walk-in, appointment"
"454","Klinik Kesihatan Kandis","Health & Wellbeing-Public Health Centre","No email detail. Please contact via other contact detail","Government primary care clinics under MOH offering outpatient care, maternal and child health, immunisations, basic screening and referrals to hospitals; fees are generally subsidised.","3","No URL","+609-741 6732","Kandis, 16300 Bachok, Bachok","Sunday-Thursday 08:00-17:00","Kandis Health Clinic","government, primary care, outpatient, maternal, child health, immunisation, screening, referral, subsidised, walk-in, appointment"
"455","Klinik Kesihatan Mahligai","Health & Wellbeing-Public Health Centre","kk_mahligai@moh.gov.my","Government primary care clinics under MOH offering outpatient care, maternal and child health, immunisations, basic screening and referrals to hospitals; fees are generally subsidised.","3","https://www.facebook.com/KlinikMahligai","+609-783 4213","Mahligai, 16400 Bachok, Bachok","24hr","Mahligai Health Clinic","government, primary care, outpatient, maternal, child health, immunisation, screening, referral, subsidised, walk-in, appointment, 24/7"
"456","Klinik Kesihatan Beris Panchor","Health & Wellbeing-Public Health Centre","No email detail. Please contact via other contact detail","Government primary care clinics under MOH offering outpatient care, maternal and child health, immunisations, basic screening and referrals to hospitals; fees are generally subsidised.","3","https://www.instagram.com/explore/locations/145559549433956/klinik-kesihatan-beris-panchor/","+609-778 8633","Beris Panchor, 16020 Tawar, Bachok","Sunday-Thursday 08:00-17:00","Beris Panchor Health Clinic","government, primary care, outpatient, maternal, child health, immunisation, screening, referral, subsidised, walk-in, appointment"
"457","Klinik Kesihatan Aring","Health & Wellbeing-Public Health Centre","No email detail. Please contact via other contact detail","Government primary care clinics under MOH offering outpatient care, maternal and child health, immunisations, basic screening and referrals to hospitals; fees are generally subsidised.","3","https://www.instagram.com/explore/locations/549556318734701/klinik-kesihatan-aring/","+609-928 2332","Aring, 18300 Gua Musang, Gua Musang","24hr","Aring Health Clinic","government, primary care, outpatient, maternal, child health, immunisation, screening, referral, subsidised, walk-in, appointment, 24/7"
"458","Klinik Kesihatan Bertam Baru","Health & Wellbeing-Public Health Centre","No email detail. Please contact via other contact detail","Government primary care clinics under MOH offering outpatient care, maternal and child health, immunisations, basic screening and referrals to hospitals; fees are generally subsidised.","3","https://www.facebook.com/KKBertamBaru/","+609-912 6626","Bertam Baru, 18300 Gua Musang, Gua Musang","Sunday-Thursday 08:00-17:00","Bertam Baru Health Clinic","government, primary care, outpatient, maternal, child health, immunisation, screening, referral, subsidised, walk-in, appointment"
"459","Klinik Kesihatan Chiku","Health & Wellbeing-Public Health Centre","No email detail. Please contact via other contact detail","Government primary care clinics under MOH offering outpatient care, maternal and child health, immunisations, basic screening and referrals to hospitals; fees are generally subsidised.","3","https://www.klinikhayat.com/branch/chiku/","+609-928 5333","Chiku 3, 18300 Gua Musang, Gua Musang","Sunday-Thursday 08:00-16:00","Chiku Health Clinic","government, primary care, outpatient, maternal, child health, immunisation, screening, referral, subsidised, walk-in, appointment"
"460","Klinik Kesihatan Gua Musang","Health & Wellbeing-Public Health Centre","No email detail. Please contact via other contact detail","Government primary care clinics under MOH offering outpatient care, maternal and child health, immunisations, basic screening and referrals to hospitals; fees are generally subsidised.","3","https://www.facebook.com/profile.php?id=100092573926832","+609-912 1171","Gua Musang, 18300 Gua Musang, Gua Musang","Sunday-Thursday 08:00-17:00","Gua Musang Health Clinic","government, primary care, outpatient, maternal, child health, immunisation, screening, referral, subsidised, walk-in, appointment"
"461","Klinik Kesihatan Jeram Tekoh","Health & Wellbeing-Public Health Centre","No email detail. Please contact via other contact detail","Government primary care clinics under MOH offering outpatient care, maternal and child health, immunisations, basic screening and referrals to hospitals; fees are generally subsidised.","3","No URL","+609-912 6308","Jeram Tekoh, 18300 Gua Musang, Gua Musang","Sunday-Thursday 08:00-17:00","Jeram Tekoh Health Clinic","government, primary care, outpatient, maternal, child health, immunisation, screening, referral, subsidised, walk-in, appointment"
"462","Klinik Kesihatan Kuala Betis","Health & Wellbeing-Public Health Centre","No email detail. Please contact via other contact detail","Government primary care clinics under MOH offering outpatient care, maternal and child health, immunisations, basic screening and referrals to hospitals; fees are generally subsidised.","3","No URL","+609-741 6732","Kuala Betis, 18300 Gua Musang, Gua Musang","Sunday-Wednesday 08:00-17:00; Thursday 08:00-15:30","Kuala Betis Health Clinic","government, primary care, outpatient, maternal, child health, immunisation, screening, referral, subsidised, walk-in, appointment"
"463","Klinik Kesihatan Lebir","Health & Wellbeing-Public Health Centre","No email detail. Please contact via other contact detail","Government primary care clinics under MOH offering outpatient care, maternal and child health, immunisations, basic screening and referrals to hospitals; fees are generally subsidised.","3","No URL","+609-741 6732","Lebir, 18300 Gua Musang, Gua Musang",,"Lebir Health Clinic","government, primary care, outpatient, maternal, child health, immunisation, screening, referral, subsidised, walk-in, appointment"
"464","Klinik Kesihatan Lojing","Health & Wellbeing-Public Health Centre","No email detail. Please contact via other contact detail","Government primary care clinics under MOH offering outpatient care, maternal and child health, immunisations, basic screening and referrals to hospitals; fees are generally subsidised.","3","No URL","+609-922 1406","Lojing, 18300 Gua Musang, Gua Musang",,"Lojing Health Clinic","government, primary care, outpatient, maternal, child health, immunisation, screening, referral, subsidised, walk-in, appointment"
"465","Klinik Kesihatan Batu Melintang","Health & Wellbeing-Public Health Centre","No email detail. Please contact via other contact detail","Government primary care clinics under MOH offering outpatient care, maternal and child health, immunisations, basic screening and referrals to hospitals; fees are generally subsidised.","3","No URL","+609-741 6732","Kampung Batu Melintang, 17520 Batu Melintang, Jeli",,"Batu Melintang Health Clinic","government, primary care, outpatient, maternal, child health, immunisation, screening, referral, subsidised, walk-in, appointment"
"466","Klinik Kesihatan Ayer Lanas","Health & Wellbeing-Public Health Centre","No email detail. Please contact via other contact detail","Government primary care clinics under MOH offering outpatient care, maternal and child health, immunisations, basic screening and referrals to hospitals; fees are generally subsidised.","3","No URL","+609-946 8333","Ayer Lanas, 17700 Jeli, Jeli",,"Ayer Lanas Health Clinic","government, primary care, outpatient, maternal, child health, immunisation, screening, referral, subsidised, walk-in, appointment"
"467","Klinik Kesihatan Jeli","Health & Wellbeing-Public Health Centre","No email detail. Please contact via other contact detail","Government primary care clinics under MOH offering outpatient care, maternal and child health, immunisations, basic screening and referrals to hospitals; fees are generally subsidised.","3","No URL","+609-944 0733","Jeli, 17600 Jeli, Jeli",,"Jeli Health Clinic","government, primary care, outpatient, maternal, child health, immunisation, screening, referral, subsidised, walk-in, appointment"
"468","Klinik Kesihatan Kuala Balah","Health & Wellbeing-Public Health Centre","No email detail. Please contact via other contact detail","Government primary care clinics under MOH offering outpatient care, maternal and child health, immunisations, basic screening and referrals to hospitals; fees are generally subsidised.","3","No URL","+609-936 1233","Kuala Balah, 17600 Kuala Balah, Jeli",,"Kuala Balah Health Clinic","government, primary care, outpatient, maternal, child health, immunisation, screening, referral, subsidised, walk-in, appointment"
"469","Klinik Kesihatan Lubok Bongor","Health & Wellbeing-Public Health Centre","No email detail. Please contact via other contact detail","Government primary care clinics under MOH offering outpatient care, maternal and child health, immunisations, basic screening and referrals to hospitals; fees are generally subsidised.","3","No URL","+609-741 6732","Lubok Bongor, 17600 Kuala Balah, Jeli",,"Lubok Bongor Health Clinic","government, primary care, outpatient, maternal, child health, immunisation, screening, referral, subsidised, walk-in, appointment"
"470","Klinik Kesihatan Badang","Health & Wellbeing-Public Health Centre","No email detail. Please contact via other contact detail","Government primary care clinics under MOH offering outpatient care, maternal and child health, immunisations, basic screening and referrals to hospitals; fees are generally subsidised.","3","No URL","+609-773 0333","Jalan Pantai Cahaya Bulan, 15350 Kota Bharu, Kota Bharu",,"Badang Health Clinic","government, primary care, outpatient, maternal, child health, immunisation, screening, referral, subsidised, walk-in, appointment"
"471","Klinik Kesihatan Bandar Kota Bharu","Health & Wellbeing-Public Health Centre","No email detail. Please contact via other contact detail","Government primary care clinics under MOH offering outpatient care, maternal and child health, immunisations, basic screening and referrals to hospitals; fees are generally subsidised.","3","No URL","+609-747 5770","Jalan Hospital, 15586 Kota Bharu, Kota Bharu",,"Bandar Kota Bharu Health Clinic","government, primary care, outpatient, maternal, child health, immunisation, screening, referral, subsidised, walk-in, appointment"
"472","Klinik Kesihatan Cabang 3 Perol","Health & Wellbeing-Public Health Centre","No email detail. Please contact via other contact detail","Government primary care clinics under MOH offering outpatient care, maternal and child health, immunisations, basic screening and referrals to hospitals; fees are generally subsidised.","3","No URL","+609-712 3335","Cabang 3 Perol, 16010 Kota Bharu, Kota Bharu",,"Cabang 3 Perol Health Clinic","government, primary care, outpatient, maternal, child health, immunisation, screening, referral, subsidised, walk-in, appointment"
"473","Klinik Kesihatan Kedai Lalat","Health & Wellbeing-Public Health Centre","No email detail. Please contact via other contact detail","Government primary care clinics under MOH offering outpatient care, maternal and child health, immunisations, basic screening and referrals to hospitals; fees are generally subsidised.","3","No URL","+609-766 6733","Bandar Kota Jembal, Kedai Lalat, 16150 Kota Bharu, Kota Bharu",,"Kedai Lalat Health Clinic","government, primary care, outpatient, maternal, child health, immunisation, screening, referral, subsidised, walk-in, appointment"
"474","Klinik Kesihatan Ketereh","Health & Wellbeing-Public Health Centre","No email detail. Please contact via other contact detail","Government primary care clinics under MOH offering outpatient care, maternal and child health, immunisations, basic screening and referrals to hospitals; fees are generally subsidised.","3","No URL","+609-788 6055","Ketereh, 16450 Kota Bharu, Kota Bharu",,"Ketereh Health Clinic","government, primary care, outpatient, maternal, child health, immunisation, screening, referral, subsidised, walk-in, appointment"
"475","Klinik Kesihatan Kok Lanas","Health & Wellbeing-Public Health Centre","No email detail. Please contact via other contact detail","Government primary care clinics under MOH offering outpatient care, maternal and child health, immunisations, basic screening and referrals to hospitals; fees are generally subsidised.","3","No URL","+609-788 0900","Km 25, Jalan Kuala Krai, 16450 Kota Bharu, Kota Bharu",,"Kok Lanas Health Clinic","government, primary care, outpatient, maternal, child health, immunisation, screening, referral, subsidised, walk-in, appointment"
"476","Klinik Kesihatan Kubang Kerian","Health & Wellbeing-Public Health Centre","No email detail. Please contact via other contact detail","Government primary care clinics under MOH offering outpatient care, maternal and child health, immunisations, basic screening and referrals to hospitals; fees are generally subsidised.","3","No URL","+609-766 7330","Jalan Istana Mahkota, 16150 Kota Bharu, Kota Bharu",,"Kubang Kerian Health Clinic","government, primary care, outpatient, maternal, child health, immunisation, screening, referral, subsidised, walk-in, appointment"
"477","Klinik Kesihatan Lundang Paku","Health & Wellbeing-Public Health Centre","No email detail. Please contact via other contact detail","Government primary care clinics under MOH offering outpatient care, maternal and child health, immunisations, basic screening and referrals to hospitals; fees are generally subsidised.","3","https://www.instagram.com/explore/locations/29967122/klinik-kesihatan-lundang-paku/","+609-796 4277","Jalan Dewa Beta, 15100 Kota Bharu, Kota Bharu","Sunday-Wednesday 08:00-05:00; Thursday 08:00-03:30","Lundang Paku Health Clinic","government, primary care, outpatient, maternal, child health, immunisation, screening, referral, subsidised, walk-in, appointment"
"478","Klinik Kesihatan Penambang","Health & Wellbeing-Public Health Centre","No email detail. Please contact via other contact detail","Government primary care clinics under MOH offering outpatient care, maternal and child health, immunisations, basic screening and referrals to hospitals; fees are generally subsidised.","3","No URL","+609-744 2760","Lot No 348-A Jalan Pantai Cahaya Bulan, Kg Penambang, 15350 Kota Bharu, Kota Bharu",,"Penambang Health Clinic","government, primary care, outpatient, maternal, child health, immunisation, screening, referral, subsidised, walk-in, appointment"
"479","Klinik Kesihatan Pengkalan Chepa","Health & Wellbeing-Public Health Centre","No email detail. Please contact via other contact detail","Government primary care clinics under MOH offering outpatient care, maternal and child health, immunisations, basic screening and referrals to hospitals; fees are generally subsidised.","3","No URL","+609-771 4030","Pengkalan Chepa, 16100 Kota Bharu, Kota Bharu",,"Pengkalan Chepa Health Clinic","government, primary care, outpatient, maternal, child health, immunisation, screening, referral, subsidised, walk-in, appointment"
"480","Klinik Kesihatan Peringat","Health & Wellbeing-Public Health Centre","No email detail. Please contact via other contact detail","Government primary care clinics under MOH offering outpatient care, maternal and child health, immunisations, basic screening and referrals to hospitals; fees are generally subsidised.","3","No URL","+609-712 7433","Jalan Melor, 16400 Kota Bharu, Kota Bharu",,"Peringat Health Clinic","government, primary care, outpatient, maternal, child health, immunisation, screening, referral, subsidised, walk-in, appointment"
"481","Klinik Kesihatan Pintu Geng","Health & Wellbeing-Public Health Centre","No email detail. Please contact via other contact detail","Government primary care clinics under MOH offering outpatient care, maternal and child health, immunisations, basic screening and referrals to hospitals; fees are generally subsidised.","3","No URL","+609-741 6732","Jalan Pintu Geng, 15000 Kota Bharu, Kota Bharu",,"Pintu Geng Health Clinic","government, primary care, outpatient, maternal, child health, immunisation, screening, referral, subsidised, walk-in, appointment"
"482","Klinik Kesihatan Wakaf Che Yeh","Health & Wellbeing-Public Health Centre","No email detail. Please contact via other contact detail","Government primary care clinics under MOH offering outpatient care, maternal and child health, immunisations, basic screening and referrals to hospitals; fees are generally subsidised.","3","No URL","+609-744 6333","Jalan Pasir Mas Salor, 15100 Kota Bharu, Kota Bharu",,"Wakaf Che Yeh Health Clinic","government, primary care, outpatient, maternal, child health, immunisation, screening, referral, subsidised, walk-in, appointment"
"483","Klinik Kesihatan Bandar Kuala Krai","Health & Wellbeing-Public Health Centre","No email detail. Please contact via other contact detail","Government primary care clinics under MOH offering outpatient care, maternal and child health, immunisations, basic screening and referrals to hospitals; fees are generally subsidised.","3","No URL","+609-960 5667","Jalan Pintas, 18000 Kuala Krai, Kuala Krai",,"Bandar Kuala Krai Health Clinic","government, primary care, outpatient, maternal, child health, immunisation, screening, referral, subsidised, walk-in, appointment"
"484","Klinik Kesihatan Biak","Health & Wellbeing-Public Health Centre","No email detail. Please contact via other contact detail","Government primary care clinics under MOH offering outpatient care, maternal and child health, immunisations, basic screening and referrals to hospitals; fees are generally subsidised.","3","No URL","+609-741 6732","Biak, 18000 Kuala Krai, Kuala Krai",,"Biak Health Clinic","government, primary care, outpatient, maternal, child health, immunisation, screening, referral, subsidised, walk-in, appointment"
"485","Klinik Kesihatan Dabong","Health & Wellbeing-Public Health Centre","No email detail. Please contact via other contact detail","Government primary care clinics under MOH offering outpatient care, maternal and child health, immunisations, basic screening and referrals to hospitals; fees are generally subsidised.","3","No URL","+609-960 2221","Dadong, 18200 Kuala Krai, Kuala Krai",,"Dabong Health Clinic","government, primary care, outpatient, maternal, child health, immunisation, screening, referral, subsidised, walk-in, appointment"
"486","Klinik Kesihatan Laloh","Health & Wellbeing-Public Health Centre","No email detail. Please contact via other contact detail","Government primary care clinics under MOH offering outpatient care, maternal and child health, immunisations, basic screening and referrals to hospitals; fees are generally subsidised.","3","No URL","+609-966 8826","Laloh, 18000 Kuala Krai, Kuala Krai",,"Laloh Health Clinic","government, primary care, outpatient, maternal, child health, immunisation, screening, referral, subsidised, walk-in, appointment"
"487","Klinik Kesihatan Manik Urai","Health & Wellbeing-Public Health Centre","No email detail. Please contact via other contact detail","Government primary care clinics under MOH offering outpatient care, maternal and child health, immunisations, basic screening and referrals to hospitals; fees are generally subsidised.","3","No URL","+609-966 5133","Manek Urai, 18050 Kuala Krai, Kuala Krai",,"Manik Urai Health Clinic","government, primary care, outpatient, maternal, child health, immunisation, screening, referral, subsidised, walk-in, appointment"
"488","Klinik Kesihatan Mengkebang","Health & Wellbeing-Public Health Centre","No email detail. Please contact via other contact detail","Government primary care clinics under MOH offering outpatient care, maternal and child health, immunisations, basic screening and referrals to hospitals; fees are generally subsidised.","3","No URL","+609-741 6732","Mengkebang, 18000 Kuala Krai, Kuala Krai",,"Mengkebang Health Clinic","government, primary care, outpatient, maternal, child health, immunisation, screening, referral, subsidised, walk-in, appointment"
"489","Klinik Kesihatan Pahi","Health & Wellbeing-Public Health Centre","No email detail. Please contact via other contact detail","Government primary care clinics under MOH offering outpatient care, maternal and child health, immunisations, basic screening and referrals to hospitals; fees are generally subsidised.","3","No URL","+609-960 9343","Pahi, 18000 Kuala Krai, Kuala Krai",,"Pahi Health Clinic","government, primary care, outpatient, maternal, child health, immunisation, screening, referral, subsidised, walk-in, appointment"
"490","Klinik Kesihatan Batu","Health & Wellbeing-Public Health Centre","No email detail. Please contact via other contact detail","Government primary care clinics under MOH offering outpatient care, maternal and child health, immunisations, basic screening and referrals to hospitals; fees are generally subsidised.","3","No URL","+609-975 2355","Jalan Kuala Krai, 18500 Machang, Machang",,"Batu Health Clinic","government, primary care, outpatient, maternal, child health, immunisation, screening, referral, subsidised, walk-in, appointment"
"491","Klinik Kesihatan Belukar","Health & Wellbeing-Public Health Centre","No email detail. Please contact via other contact detail","Government primary care clinics under MOH offering outpatient care, maternal and child health, immunisations, basic screening and referrals to hospitals; fees are generally subsidised.","3","No URL","+609-741 6732","Jalan Machang-Pasir Puteh, 18500 Machang, Machang",,"Belukar Health Clinic","government, primary care, outpatient, maternal, child health, immunisation, screening, referral, subsidised, walk-in, appointment"
"492","Klinik Kesihatan Labok","Health & Wellbeing-Public Health Centre","No email detail. Please contact via other contact detail","Government primary care clinics under MOH offering outpatient care, maternal and child health, immunisations, basic screening and referrals to hospitals; fees are generally subsidised.","3","https://www.instagram.com/explore/locations/144527852891066/klinik-kesihatan-labokmachang-kelantan/","+609-787 8533","Labok, 18500 Machang, Machang","Sunday-Thursday 08:00-17:00","Labok Health Clinic","government, primary care, outpatient, maternal, child health, immunisation, screening, referral, subsidised, walk-in, appointment"
"493","Klinik Kesihatan Pulai Chondong","Health & Wellbeing-Public Health Centre","No email detail. Please contact via other contact detail","Government primary care clinics under MOH offering outpatient care, maternal and child health, immunisations, basic screening and referrals to hospitals; fees are generally subsidised.","3","No URL","+609-787 8333","Pulau Chondong, 16600 Machang, Machang",,"Pulai Chondong Health Clinic","government, primary care, outpatient, maternal, child health, immunisation, screening, referral, subsidised, walk-in, appointment"
"494","Klinik Kesihatan Temangan","Health & Wellbeing-Public Health Centre","No email detail. Please contact via other contact detail","Government primary care clinics under MOH offering outpatient care, maternal and child health, immunisations, basic screening and referrals to hospitals; fees are generally subsidised.","3","No URL","+609-975 2633","Temangan, 18400 Machang, Machang",,"Temangan Health Clinic","government, primary care, outpatient, maternal, child health, immunisation, screening, referral, subsidised, walk-in, appointment"
"495","Klinik Kesihatan Bandar Pasir Mas","Health & Wellbeing-Public Health Centre","No email detail. Please contact via other contact detail","Government primary care clinics under MOH offering outpatient care, maternal and child health, immunisations, basic screening and referrals to hospitals; fees are generally subsidised.","3","No URL","+609-790 1333","Bandar Pasir Mas, 17000 Pasir Mas, Pasir Mas",,"Bandar Pasir Mas Health Clinic","government, primary care, outpatient, maternal, child health, immunisation, screening, referral, subsidised, walk-in, appointment"
"496","Klinik Kesihatan Chekok","Health & Wellbeing-Public Health Centre","No email detail. Please contact via other contact detail","Government primary care clinics under MOH offering outpatient care, maternal and child health, immunisations, basic screening and referrals to hospitals; fees are generally subsidised.","3","No URL","+609-794 2333","Chekok, 17060 Pasir Mas, Pasir Mas",,"Chekok Health Clinic","government, primary care, outpatient, maternal, child health, immunisation, screening, referral, subsidised, walk-in, appointment"
"497","Klinik Kesihatan Gual Periok","Health & Wellbeing-Public Health Centre","No email detail. Please contact via other contact detail","Government primary care clinics under MOH offering outpatient care, maternal and child health, immunisations, basic screening and referrals to hospitals; fees are generally subsidised.","3","No URL","+609-741 6732","Gual Periok, 17200 Pasir Mas, Pasir Mas",,"Gual Periok Health Clinic","government, primary care, outpatient, maternal, child health, immunisation, screening, referral, subsidised, walk-in, appointment"
"498","Klinik Kesihatan Kangkong","Health & Wellbeing-Public Health Centre","No email detail. Please contact via other contact detail","Government primary care clinics under MOH offering outpatient care, maternal and child health, immunisations, basic screening and referrals to hospitals; fees are generally subsidised.","3","No URL","+609-794 3155","Jalan Pasir Mas Tanah Merah, 17040 Pasir Mas, Pasir Mas",,"Kangkong Health Clinic","government, primary care, outpatient, maternal, child health, immunisation, screening, referral, subsidised, walk-in, appointment"
"499","Klinik Kesihatan Kual","Health & Wellbeing-Public Health Centre","No email detail. Please contact via other contact detail","Government primary care clinics under MOH offering outpatient care, maternal and child health, immunisations, basic screening and referrals to hospitals; fees are generally subsidised.","3","No URL","+609-741 6732","Kubang Kual, 17000 Pasir Mas, Pasir Mas",,"Kual Health Clinic","government, primary care, outpatient, maternal, child health, immunisation, screening, referral, subsidised, walk-in, appointment"
"500","Klinik Kesihatan Meranti","Health & Wellbeing-Public Health Centre","No email detail. Please contact via other contact detail","Government primary care clinics under MOH offering outpatient care, maternal and child health, immunisations, basic screening and referrals to hospitals; fees are generally subsidised.","3","No URL","+609-797 5057","Jalan Bonggol Che Wan, Meranti, 17000 Pasir Mas, Pasir Mas",,"Meranti Health Clinic","government, primary care, outpatient, maternal, child health, immunisation, screening, referral, subsidised, walk-in, appointment"
"501","Klinik Kesihatan Tendong","Health & Wellbeing-Public Health Centre","No email detail. Please contact via other contact detail","Government primary care clinics under MOH offering outpatient care, maternal and child health, immunisations, basic screening and referrals to hospitals; fees are generally subsidised.","3","No URL","+609-719 8333","Tedong, 17030 Pasir Mas, Pasir Mas",,"Tendong Health Clinic","government, primary care, outpatient, maternal, child health, immunisation, screening, referral, subsidised, walk-in, appointment"
"502","Klinik Kesihatan To'Uban","Health & Wellbeing-Public Health Centre","No email detail. Please contact via other contact detail","Government primary care clinics under MOH offering outpatient care, maternal and child health, immunisations, basic screening and referrals to hospitals; fees are generally subsidised.","3","No URL","+609-794 1333","To`Uban, 17050 Pasir Mas, Pasir Mas",,"To'Uban Health Clinic","government, primary care, outpatient, maternal, child health, immunisation, screening, referral, subsidised, walk-in, appointment"
"503","Klinik Kesihatan Rantau Panjang","Health & Wellbeing-Public Health Centre","No email detail. Please contact via other contact detail","Government primary care clinics under MOH offering outpatient care, maternal and child health, immunisations, basic screening and referrals to hospitals; fees are generally subsidised.","3","https://www.facebook.com/kkrantaupanjang/?locale=ms_MY","+609-795 0333","Jalan Lubok Stol, 17200 Rantau Panjang, Pasir Mas","Monday-Thursday 08:00-13:00 and 14:00-17:00; Friday 08:00-12:15 and 14:45-17:00","Rantau Panjang Health Clinic","government, primary care, outpatient, maternal, child health, immunisation, screening, referral, subsidised, walk-in, appointment"
"504","Klinik Kesihatan Banggol Pa' Esah","Health & Wellbeing-Public Health Centre","No email detail. Please contact via other contact detail","Government primary care clinics under MOH offering outpatient care, maternal and child health, immunisations, basic screening and referrals to hospitals; fees are generally subsidised.","3","No URL","+609-741 6732","Kampung Banggul Pa'Esah, 16800 Pasir Puteh, Pasir Puteh",,"Banggol Pa' Esah Health Clinic","government, primary care, outpatient, maternal, child health, immunisation, screening, referral, subsidised, walk-in, appointment"
"505","Klinik Kesihatan Cherang Ruku","Health & Wellbeing-Public Health Centre","No email detail. Please contact via other contact detail","Government primary care clinics under MOH offering outpatient care, maternal and child health, immunisations, basic screening and referrals to hospitals; fees are generally subsidised.","3","No URL","+609-691 2333","Semerak, 16700 Pasir Puteh, Pasir Puteh",,"Cherang Ruku Health Clinic","government, primary care, outpatient, maternal, child health, immunisation, screening, referral, subsidised, walk-in, appointment"
"506","Klinik Kesihatan Gaal","Health & Wellbeing-Public Health Centre","No email detail. Please contact via other contact detail","Government primary care clinics under MOH offering outpatient care, maternal and child health, immunisations, basic screening and referrals to hospitals; fees are generally subsidised.","3","No URL","+609-786 7199","Gaal, 16800 Pasir Puteh, Pasir Puteh",,"Gaal Health Clinic","government, primary care, outpatient, maternal, child health, immunisation, screening, referral, subsidised, walk-in, appointment"
"507","Klinik Kesihatan Jeram","Health & Wellbeing-Public Health Centre","No email detail. Please contact via other contact detail","Government primary care clinics under MOH offering outpatient care, maternal and child health, immunisations, basic screening and referrals to hospitals; fees are generally subsidised.","3","No URL","+609-786 7033","Jeram, 16800 Pasir Puteh, Pasir Puteh",,"Jeram Health Clinic","government, primary care, outpatient, maternal, child health, immunisation, screening, referral, subsidised, walk-in, appointment"
"508","Klinik Kesihatan Selising","Health & Wellbeing-Public Health Centre","No email detail. Please contact via other contact detail","Government primary care clinics under MOH offering outpatient care, maternal and child health, immunisations, basic screening and referrals to hospitals; fees are generally subsidised.","3","No URL","+609-789 1433","Selising, 16410 Pasir Puteh, Pasir Puteh",,"Selising Health Clinic","government, primary care, outpatient, maternal, child health, immunisation, screening, referral, subsidised, walk-in, appointment"
"509","Klinik Kesihatan Batu Gajah","Health & Wellbeing-Public Health Centre","No email detail. Please contact via other contact detail","Government primary care clinics under MOH offering outpatient care, maternal and child health, immunisations, basic screening and referrals to hospitals; fees are generally subsidised.","3","No URL","+609-958 1033","Batu 13, Jalan Tanah Merah- Jeli, 17510 Tanah Merah, Tanah Merah",,"Batu Gajah Health Clinic","government, primary care, outpatient, maternal, child health, immunisation, screening, referral, subsidised, walk-in, appointment"
"510","Klinik Kesihatan Gual Ipoh","Health & Wellbeing-Public Health Centre","No email detail. Please contact via other contact detail","Government primary care clinics under MOH offering outpatient care, maternal and child health, immunisations, basic screening and referrals to hospitals; fees are generally subsidised.","3","No URL","+609-955 1949","Kg Gual Ipoh, 17500 Tanah Merah, Tanah Merah",,"Gual Ipoh Health Clinic","government, primary care, outpatient, maternal, child health, immunisation, screening, referral, subsidised, walk-in, appointment"
"511","Klinik Kesihatan Kemahang","Health & Wellbeing-Public Health Centre","No email detail. Please contact via other contact detail","Government primary care clinics under MOH offering outpatient care, maternal and child health, immunisations, basic screening and referrals to hospitals; fees are generally subsidised.","3","No URL","+609-958 1192","Felda Kemahang, 17500 Tanah Merah, Tanah Merah",,"Kemahang Health Clinic","government, primary care, outpatient, maternal, child health, immunisation, screening, referral, subsidised, walk-in, appointment"
"512","Klinik Kesihatan Bandar Tumpat","Health & Wellbeing-Public Health Centre","No email detail. Please contact via other contact detail","Government primary care clinics under MOH offering outpatient care, maternal and child health, immunisations, basic screening and referrals to hospitals; fees are generally subsidised.","3","No URL","+609-725 5500","Bandar Tumpat, 16200 Tumpat, Tumpat",,"Bandar Tumpat Health Clinic","government, primary care, outpatient, maternal, child health, immunisation, screening, referral, subsidised, walk-in, appointment"
"513","Klinik Kesihatan Bendang Kerian","Health & Wellbeing-Public Health Centre","No email detail. Please contact via other contact detail","Government primary care clinics under MOH offering outpatient care, maternal and child health, immunisations, basic screening and referrals to hospitals; fees are generally subsidised.","3","https://www.instagram.com/explore/locations/300850050516491/klinik-kesihatan-bendang-kerian/","+609-741 6732","Bendang Kerian, 16200 Tumpat, Tumpat","No information available, contact for more details","Bendang Kerian Health Clinic","government, primary care, outpatient, maternal, child health, immunisation, screening, referral, subsidised, walk-in, appointment"
"514","Klinik Kesihatan Bunohan","Health & Wellbeing-Public Health Centre","No email detail. Please contact via other contact detail","Government primary care clinics under MOH offering outpatient care, maternal and child health, immunisations, basic screening and referrals to hospitals; fees are generally subsidised.","3","No URL","+609-721 1033","Jalan Pengkalan Kubur, 16200 Tumpat, Tumpat",,"Bunohan Health Clinic","government, primary care, outpatient, maternal, child health, immunisation, screening, referral, subsidised, walk-in, appointment"
"515","Klinik Kesihatan Pengkalan Kubor","Health & Wellbeing-Public Health Centre","No email detail. Please contact via other contact detail","Government primary care clinics under MOH offering outpatient care, maternal and child health, immunisations, basic screening and referrals to hospitals; fees are generally subsidised.","3","No URL","+609-721 1570","Pengkalan Kubor, 16200 Tumpat, Tumpat",,"Pengkalan Kubor Health Clinic","government, primary care, outpatient, maternal, child health, immunisation, screening, referral, subsidised, walk-in, appointment"
"516","Klinik Kesihatan Sungai Pinang","Health & Wellbeing-Public Health Centre","No email detail. Please contact via other contact detail","Government primary care clinics under MOH offering outpatient care, maternal and child health, immunisations, basic screening and referrals to hospitals; fees are generally subsidised.","3","No URL","+609-725 5133","Sungai Pinang, Palekbang, 16040 Tumpat, Tumpat",,"Sungai Pinang Health Clinic","government, primary care, outpatient, maternal, child health, immunisation, screening, referral, subsidised, walk-in, appointment"
"517","Klinik Kesihatan Telok Renjuna","Health & Wellbeing-Public Health Centre","No email detail. Please contact via other contact detail","Government primary care clinics under MOH offering outpatient care, maternal and child health, immunisations, basic screening and referrals to hospitals; fees are generally subsidised.","3","No URL","+609-741 6732","Telok Rejuna, 16200 Tumpat, Tumpat",,"Telok Renjuna Health Clinic","government, primary care, outpatient, maternal, child health, immunisation, screening, referral, subsidised, walk-in, appointment"
"518","Klinik Kesihatan Wakaf Bharu","Health & Wellbeing-Public Health Centre","No email detail. Please contact via other contact detail","Government primary care clinics under MOH offering outpatient care, maternal and child health, immunisations, basic screening and referrals to hospitals; fees are generally subsidised.","3","No URL","+609-719 6333","Wakaf Baru, 16250 Tumpat, Tumpat",,"Wakaf Bharu Health Clinic","government, primary care, outpatient, maternal, child health, immunisation, screening, referral, subsidised, walk-in, appointment"
"519","Klinik Kesihatan Hutan Percha","Health & Wellbeing-Public Health Centre","No email detail. Please contact via other contact detail","Government primary care clinics under MOH offering outpatient care, maternal and child health, immunisations, basic screening and referrals to hospitals; fees are generally subsidised.","4","No URL","+606-554 8224","KM 35, Felda Tun Ghafar Baba, 78000 Alor Gajah, Alor Gajah","Monday-Friday 08:00-17:00","Hutan Percha Health Clinic","government, primary care, outpatient, maternal, child health, immunisation, screening, referral, subsidised, walk-in, appointment"
"520","Klinik Kesihatan Macap Baru","Health & Wellbeing-Public Health Centre","No email detail. Please contact via other contact detail","Government primary care clinics under MOH offering outpatient care, maternal and child health, immunisations, basic screening and referrals to hospitals; fees are generally subsidised.","4","No URL","+606-525 2333","KM 17, Kampung Macap Baru, 78000 Alor Gajah, Alor Gajah","Monday-Friday 08:00-17:00","Macap Baru Health Clinic","government, primary care, outpatient, maternal, child health, immunisation, screening, referral, subsidised, walk-in, appointment"
"521","Klinik Kesihatan Padang Sebang","Health & Wellbeing-Public Health Centre","No email detail. Please contact via other contact detail","Government primary care clinics under MOH offering outpatient care, maternal and child health, immunisations, basic screening and referrals to hospitals; fees are generally subsidised.","4","https://www.facebook.com/kkpadangsebang/?locale=ms_MY","+606-554 7932","Batu 19 1/2, Kampung Padang Sebang, 78000 Alor Gajah, Alor Gajah","Sunday-Thursday 08:00-17:00","Padang Sebang Health Clinic","government, primary care, outpatient, maternal, child health, immunisation, screening, referral, subsidised, walk-in, appointment"
"522","Klinik Kesihatan Simpang Ampat","Health & Wellbeing-Public Health Centre","No email detail. Please contact via other contact detail","Government primary care clinics under MOH offering outpatient care, maternal and child health, immunisations, basic screening and referrals to hospitals; fees are generally subsidised.","4","No URL","+606-552 9497","Batu 22, Kampung Simpang Empat, 78000 Alor Gajah, Alor Gajah","Sunday-Thursday 08:00-17:00","Simpang Ampat Health Clinic","government, primary care, outpatient, maternal, child health, immunisation, screening, referral, subsidised, walk-in, appointment"
"523","Klinik Kesihatan Durian Tunggal","Health & Wellbeing-Public Health Centre","No email detail. Please contact via other contact detail","Government primary care clinics under MOH offering outpatient care, maternal and child health, immunisations, basic screening and referrals to hospitals; fees are generally subsidised.","4","https://www.facebook.com/kkduriantunggal/?locale=ms_MY","+606-553 1133","KM 16, Padang Keladi, 76100 Durian Tunggal, Alor Gajah","Monday-Thursday 08:00-13:00 and 14:00-17:00; Friday 08:00-12:15 and 14:45-17:00","Durian Tunggal Health Clinic","government, primary care, outpatient, maternal, child health, immunisation, screening, referral, subsidised, walk-in, appointment"
"524","Klinik Kesihatan Tebong","Health & Wellbeing-Public Health Centre","No email detail. Please contact via other contact detail","Government primary care clinics under MOH offering outpatient care, maternal and child health, immunisations, basic screening and referrals to hospitals; fees are generally subsidised.","4","https://www.facebook.com/p/Klinik-Kesihatan-TebongAlor-Gajah-Melaka-100089001635623/","+605-448 6716","Tebong, 76100 Durian Tunggal, Alor Gajah","No information available, contact for more details","Tebong Health Clinic","government, primary care, outpatient, maternal, child health, immunisation, screening, referral, subsidised, walk-in, appointment"
"525","Klinik Kesihatan Kuala Sungai Baru","Health & Wellbeing-Public Health Centre","No email detail. Please contact via other contact detail","Government primary care clinics under MOH offering outpatient care, maternal and child health, immunisations, basic screening and referrals to hospitals; fees are generally subsidised.","4","https://www.instagram.com/explore/locations/695686707275049/klinik-kesihatan-kuala-sungai-baru/","+606-387 6333","Pekan Kuala Sungai Baru, 78200 Kuala Sungai Baru, Alor Gajah","Monday-Friday 08:00-17:00","Kuala Sungai Baru Health Clinic","government, primary care, outpatient, maternal, child health, immunisation, screening, referral, subsidised, walk-in, appointment"
"526","Klinik Kesihatan Lubok China","Health & Wellbeing-Public Health Centre","No email detail. Please contact via other contact detail","Government primary care clinics under MOH offering outpatient care, maternal and child health, immunisations, basic screening and referrals to hospitals; fees are generally subsidised.","4","https://www.facebook.com/kklubokchina/?locale=ms_MY","+606-696 6475","Pekan Lubok China, 78100 Lubok China, Alor Gajah","Monday-Friday 08:00-17:00","Lubok China Health Clinic","government, primary care, outpatient, maternal, child health, immunisation, screening, referral, subsidised, walk-in, appointment"
"527","Klinik Kesihatan Masjid Tanah","Health & Wellbeing-Public Health Centre","No email detail. Please contact via other contact detail","Government primary care clinics under MOH offering outpatient care, maternal and child health, immunisations, basic screening and referrals to hospitals; fees are generally subsidised.","4","No URL","+606-384 2533","Batu 18 1/2, Paya Rumput, 78300 Masjid Tanah, Alor Gajah","Monday-Friday 08:00-17:00; Saturday 09:00-13:00","Masjid Tanah Health Clinic","government, primary care, outpatient, maternal, child health, immunisation, screening, referral, subsidised, walk-in, appointment"
"528","Klinik Kesihatan Simpang Bekoh","Health & Wellbeing-Public Health Centre","No email detail. Please contact via other contact detail","Government primary care clinics under MOH offering outpatient care, maternal and child health, immunisations, basic screening and referrals to hospitals; fees are generally subsidised.","4","https://www.instagram.com/explore/locations/146701776126122/klinik-kesihatan-simpang-bekoh/","+606-523 6033","Kampung Simpang Bekoh, Jalan Besar, 77100 Asahan, Jasin","Monday-Friday 08:00-17:00","Simpang Bekoh Health Clinic","government, primary care, outpatient, maternal, child health, immunisation, screening, referral, subsidised, walk-in, appointment"
"529","Klinik Kesihatan Felda Bukit Senggeh","Health & Wellbeing-Public Health Centre","No email detail. Please contact via other contact detail","Government primary care clinics under MOH offering outpatient care, maternal and child health, immunisations, basic screening and referrals to hospitals; fees are generally subsidised.","4","https://www.facebook.com/p/Klinik-Kesihatan-Felda-Bukit-Senggeh-100028941533580/","+606-522 8305","Felda Bukit Senggeh, Asahan, 77100 Jasin, Jasin","No information available, contact for more details","Felda Bukit Senggeh Health Clinic","government, primary care, outpatient, maternal, child health, immunisation, screening, referral, subsidised, walk-in, appointment"
"530","Klinik Kesihatan Jasin","Health & Wellbeing-Public Health Centre","No email detail. Please contact via other contact detail","Government primary care clinics under MOH offering outpatient care, maternal and child health, immunisations, basic screening and referrals to hospitals; fees are generally subsidised.","4","No URL","+606-529 4636","Pejabat Kesihatan Jasin, 77000 Jasin, Jasin","Monday-Friday 08:00-21:30; Saturday 08:00-12:00","Jasin Health Clinic","government, primary care, outpatient, maternal, child health, immunisation, screening, referral, subsidised, walk-in, appointment"
"531","Klinik Kesihatan Kemendor","Health & Wellbeing-Public Health Centre","No email detail. Please contact via other contact detail","Government primary care clinics under MOH offering outpatient care, maternal and child health, immunisations, basic screening and referrals to hospitals; fees are generally subsidised.","4","No URL","+606-529 3330","Jalan Bunga Kertas, 77000 Jasin, Jasin","Monday-Friday 08:00-17:00","Kemendor Health Clinic","government, primary care, outpatient, maternal, child health, immunisation, screening, referral, subsidised, walk-in, appointment"
"532","Klinik Kesihatan Nyalas","Health & Wellbeing-Public Health Centre","No email detail. Please contact via other contact detail","Government primary care clinics under MOH offering outpatient care, maternal and child health, immunisations, basic screening and referrals to hospitals; fees are generally subsidised.","4","No URL","+606-522 8306","Kampung Nyalas, 77100 Jasin, Jasin",,"Nyalas Health Clinic","government, primary care, outpatient, maternal, child health, immunisation, screening, referral, subsidised, walk-in, appointment"
"533","Klinik Kesihatan Merlimau","Health & Wellbeing-Public Health Centre","No email detail. Please contact via other contact detail","Government primary care clinics under MOH offering outpatient care, maternal and child health, immunisations, basic screening and referrals to hospitals; fees are generally subsidised.","4","No URL","+606-263 1533","Kampung Merlimau, Jalan Besar Merlimau, 77300 Merlimau, Jasin",,"Merlimau Health Clinic","government, primary care, outpatient, maternal, child health, immunisation, screening, referral, subsidised, walk-in, appointment"
"534","Klinik Kesihatan Umbai","Health & Wellbeing-Public Health Centre","No email detail. Please contact via other contact detail","Government primary care clinics under MOH offering outpatient care, maternal and child health, immunisations, basic screening and referrals to hospitals; fees are generally subsidised.","4","No URL","+606-261 5610","Jalan Muar, 77300 Merlimau, Jasin",,"Umbai Health Clinic","government, primary care, outpatient, maternal, child health, immunisation, screening, referral, subsidised, walk-in, appointment"
"535","Klinik Kesihatan Selandar","Health & Wellbeing-Public Health Centre","No email detail. Please contact via other contact detail","Government primary care clinics under MOH offering outpatient care, maternal and child health, immunisations, basic screening and referrals to hospitals; fees are generally subsidised.","4","No URL","+606-525 1495","Jalan Macap, 77500 Selandar, Jasin",,"Selandar Health Clinic","government, primary care, outpatient, maternal, child health, immunisation, screening, referral, subsidised, walk-in, appointment"
"536","Klinik Kesihatan Sungai Rambai","Health & Wellbeing-Public Health Centre","No email detail. Please contact via other contact detail","Government primary care clinics under MOH offering outpatient care, maternal and child health, immunisations, basic screening and referrals to hospitals; fees are generally subsidised.","4","No URL","+606-265 9526","KM 32, Sungai Rambai, 77400 Sungai Rambai, Jasin",,"Sungai Rambai Health Clinic","government, primary care, outpatient, maternal, child health, immunisation, screening, referral, subsidised, walk-in, appointment"
"537","Klinik Kesihatan Ayer Molek","Health & Wellbeing-Public Health Centre","No email detail. Please contact via other contact detail","Government primary care clinics under MOH offering outpatient care, maternal and child health, immunisations, basic screening and referrals to hospitals; fees are generally subsidised.","4","No URL","+606-268 0333","Jalan Air Molek, 75460 Ayer Molek, Melaka Tengah",,"Ayer Molek Health Clinic","government, primary care, outpatient, maternal, child health, immunisation, screening, referral, subsidised, walk-in, appointment"
"538","Klinik Kesihatan Bukit Rambai","Health & Wellbeing-Public Health Centre","No email detail. Please contact via other contact detail","Government primary care clinics under MOH offering outpatient care, maternal and child health, immunisations, basic screening and referrals to hospitals; fees are generally subsidised.","4","No URL","+606-351 2464","Jalan Bukit Rambai, Bukit Rambai, 75250 Bukit Rambai, Melaka Tengah",,"Bukit Rambai Health Clinic","government, primary care, outpatient, maternal, child health, immunisation, screening, referral, subsidised, walk-in, appointment"
"539","Klinik Kesihatan Cheng","Health & Wellbeing-Public Health Centre","No email detail. Please contact via other contact detail","Government primary care clinics under MOH offering outpatient care, maternal and child health, immunisations, basic screening and referrals to hospitals; fees are generally subsidised.","4","No URL","+606-312 3333","Jalan Cheng, 75250 Cheng, Melaka Tengah",,"Cheng Health Clinic","government, primary care, outpatient, maternal, child health, immunisation, screening, referral, subsidised, walk-in, appointment"
"540","Klinik Kesihatan Klebang Besar","Health & Wellbeing-Public Health Centre","No email detail. Please contact via other contact detail","Government primary care clinics under MOH offering outpatient care, maternal and child health, immunisations, basic screening and referrals to hospitals; fees are generally subsidised.","4","No URL","+606-315 4144","Jalan Klebang Besar, 75200 Klebang Besar, Melaka Tengah",,"Klebang Besar Health Clinic","government, primary care, outpatient, maternal, child health, immunisation, screening, referral, subsidised, walk-in, appointment"
"541","Klinik Kesihatan Jalan Gereja","Health & Wellbeing-Public Health Centre","No email detail. Please contact via other contact detail","Government primary care clinics under MOH offering outpatient care, maternal and child health, immunisations, basic screening and referrals to hospitals; fees are generally subsidised.","4","No URL","+606-282 4452","Jalan Gereja, 75500 Melaka, Melaka Tengah",,"Jalan Gereja Health Clinic","government, primary care, outpatient, maternal, child health, immunisation, screening, referral, subsidised, walk-in, appointment"
"542","Klinik Kesihatan Ayer Keroh","Health & Wellbeing-Public Health Centre","No email detail. Please contact via other contact detail","Government primary care clinics under MOH offering outpatient care, maternal and child health, immunisations, basic screening and referrals to hospitals; fees are generally subsidised.","4","No URL","+606-231 2344","Jalan Ayer Keroh Lama, 75350 Melaka Tengah, Melaka Tengah",,"Ayer Keroh Health Clinic","government, primary care, outpatient, maternal, child health, immunisation, screening, referral, subsidised, walk-in, appointment"
"543","Klinik Kesihatan Peringgit","Health & Wellbeing-Public Health Centre","No email detail. Please contact via other contact detail","Government primary care clinics under MOH offering outpatient care, maternal and child health, immunisations, basic screening and referrals to hospitals; fees are generally subsidised.","4","No URL","+606-288 2344","Jalan Peringgit, 75400 Melaka Tengah, Melaka Tengah",,"Peringgit Health Clinic","government, primary care, outpatient, maternal, child health, immunisation, screening, referral, subsidised, walk-in, appointment"
"544","Klinik Kesihatan Tengkera","Health & Wellbeing-Public Health Centre","No email detail. Please contact via other contact detail","Government primary care clinics under MOH offering outpatient care, maternal and child health, immunisations, basic screening and referrals to hospitals; fees are generally subsidised.","4","No URL","+606-336 0176","Jalan Dato Wira Poh Ah Tiam, Lorong Pandan, Tengkera, 75200 Melaka Tengah, Melaka Tengah",,"Tengkera Health Clinic","government, primary care, outpatient, maternal, child health, immunisation, screening, referral, subsidised, walk-in, appointment"
"545","Klinik Kesihatan Sungai Udang","Health & Wellbeing-Public Health Centre","No email detail. Please contact via other contact detail","Government primary care clinics under MOH offering outpatient care, maternal and child health, immunisations, basic screening and referrals to hospitals; fees are generally subsidised.","4","No URL","+606-353 1333","Batu 11 1/2, 76300 Sungai Udang, Melaka Tengah",,"Sungai Udang Health Clinic","government, primary care, outpatient, maternal, child health, immunisation, screening, referral, subsidised, walk-in, appointment"
"546","Klinik Kesihatan Tanjung Kling","Health & Wellbeing-Public Health Centre","No email detail. Please contact via other contact detail","Government primary care clinics under MOH offering outpatient care, maternal and child health, immunisations, basic screening and referrals to hospitals; fees are generally subsidised.","4","No URL","+606-351 1333","Batu 7 Pekan Tanjung Kling, 76400 Tanjung Kling, Melaka Tengah",,"Tanjung Kling Health Clinic","government, primary care, outpatient, maternal, child health, immunisation, screening, referral, subsidised, walk-in, appointment"
"547","Klinik Kesihatan Ujong Pasir","Health & Wellbeing-Public Health Centre","No email detail. Please contact via other contact detail","Government primary care clinics under MOH offering outpatient care, maternal and child health, immunisations, basic screening and referrals to hospitals; fees are generally subsidised.","4","No URL","+606-286 7333","Jalan Ujong Pasir, 75000 Ujong Pasir, Melaka Tengah",,"Ujong Pasir Health Clinic","government, primary care, outpatient, maternal, child health, immunisation, screening, referral, subsidised, walk-in, appointment"
"548","Klinik Kesihatan Pasoh","Health & Wellbeing-Public Health Centre","No email detail. Please contact via other contact detail","Government primary care clinics under MOH offering outpatient care, maternal and child health, immunisations, basic screening and referrals to hospitals; fees are generally subsidised.","5","No URL","+606-495 1272","Klinik Kesihatan Pasoh 1, Simpang Pertang, 72300 Jelebu, Jelebu","Monday-Friday 08:00-17:00","Pasoh Health Clinic","government, primary care, outpatient, maternal, child health, immunisation, screening, referral, subsidised, walk-in, appointment"
"549","Klinik Kesihatan Titi","Health & Wellbeing-Public Health Centre","No email detail. Please contact via other contact detail","Government primary care clinics under MOH offering outpatient care, maternal and child health, immunisations, basic screening and referrals to hospitals; fees are generally subsidised.","5","No URL","+606-611 1398","Titi, 71650 Jelebu, Jelebu","No information available, contact for more details","Titi Health Clinic","government, primary care, outpatient, maternal, child health, immunisation, screening, referral, subsidised, walk-in, appointment"
"550","Klinik Kesihatan Jelebu","Health & Wellbeing-Public Health Centre","No email detail. Please contact via other contact detail","Government primary care clinics under MOH offering outpatient care, maternal and child health, immunisations, basic screening and referrals to hospitals; fees are generally subsidised.","5","No URL","+606-613 9497","Klinik Kesihatan Jelebu, 71600 Kuala Klawang, Jelebu","Monday-Friday 08:00-17:00","Jelebu Health Clinic","government, primary care, outpatient, maternal, child health, immunisation, screening, referral, subsidised, walk-in, appointment"
"551","Klinik Kesihatan Pertang","Health & Wellbeing-Public Health Centre","kkpertang933@gmail.com","Government primary care clinics under MOH offering outpatient care, maternal and child health, immunisations, basic screening and referrals to hospitals; fees are generally subsidised.","5","https://www.facebook.com/klinikkesihatanpertang/","+606-494 1287","Simpang Pertang, 72300 Pertang, Jelebu","Monday-Friday 08:00-17:00","Pertang Health Clinic","government, primary care, outpatient, maternal, child health, immunisation, screening, referral, subsidised, walk-in, appointment"
"552","Klinik Kesihatan Simpang Durian","Health & Wellbeing-Public Health Centre","No email detail. Please contact via other contact detail","Government primary care clinics under MOH offering outpatient care, maternal and child health, immunisations, basic screening and referrals to hospitals; fees are generally subsidised.","5","No URL","+606-491 4522","Simpang Durian, 72400 Simpang Durian, Jelebu","Monday-Friday 08:00-17:00","Simpang Durian Health Clinic","government, primary care, outpatient, maternal, child health, immunisation, screening, referral, subsidised, walk-in, appointment"
"553","Klinik Kesihatan Bahau","Health & Wellbeing-Public Health Centre","No email detail. Please contact via other contact detail","Government primary care clinics under MOH offering outpatient care, maternal and child health, immunisations, basic screening and referrals to hospitals; fees are generally subsidised.","5","No URL","+606-454 1234","Klinik Kesihatan Bahau, 72100 Bahau, Jempol","Monday-Friday 08:00-17:00","Bahau Health Clinic","government, primary care, outpatient, maternal, child health, immunisation, screening, referral, subsidised, walk-in, appointment"
"554","Klinik Kesihatan Bandar Seri Jempol","Health & Wellbeing-Public Health Centre","No email detail. Please contact via other contact detail","Government primary care clinics under MOH offering outpatient care, maternal and child health, immunisations, basic screening and referrals to hospitals; fees are generally subsidised.","5","No URL","+606-458 1667","Klinik Kesihatan Bandar Seri Jempol, 72120 Bandar Seri Jempol, Jempol","Monday-Thursday 08:00-13:00 and 14:00-17:00; Friday 08:00-12:15 and 14:45-17:00","Bandar Seri Jempol Health Clinic","government, primary care, outpatient, maternal, child health, immunisation, screening, referral, subsidised, walk-in, appointment"
"555","Klinik Kesihatan Lui Muda","Health & Wellbeing-Public Health Centre","No email detail. Please contact via other contact detail","Government primary care clinics under MOH offering outpatient care, maternal and child health, immunisations, basic screening and referrals to hospitals; fees are generally subsidised.","5","No URL","+606-469 1003","Bandar Seri Jempol, 72120 Bandar Seri Jempol, Jempol","Monday-Friday 08:00-17:00","Lui Muda Health Clinic","government, primary care, outpatient, maternal, child health, immunisation, screening, referral, subsidised, walk-in, appointment"
"556","Klinik Kesihatan Serting Hilir","Health & Wellbeing-Public Health Centre","kkshjempol@gmail.com","Government primary care clinics under MOH offering outpatient care, maternal and child health, immunisations, basic screening and referrals to hospitals; fees are generally subsidised.","5","https://www.facebook.com/p/Klinik-Kesihatan-Serting-Hilir-61550757778453/","+606-468 3829","Bandar Seri Jempol, 72120 Bandar Seri Jempol, Jempol","Monday-Friday 08:00-17:00","Serting Hilir Health Clinic","government, primary care, outpatient, maternal, child health, immunisation, screening, referral, subsidised, walk-in, appointment"
"557","Klinik Kesihatan Palong 4,5,6","Health & Wellbeing-Public Health Centre","No email detail. Please contact via other contact detail","Government primary care clinics under MOH offering outpatient care, maternal and child health, immunisations, basic screening and referrals to hospitals; fees are generally subsidised.","5","https://www.instagram.com/explore/locations/248899395/klinik-kesihatan-felda-palong-456/","+606-466 6433","Klinik Kesihatan Palong 4,5,6, 73430 Gemas, Jempol","Monday-Friday 08:00-17:00","Palong 4,5,6 Health Clinic","government, primary care, outpatient, maternal, child health, immunisation, screening, referral, subsidised, walk-in, appointment"
"558","Klinik Kesihatan Palong 7 & 8 (Felda)","Health & Wellbeing-Public Health Centre","No email detail. Please contact via other contact detail","Government primary care clinics under MOH offering outpatient care, maternal and child health, immunisations, basic screening and referrals to hospitals; fees are generally subsidised.","5","No URL","+606-464 5549","Klinik Kesihatan Palong 7 & 8, 73430 Gemas, Jempol","Monday-Thursday 08:00-17:00; Friday 08:00-12:15 and 14:45-17:00","Palong 7 & 8 (Felda) Health Clinic","government, primary care, outpatient, maternal, child health, immunisation, screening, referral, subsidised, walk-in, appointment"
"559","Klinik Kesihatan Palong 9, 10 &","Health & Wellbeing-Public Health Centre","No email detail. Please contact via other contact detail","Government primary care clinics under MOH offering outpatient care, maternal and child health, immunisations, basic screening and referrals to hospitals; fees are generally subsidised.","5","No URL","+606-466 8419","JKR 861, Klinik Kesihatan Palong 9,10,11, 73430 Gemas, Jempol","Monday-Friday 08:00-17:00","Palong 9, 10 & Health Clinic","government, primary care, outpatient, maternal, child health, immunisation, screening, referral, subsidised, walk-in, appointment"
"560","Klinik Kesihatan Juasseh","Health & Wellbeing-Public Health Centre","No email detail. Please contact via other contact detail","Government primary care clinics under MOH offering outpatient care, maternal and child health, immunisations, basic screening and referrals to hospitals; fees are generally subsidised.","5","https://www.facebook.com/p/Klinik-Kesihatan-Juasseh-61568916729568/","+606-498 1581","Klinik Kesihatan Juasseh, 72500 Batu Kikir, Kuala Pilah","Monday-Friday 08:00-17:00","Juasseh Health Clinic","government, primary care, outpatient, maternal, child health, immunisation, screening, referral, subsidised, walk-in, appointment"
"561","Klinik Kesihatan Padang Lebar","Health & Wellbeing-Public Health Centre","No email detail. Please contact via other contact detail","Government primary care clinics under MOH offering outpatient care, maternal and child health, immunisations, basic screening and referrals to hospitals; fees are generally subsidised.","5","No URL","+606-498 2667","Klinik Kesihatan Padang Lebar, 72200 Batu Kikir, Kuala Pilah",,"Padang Lebar Health Clinic","government, primary care, outpatient, maternal, child health, immunisation, screening, referral, subsidised, walk-in, appointment"
"562","Klinik Kesihatan Johol","Health & Wellbeing-Public Health Centre","No email detail. Please contact via other contact detail","Government primary care clinics under MOH offering outpatient care, maternal and child health, immunisations, basic screening and referrals to hospitals; fees are generally subsidised.","5","No URL","+606-436 7239","Klinik Kesihatan Johol, 73100 Johol, Kuala Pilah",,"Johol Health Clinic","government, primary care, outpatient, maternal, child health, immunisation, screening, referral, subsidised, walk-in, appointment"
"563","Klinik Kesihatan Kuala Pilah","Health & Wellbeing-Public Health Centre","No email detail. Please contact via other contact detail","Government primary care clinics under MOH offering outpatient care, maternal and child health, immunisations, basic screening and referrals to hospitals; fees are generally subsidised.","5","No URL","+606-484 2844","Klinik Kesihatan Kuala Pilah, 72000 Kuala Pilah, Kuala Pilah",,"Kuala Pilah Health Clinic","government, primary care, outpatient, maternal, child health, immunisation, screening, referral, subsidised, walk-in, appointment"
"564","Klinik Kesihatan Senaling","Health & Wellbeing-Public Health Centre","No email detail. Please contact via other contact detail","Government primary care clinics under MOH offering outpatient care, maternal and child health, immunisations, basic screening and referrals to hospitals; fees are generally subsidised.","5","No URL","+606-481 4479","Klinik Kesihatan Senaling, 72000 Kuala Pilah, Kuala Pilah",,"Senaling Health Clinic","government, primary care, outpatient, maternal, child health, immunisation, screening, referral, subsidised, walk-in, appointment"
"565","Klinik Kesihatan Gunung Pasir","Health & Wellbeing-Public Health Centre","No email detail. Please contact via other contact detail","Government primary care clinics under MOH offering outpatient care, maternal and child health, immunisations, basic screening and referrals to hospitals; fees are generally subsidised.","5","No URL","+606-497 9245","Klinik Kesihatan Gunung Pasir, 71550 Sri Menanti, Kuala Pilah",,"Gunung Pasir Health Clinic","government, primary care, outpatient, maternal, child health, immunisation, screening, referral, subsidised, walk-in, appointment"
"566","Klinik Kesihatan Sri Menanti","Health & Wellbeing-Public Health Centre","No email detail. Please contact via other contact detail","Government primary care clinics under MOH offering outpatient care, maternal and child health, immunisations, basic screening and referrals to hospitals; fees are generally subsidised.","5","No URL","+606-497 9581","Sri Menanti, 71550 Sri Menanti, Kuala Pilah",,"Sri Menanti Health Clinic","government, primary care, outpatient, maternal, child health, immunisation, screening, referral, subsidised, walk-in, appointment"
"567","Klinik Kesihatan Terachi","Health & Wellbeing-Public Health Centre","No email detail. Please contact via other contact detail","Government primary care clinics under MOH offering outpatient care, maternal and child health, immunisations, basic screening and referrals to hospitals; fees are generally subsidised.","5","No URL","+606-488 7202","Terachi, 71550 Tanjong Ipoh, Kuala Pilah",,"Terachi Health Clinic","government, primary care, outpatient, maternal, child health, immunisation, screening, referral, subsidised, walk-in, appointment"
"568","Klinik Kesihatan Lukut","Health & Wellbeing-Public Health Centre","No email detail. Please contact via other contact detail","Government primary care clinics under MOH offering outpatient care, maternal and child health, immunisations, basic screening and referrals to hospitals; fees are generally subsidised.","5","No URL","+606-651 1951","KM 10, Jalan Seremban, 71010 Lukut, Port Dickson",,"Lukut Health Clinic","government, primary care, outpatient, maternal, child health, immunisation, screening, referral, subsidised, walk-in, appointment"
"569","Klinik Kesihatan Bukit Pelanduk","Health & Wellbeing-Public Health Centre","No email detail. Please contact via other contact detail","Government primary care clinics under MOH offering outpatient care, maternal and child health, immunisations, basic screening and referrals to hospitals; fees are generally subsidised.","5","No URL","+606-658 1964","Pejabat Kesihatan, KM 2, Jalan Seremban, 71960 Port Dickson, Port Dickson",,"Bukit Pelanduk Health Clinic","government, primary care, outpatient, maternal, child health, immunisation, screening, referral, subsidised, walk-in, appointment"
"570","Klinik Kesihatan Linggi","Health & Wellbeing-Public Health Centre","No email detail. Please contact via other contact detail","Government primary care clinics under MOH offering outpatient care, maternal and child health, immunisations, basic screening and referrals to hospitals; fees are generally subsidised.","5","No URL","+606-697 0213","KM 2, Jalan Seremban, 71150 Port Dickson, Port Dickson",,"Linggi Health Clinic","government, primary care, outpatient, maternal, child health, immunisation, screening, referral, subsidised, walk-in, appointment"
"571","Klinik Kesihatan Pasir Panjang","Health & Wellbeing-Public Health Centre","No email detail. Please contact via other contact detail","Government primary care clinics under MOH offering outpatient care, maternal and child health, immunisations, basic screening and referrals to hospitals; fees are generally subsidised.","5","No URL","+606-661 9346","Pejabat Kesihatan, KM 2, Jalan Seremban, 71250 Port Dickson, Port Dickson",,"Pasir Panjang Health Clinic","government, primary care, outpatient, maternal, child health, immunisation, screening, referral, subsidised, walk-in, appointment"
"572","Klinik Kesihatan Port Dickson","Health & Wellbeing-Public Health Centre","No email detail. Please contact via other contact detail","Government primary care clinics under MOH offering outpatient care, maternal and child health, immunisations, basic screening and referrals to hospitals; fees are generally subsidised.","5","No URL","+606-647 3333","KM 1, Jalan Seremban, 71000 Port Dickson, Port Dickson",,"Port Dickson Health Clinic","government, primary care, outpatient, maternal, child health, immunisation, screening, referral, subsidised, walk-in, appointment"
"573","Klinik Kesihatan Astana Raja","Health & Wellbeing-Public Health Centre","No email detail. Please contact via other contact detail","Government primary care clinics under MOH offering outpatient care, maternal and child health, immunisations, basic screening and referrals to hospitals; fees are generally subsidised.","5","No URL","+606-438 2401","JKR 401, Lot 1428 & 1429, Mukim Legong Hilir, 71350 Kota, Rembau",,"Astana Raja Health Clinic","government, primary care, outpatient, maternal, child health, immunisation, screening, referral, subsidised, walk-in, appointment"
"574","Klinik Kesihatan Kota","Health & Wellbeing-Public Health Centre","No email detail. Please contact via other contact detail","Government primary care clinics under MOH offering outpatient care, maternal and child health, immunisations, basic screening and referrals to hospitals; fees are generally subsidised.","5","No URL","+606-438 2251","JKR 108, Lot 2157, Mukim Pekan Kota, 71350 Rembau, Rembau",,"Kota Health Clinic","government, primary care, outpatient, maternal, child health, immunisation, screening, referral, subsidised, walk-in, appointment"
"575","Klinik Kesihatan Pedas","Health & Wellbeing-Public Health Centre","No email detail. Please contact via other contact detail","Government primary care clinics under MOH offering outpatient care, maternal and child health, immunisations, basic screening and referrals to hospitals; fees are generally subsidised.","5","No URL","+606-685 1306","JKR 437, Lot 4056, Pekan Pedas, 71400 Rembau, Rembau",,"Pedas Health Clinic","government, primary care, outpatient, maternal, child health, immunisation, screening, referral, subsidised, walk-in, appointment"
"576","Klinik Kesihatan Rembau","Health & Wellbeing-Public Health Centre","No email detail. Please contact via other contact detail","Government primary care clinics under MOH offering outpatient care, maternal and child health, immunisations, basic screening and referrals to hospitals; fees are generally subsidised.","5","No URL","+606-685 2010","JKR 493, Lot 93, Jalan Batu Hampar, Mukim Bandar Rembau, 71300 Rembau, Rembau",,"Rembau Health Clinic","government, primary care, outpatient, maternal, child health, immunisation, screening, referral, subsidised, walk-in, appointment"
"577","Klinik Kesihatan Lenggeng","Health & Wellbeing-Public Health Centre","No email detail. Please contact via other contact detail","Government primary care clinics under MOH offering outpatient care, maternal and child health, immunisations, basic screening and referrals to hospitals; fees are generally subsidised.","5","No URL","+603-8766 7499","Lenggeng, 71750 Lenggeng, Seremban",,"Lenggeng Health Clinic","government, primary care, outpatient, maternal, child health, immunisation, screening, referral, subsidised, walk-in, appointment"
"578","Klinik Kesihatan Mantin","Health & Wellbeing-Public Health Centre","No email detail. Please contact via other contact detail","Government primary care clinics under MOH offering outpatient care, maternal and child health, immunisations, basic screening and referrals to hospitals; fees are generally subsidised.","5","No URL","+606-758 1242","Jalan Besar Mantin, 71700 Mantin, Seremban",,"Mantin Health Clinic","government, primary care, outpatient, maternal, child health, immunisation, screening, referral, subsidised, walk-in, appointment"
"579","Klinik Kesihatan Klia","Health & Wellbeing-Public Health Centre","No email detail. Please contact via other contact detail","Government primary care clinics under MOH offering outpatient care, maternal and child health, immunisations, basic screening and referrals to hospitals; fees are generally subsidised.","5","No URL","+606-791 3352","Jijan, 71800 Nilai, Seremban",,"Klia Health Clinic","government, primary care, outpatient, maternal, child health, immunisation, screening, referral, subsidised, walk-in, appointment"
"580","Klinik Kesihatan Nilai","Health & Wellbeing-Public Health Centre","No email detail. Please contact via other contact detail","Government primary care clinics under MOH offering outpatient care, maternal and child health, immunisations, basic screening and referrals to hospitals; fees are generally subsidised.","5","No URL","+606-799 1282","Nilai Square, 71800 Nilai, Seremban",,"Nilai Health Clinic","government, primary care, outpatient, maternal, child health, immunisation, screening, referral, subsidised, walk-in, appointment"
"581","Klinik Kesihatan Rantau","Health & Wellbeing-Public Health Centre","No email detail. Please contact via other contact detail","Government primary care clinics under MOH offering outpatient care, maternal and child health, immunisations, basic screening and referrals to hospitals; fees are generally subsidised.","5","No URL","+606-694 1274","Jalan Besar Rantau, 71200 Rantau, Seremban",,"Rantau Health Clinic","government, primary care, outpatient, maternal, child health, immunisation, screening, referral, subsidised, walk-in, appointment"
"582","Klinik Kesihatan Sendayan","Health & Wellbeing-Public Health Centre","No email detail. Please contact via other contact detail","Government primary care clinics under MOH offering outpatient care, maternal and child health, immunisations, basic screening and referrals to hospitals; fees are generally subsidised.","5","No URL","+606-792 2073","Felda Sendayan, 71950 Sendayan, Seremban",,"Sendayan Health Clinic","government, primary care, outpatient, maternal, child health, immunisation, screening, referral, subsidised, walk-in, appointment"
"583","Klinik Kesihatan Ampangan","Health & Wellbeing-Public Health Centre","No email detail. Please contact via other contact detail","Government primary care clinics under MOH offering outpatient care, maternal and child health, immunisations, basic screening and referrals to hospitals; fees are generally subsidised.","5","No URL","+606-678 8986","KM 4, Jalan Seremban-Kuala Pilah, 70400 Seremban, Seremban",,"Ampangan Health Clinic","government, primary care, outpatient, maternal, child health, immunisation, screening, referral, subsidised, walk-in, appointment"
"584","Klinik Kesihatan Desa Rhu","Health & Wellbeing-Public Health Centre","No email detail. Please contact via other contact detail","Government primary care clinics under MOH offering outpatient care, maternal and child health, immunisations, basic screening and referrals to hospitals; fees are generally subsidised.","5","No URL","+606-764 5561","Desa Rhu, 70400 Seremban, Seremban",,"Desa Rhu Health Clinic","government, primary care, outpatient, maternal, child health, immunisation, screening, referral, subsidised, walk-in, appointment"
"585","Klinik Kesihatan Senawang","Health & Wellbeing-Public Health Centre","No email detail. Please contact via other contact detail","Government primary care clinics under MOH offering outpatient care, maternal and child health, immunisations, basic screening and referrals to hospitals; fees are generally subsidised.","5","No URL","+606-676 6000","Persiaran Senawang 2, 70450 Seremban, Seremban",,"Senawang Health Clinic","government, primary care, outpatient, maternal, child health, immunisation, screening, referral, subsidised, walk-in, appointment"
"586","Klinik Kesihatan Seremban","Health & Wellbeing-Public Health Centre","No email detail. Please contact via other contact detail","Government primary care clinics under MOH offering outpatient care, maternal and child health, immunisations, basic screening and referrals to hospitals; fees are generally subsidised.","5","No URL","+606-767 9667","Jalan Rasah, 70300 Seremban, Seremban",,"Seremban Health Clinic","government, primary care, outpatient, maternal, child health, immunisation, screening, referral, subsidised, walk-in, appointment"
"587","Klinik Kesihatan Gemas","Health & Wellbeing-Public Health Centre","No email detail. Please contact via other contact detail","Government primary care clinics under MOH offering outpatient care, maternal and child health, immunisations, basic screening and referrals to hospitals; fees are generally subsidised.","5","No URL","+607-948 2352","Gemas, 73400 Gemas, Tampin",,"Gemas Health Clinic","government, primary care, outpatient, maternal, child health, immunisation, screening, referral, subsidised, walk-in, appointment"
"588","Klinik Kesihatan Jelai","Health & Wellbeing-Public Health Centre","No email detail. Please contact via other contact detail","Government primary care clinics under MOH offering outpatient care, maternal and child health, immunisations, basic screening and referrals to hospitals; fees are generally subsidised.","5","No URL","+606-434 7488","Jelai, 73480 Gemas, Tampin",,"Jelai Health Clinic","government, primary care, outpatient, maternal, child health, immunisation, screening, referral, subsidised, walk-in, appointment"
"589","Klinik Kesihatan Air Kuning","Health & Wellbeing-Public Health Centre","No email detail. Please contact via other contact detail","Government primary care clinics under MOH offering outpatient care, maternal and child health, immunisations, basic screening and referrals to hospitals; fees are generally subsidised.","5","No URL","+606-447 8730","Air Kuning, 73200 Gemenceh, Tampin",,"Air Kuning Health Clinic","government, primary care, outpatient, maternal, child health, immunisation, screening, referral, subsidised, walk-in, appointment"
"590","Klinik Kesihatan Bukit Rokan Utara","Health & Wellbeing-Public Health Centre","No email detail. Please contact via other contact detail","Government primary care clinics under MOH offering outpatient care, maternal and child health, immunisations, basic screening and referrals to hospitals; fees are generally subsidised.","5","No URL","+606-451 2600","Bukit Rokan Utara, 73200 Gemencheh, Tampin",,"Bukit Rokan Utara Health Clinic","government, primary care, outpatient, maternal, child health, immunisation, screening, referral, subsidised, walk-in, appointment"
"591","Klinik Kesihatan Gemenceh","Health & Wellbeing-Public Health Centre","No email detail. Please contact via other contact detail","Government primary care clinics under MOH offering outpatient care, maternal and child health, immunisations, basic screening and referrals to hospitals; fees are generally subsidised.","5","No URL","+606-431 8304","Gemenchih, 73200 Gemencheh, Tampin",,"Gemenceh Health Clinic","government, primary care, outpatient, maternal, child health, immunisation, screening, referral, subsidised, walk-in, appointment"
"592","Klinik Kesihatan Tampin (Jpl)","Health & Wellbeing-Public Health Centre","No email detail. Please contact via other contact detail","Government primary care clinics under MOH offering outpatient care, maternal and child health, immunisations, basic screening and referrals to hospitals; fees are generally subsidised.","5","No URL","+606-443 1806","Tampin, 73009 Tampin, Tampin",,"Tampin (Jpl) Health Clinic","government, primary care, outpatient, maternal, child health, immunisation, screening, referral, subsidised, walk-in, appointment"
"593","Klinik Kesihatan Bentong","Health & Wellbeing-Public Health Centre","No email detail. Please contact via other contact detail","Government primary care clinics under MOH offering outpatient care, maternal and child health, immunisations, basic screening and referrals to hospitals; fees are generally subsidised.","6","No URL","+609-222 0134","Batu Satu Jalan Tras, 28700 Bentong, Bentong","Monday-Thursday 08:00-13:00 and 14:00-17:00; Friday 08:00-12:15 and 14:45-17:00","Bentong Health Clinic","government, primary care, outpatient, maternal, child health, immunisation, screening, referral, subsidised, walk-in, appointment"
"594","Klinik Kesihatan Lurah Bilut (Felda)","Health & Wellbeing-Public Health Centre","No email detail. Please contact via other contact detail","Government primary care clinics under MOH offering outpatient care, maternal and child health, immunisations, basic screening and referrals to hospitals; fees are generally subsidised.","6","No URL","+609-237 7333","Lurah Bilut, 28800 Bentong, Bentong","Monday-Friday 08:00-17:00","Lurah Bilut (Felda) Health Clinic","government, primary care, outpatient, maternal, child health, immunisation, screening, referral, subsidised, walk-in, appointment"
"595","Klinik Kesihatan Simpang Pelangai","Health & Wellbeing-Public Health Centre","No email detail. Please contact via other contact detail","Government primary care clinics under MOH offering outpatient care, maternal and child health, immunisations, basic screening and referrals to hospitals; fees are generally subsidised.","6","No URL","+609-248 0755","Simpang Pelangai, 28740 Bentong, Bentong","Monday-Friday 08:00-17:00","Simpang Pelangai Health Clinic","government, primary care, outpatient, maternal, child health, immunisation, screening, referral, subsidised, walk-in, appointment"
"596","Klinik Kesihatan Karak","Health & Wellbeing-Public Health Centre","No email detail. Please contact via other contact detail","Government primary care clinics under MOH offering outpatient care, maternal and child health, immunisations, basic screening and referrals to hospitals; fees are generally subsidised.","6","No URL","+609-231 1245","Jalan Besar, 28600 Karak, Bentong","Monday-Friday 08:00-17:00","Karak Health Clinic","government, primary care, outpatient, maternal, child health, immunisation, screening, referral, subsidised, walk-in, appointment"
"597","Klinik Kesihatan Mempaga","Health & Wellbeing-Public Health Centre","No email detail. Please contact via other contact detail","Government primary care clinics under MOH offering outpatient care, maternal and child health, immunisations, basic screening and referrals to hospitals; fees are generally subsidised.","6","No URL","+609-237 7954","Felda Mempaga, 28600 Karak, Bentong","Monday-Thursday 08:00-17:00; Friday 08:00-12:15 and 14:45-17:00","Mempaga Health Clinic","government, primary care, outpatient, maternal, child health, immunisation, screening, referral, subsidised, walk-in, appointment"
"598","Klinik Kesihatan Telemong","Health & Wellbeing-Public Health Centre","No email detail. Please contact via other contact detail","Government primary care clinics under MOH offering outpatient care, maternal and child health, immunisations, basic screening and referrals to hospitals; fees are generally subsidised.","6","https://www.facebook.com/p/Klinik-Kesihatan-Kuala-Telemong-100054702583061/","+609-239 9972","Telemong, 28620 Karak, Bentong","Monday-Friday 08:00-17:00","Telemong Health Clinic","government, primary care, outpatient, maternal, child health, immunisation, screening, referral, subsidised, walk-in, appointment"
"599","Klinik Kesihatan Chemomoi","Health & Wellbeing-Public Health Centre","No email detail. Please contact via other contact detail","Government primary care clinics under MOH offering outpatient care, maternal and child health, immunisations, basic screening and referrals to hospitals; fees are generally subsidised.","6","No URL","+609-245 0926","Felda Chemomoi, 28310 Triang, Bentong","Monday-Friday 08:00-17:00","Chemomoi Health Clinic","government, primary care, outpatient, maternal, child health, immunisation, screening, referral, subsidised, walk-in, appointment"
"600","Klinik Kesihatan Padang Luas","Health & Wellbeing-Public Health Centre","No email detail. Please contact via other contact detail","Government primary care clinics under MOH offering outpatient care, maternal and child health, immunisations, basic screening and referrals to hospitals; fees are generally subsidised.","6","No URL","+609-240 9715","Padang Luas, 28200 Bera, Bera","Monday-Thursday 08:00-13:00 and 14:00-17:00; Friday 08:00-12:15 and 14:45-17:00","Padang Luas Health Clinic","government, primary care, outpatient, maternal, child health, immunisation, screening, referral, subsidised, walk-in, appointment"
"601","Klinik Kesihatan Purun","Health & Wellbeing-Public Health Centre","No email detail. Please contact via other contact detail","Government primary care clinics under MOH offering outpatient care, maternal and child health, immunisations, basic screening and referrals to hospitals; fees are generally subsidised.","6","No URL","+609-248 1585","Purun, 28200 Bera, Bera","Monday-Friday 08:00-17:00","Purun Health Clinic","government, primary care, outpatient, maternal, child health, immunisation, screening, referral, subsidised, walk-in, appointment"
"602","Klinik Kesihatan Bandar Bera","Health & Wellbeing-Public Health Centre","No email detail. Please contact via other contact detail","Government primary care clinics under MOH offering outpatient care, maternal and child health, immunisations, basic screening and referrals to hospitals; fees are generally subsidised.","6","No URL","+609-246 1988","Bandar Bera 32, 28300 Triang, Bera","Monday-Thursday 08:00-13:00 and 14:00-17:00; Friday 08:00-12:15 and 14:45-17:00","Bandar Bera Health Clinic","government, primary care, outpatient, maternal, child health, immunisation, screening, referral, subsidised, walk-in, appointment"
"603","Klinik Kesihatan Bukit Mendi","Health & Wellbeing-Public Health Centre","No email detail. Please contact via other contact detail","Government primary care clinics under MOH offering outpatient care, maternal and child health, immunisations, basic screening and referrals to hospitals; fees are generally subsidised.","6","No URL","+609-245 0161","Bukit Mendi, 28320 Triang, Bera","Monday-Thursday 08:00-13:00 and 14:00-17:00; Friday 08:00-12:15 and 14:45-17:00","Bukit Mendi Health Clinic","government, primary care, outpatient, maternal, child health, immunisation, screening, referral, subsidised, walk-in, appointment"
"604","Klinik Kesihatan Kemayan","Health & Wellbeing-Public Health Centre","No email detail. Please contact via other contact detail","Government primary care clinics under MOH offering outpatient care, maternal and child health, immunisations, basic screening and referrals to hospitals; fees are generally subsidised.","6","No URL","+609-240 9715","Kemayan, 28320 Triang, Bera","Monday-Thursday 08:00-13:00 and 14:00-17:00; Friday 08:00-12:15 and 14:45-17:00","Kemayan Health Clinic","government, primary care, outpatient, maternal, child health, immunisation, screening, referral, subsidised, walk-in, appointment"
"605","Klinik Kesihatan Tembangau","Health & Wellbeing-Public Health Centre","No email detail. Please contact via other contact detail","Government primary care clinics under MOH offering outpatient care, maternal and child health, immunisations, basic screening and referrals to hospitals; fees are generally subsidised.","6","No URL","+606-468 5730","Tembangau, 28380 Triang, Bera",,"Tembangau Health Clinic","government, primary care, outpatient, maternal, child health, immunisation, screening, referral, subsidised, walk-in, appointment"
"606","Klinik Kesihatan Triang","Health & Wellbeing-Public Health Centre","No email detail. Please contact via other contact detail","Government primary care clinics under MOH offering outpatient care, maternal and child health, immunisations, basic screening and referrals to hospitals; fees are generally subsidised.","6","No URL","+609-255 5333","Triang, 28300 Triang, Bera",,"Triang Health Clinic","government, primary care, outpatient, maternal, child health, immunisation, screening, referral, subsidised, walk-in, appointment"
"607","Klinik Kesihatan Kampung Raja","Health & Wellbeing-Public Health Centre","No email detail. Please contact via other contact detail","Government primary care clinics under MOH offering outpatient care, maternal and child health, immunisations, basic screening and referrals to hospitals; fees are generally subsidised.","6","No URL","+605-498 2372","Kampung Raja, 39010 Cameron Highlands, Cameron Highlands",,"Kampung Raja Health Clinic","government, primary care, outpatient, maternal, child health, immunisation, screening, referral, subsidised, walk-in, appointment"
"608","Klinik Kesihatan Tanah Rata","Health & Wellbeing-Public Health Centre","No email detail. Please contact via other contact detail","Government primary care clinics under MOH offering outpatient care, maternal and child health, immunisations, basic screening and referrals to hospitals; fees are generally subsidised.","6","No URL","+605-491 1257","Tanah Rata, 39000 Tanah Rata, Cameron Highlands",,"Tanah Rata Health Clinic","government, primary care, outpatient, maternal, child health, immunisation, screening, referral, subsidised, walk-in, appointment"
"609","Klinik Kesihatan Kampung Bantal","Health & Wellbeing-Public Health Centre","No email detail. Please contact via other contact detail","Government primary care clinics under MOH offering outpatient care, maternal and child health, immunisations, basic screening and referrals to hospitals; fees are generally subsidised.","6","No URL","+609-266 1905","Kampung Bantal, 27020 Hulu Tembeling, Jerantut",,"Kampung Bantal Health Clinic","government, primary care, outpatient, maternal, child health, immunisation, screening, referral, subsidised, walk-in, appointment"
"610","Klinik Kesihatan Lepar Utara","Health & Wellbeing-Public Health Centre","No email detail. Please contact via other contact detail","Government primary care clinics under MOH offering outpatient care, maternal and child health, immunisations, basic screening and referrals to hospitals; fees are generally subsidised.","6","No URL","+609-474 1523","Lepar Utara 4, 26400 Jengka, Jerantut",,"Lepar Utara Health Clinic","government, primary care, outpatient, maternal, child health, immunisation, screening, referral, subsidised, walk-in, appointment"
"611","Klinik Kesihatan Damak","Health & Wellbeing-Public Health Centre","No email detail. Please contact via other contact detail","Government primary care clinics under MOH offering outpatient care, maternal and child health, immunisations, basic screening and referrals to hospitals; fees are generally subsidised.","6","No URL","+609-268 1488","Damak, 27300 Jerantut, Jerantut",,"Damak Health Clinic","government, primary care, outpatient, maternal, child health, immunisation, screening, referral, subsidised, walk-in, appointment"
"612","Klinik Kesihatan Jengka","Health & Wellbeing-Public Health Centre","No email detail. Please contact via other contact detail","Government primary care clinics under MOH offering outpatient care, maternal and child health, immunisations, basic screening and referrals to hospitals; fees are generally subsidised.","6","No URL","+609-208 1555","Felda Jengka 8, 26400 Jerantut, Jerantut",,"Jengka Health Clinic","government, primary care, outpatient, maternal, child health, immunisation, screening, referral, subsidised, walk-in, appointment"
"613","Klinik Kesihatan Kuala Tahan","Health & Wellbeing-Public Health Centre","No email detail. Please contact via other contact detail","Government primary care clinics under MOH offering outpatient care, maternal and child health, immunisations, basic screening and referrals to hospitals; fees are generally subsidised.","6","No URL","+609-266 7468","Kuala Tahan, 27020 Jerantut, Jerantut",,"Kuala Tahan Health Clinic","government, primary care, outpatient, maternal, child health, immunisation, screening, referral, subsidised, walk-in, appointment"
"614","Klinik Kesihatan Kuala Tembeling","Health & Wellbeing-Public Health Centre","No email detail. Please contact via other contact detail","Government primary care clinics under MOH offering outpatient care, maternal and child health, immunisations, basic screening and referrals to hospitals; fees are generally subsidised.","6","No URL","+609-308 6033","Kuala Tembeling, 27020 Jerantut, Jerantut",,"Kuala Tembeling Health Clinic","government, primary care, outpatient, maternal, child health, immunisation, screening, referral, subsidised, walk-in, appointment"
"615","Klinik Kesihatan Padang Piol","Health & Wellbeing-Public Health Centre","No email detail. Please contact via other contact detail","Government primary care clinics under MOH offering outpatient care, maternal and child health, immunisations, basic screening and referrals to hospitals; fees are generally subsidised.","6","No URL","+609-266 8448","Padang Piol, 27040 Jerantut, Jerantut",,"Padang Piol Health Clinic","government, primary care, outpatient, maternal, child health, immunisation, screening, referral, subsidised, walk-in, appointment"
"616","Klinik Kesihatan Sungai Tekam Utara","Health & Wellbeing-Public Health Centre","No email detail. Please contact via other contact detail","Government primary care clinics under MOH offering outpatient care, maternal and child health, immunisations, basic screening and referrals to hospitals; fees are generally subsidised.","6","No URL","+609-481 1526","Kampung Sungai Tekam Utara, 27060 Jerantut, Jerantut",,"Sungai Tekam Utara Health Clinic","government, primary care, outpatient, maternal, child health, immunisation, screening, referral, subsidised, walk-in, appointment"
"617","Klinik Kesihatan Sungai Lekok","Health & Wellbeing-Public Health Centre","No email detail. Please contact via other contact detail","Government primary care clinics under MOH offering outpatient care, maternal and child health, immunisations, basic screening and referrals to hospitals; fees are generally subsidised.","6","No URL","+609-266 7608","Kampung Sungai Lekok, 27000 Lekok, Jerantut",,"Sungai Lekok Health Clinic","government, primary care, outpatient, maternal, child health, immunisation, screening, referral, subsidised, walk-in, appointment"
"618","Klinik Kesihatan Indera Mahkota","Health & Wellbeing-Public Health Centre","No email detail. Please contact via other contact detail","Government primary care clinics under MOH offering outpatient care, maternal and child health, immunisations, basic screening and referrals to hospitals; fees are generally subsidised.","6","No URL","+609-573 6572","Jln A IM 4, 25582 Indera Mahkota, Kuantan",,"Indera Mahkota Health Clinic","government, primary care, outpatient, maternal, child health, immunisation, screening, referral, subsidised, walk-in, appointment"
"619","Klinik Kesihatan Balok","Health & Wellbeing-Public Health Centre","No email detail. Please contact via other contact detail","Government primary care clinics under MOH offering outpatient care, maternal and child health, immunisations, basic screening and referrals to hospitals; fees are generally subsidised.","6","No URL","+609-583 4533","Balok, 26100 Kuantan, Kuantan",,"Balok Health Clinic","government, primary care, outpatient, maternal, child health, immunisation, screening, referral, subsidised, walk-in, appointment"
"620","Klinik Kesihatan Bandar Kuantan","Health & Wellbeing-Public Health Centre","No email detail. Please contact via other contact detail","Government primary care clinics under MOH offering outpatient care, maternal and child health, immunisations, basic screening and referrals to hospitals; fees are generally subsidised.","6","No URL","+609-513 2055","Jalan Lim Hoe Lek, 25200 Kuantan, Kuantan",,"Bandar Kuantan Health Clinic","government, primary care, outpatient, maternal, child health, immunisation, screening, referral, subsidised, walk-in, appointment"
"621","Klinik Kesihatan Beserah","Health & Wellbeing-Public Health Centre","No email detail. Please contact via other contact detail","Government primary care clinics under MOH offering outpatient care, maternal and child health, immunisations, basic screening and referrals to hospitals; fees are generally subsidised.","6","No URL","+609-544 5633","Berserah, 26100 Kuantan, Kuantan",,"Beserah Health Clinic","government, primary care, outpatient, maternal, child health, immunisation, screening, referral, subsidised, walk-in, appointment"
"622","Klinik Kesihatan Bukit Goh (Felda)","Health & Wellbeing-Public Health Centre","No email detail. Please contact via other contact detail","Government primary care clinics under MOH offering outpatient care, maternal and child health, immunisations, basic screening and referrals to hospitals; fees are generally subsidised.","6","No URL","+609-547 8355","Bukit Goh, 26050 Kuantan, Kuantan",,"Bukit Goh (Felda) Health Clinic","government, primary care, outpatient, maternal, child health, immunisation, screening, referral, subsidised, walk-in, appointment"
"623","Klinik Kesihatan Gambang","Health & Wellbeing-Public Health Centre","No email detail. Please contact via other contact detail","Government primary care clinics under MOH offering outpatient care, maternal and child health, immunisations, basic screening and referrals to hospitals; fees are generally subsidised.","6","No URL","+609-548 4611","Gambang, 26300 Kuantan, Kuantan",,"Gambang Health Clinic","government, primary care, outpatient, maternal, child health, immunisation, screening, referral, subsidised, walk-in, appointment"
"624","Klinik Kesihatan Jaya Gading","Health & Wellbeing-Public Health Centre","No email detail. Please contact via other contact detail","Government primary care clinics under MOH offering outpatient care, maternal and child health, immunisations, basic screening and referrals to hospitals; fees are generally subsidised.","6","No URL","+609-538 4252","Jaya Gading, 26070 Kuantan, Kuantan",,"Jaya Gading Health Clinic","government, primary care, outpatient, maternal, child health, immunisation, screening, referral, subsidised, walk-in, appointment"
"625","Klinik Kesihatan Kurnia","Health & Wellbeing-Public Health Centre","No email detail. Please contact via other contact detail","Government primary care clinics under MOH offering outpatient care, maternal and child health, immunisations, basic screening and referrals to hospitals; fees are generally subsidised.","6","No URL","+609-536 1333","Batu 3, Jalan Gambang, 25150 Kuantan, Kuantan",,"Kurnia Health Clinic","government, primary care, outpatient, maternal, child health, immunisation, screening, referral, subsidised, walk-in, appointment"
"626","Klinik Kesihatan Paya Besar","Health & Wellbeing-Public Health Centre","No email detail. Please contact via other contact detail","Government primary care clinics under MOH offering outpatient care, maternal and child health, immunisations, basic screening and referrals to hospitals; fees are generally subsidised.","6","No URL","+609-539 5436","Jalan Pintasan Kuantan-Gambang, Paya Besar, 25100 Kuantan, Kuantan",,"Paya Besar Health Clinic","government, primary care, outpatient, maternal, child health, immunisation, screening, referral, subsidised, walk-in, appointment"
"627","Klinik Kesihatan Permatang Badak","Health & Wellbeing-Public Health Centre","No email detail. Please contact via other contact detail","Government primary care clinics under MOH offering outpatient care, maternal and child health, immunisations, basic screening and referrals to hospitals; fees are generally subsidised.","6","No URL","+609-536 4626","Permatang Badak, 25150 Kuantan, Kuantan",,"Permatang Badak Health Clinic","government, primary care, outpatient, maternal, child health, immunisation, screening, referral, subsidised, walk-in, appointment"
"628","Klinik Kesihatan Sungai Lembing","Health & Wellbeing-Public Health Centre","No email detail. Please contact via other contact detail","Government primary care clinics under MOH offering outpatient care, maternal and child health, immunisations, basic screening and referrals to hospitals; fees are generally subsidised.","6","No URL","+609-541 1598","Kampung Sungai Lembing, 26070 Kuantan, Kuantan",,"Sungai Lembing Health Clinic","government, primary care, outpatient, maternal, child health, immunisation, screening, referral, subsidised, walk-in, appointment"
"629","Klinik Kesihatan Benta","Health & Wellbeing-Public Health Centre","No email detail. Please contact via other contact detail","Government primary care clinics under MOH offering outpatient care, maternal and child health, immunisations, basic screening and referrals to hospitals; fees are generally subsidised.","6","No URL","+609-323 9211","Benta, 27310 Benta, Lipis",,"Benta Health Clinic","government, primary care, outpatient, maternal, child health, immunisation, screening, referral, subsidised, walk-in, appointment"
"630","Klinik Kesihatan Jerkoh","Health & Wellbeing-Public Health Centre","No email detail. Please contact via other contact detail","Government primary care clinics under MOH offering outpatient care, maternal and child health, immunisations, basic screening and referrals to hospitals; fees are generally subsidised.","6","No URL","+609-323 9440","Jerkoh, 27300 Benta, Lipis",,"Jerkoh Health Clinic","government, primary care, outpatient, maternal, child health, immunisation, screening, referral, subsidised, walk-in, appointment"
"631","Klinik Kesihatan Mela","Health & Wellbeing-Public Health Centre","No email detail. Please contact via other contact detail","Government primary care clinics under MOH offering outpatient care, maternal and child health, immunisations, basic screening and referrals to hospitals; fees are generally subsidised.","6","No URL","+609-312 9424","Mela, 27200 Kuala Lipis, Lipis",,"Mela Health Clinic","government, primary care, outpatient, maternal, child health, immunisation, screening, referral, subsidised, walk-in, appointment"
"632","Klinik Kesihatan Merapoh","Health & Wellbeing-Public Health Centre","No email detail. Please contact via other contact detail","Government primary care clinics under MOH offering outpatient care, maternal and child health, immunisations, basic screening and referrals to hospitals; fees are generally subsidised.","6","No URL","+609-912 2377","Merapoh, 27210 Kuala Lipis, Lipis",,"Merapoh Health Clinic","government, primary care, outpatient, maternal, child health, immunisation, screening, referral, subsidised, walk-in, appointment"
"633","Klinik Kesihatan Pos Betau","Health & Wellbeing-Public Health Centre","No email detail. Please contact via other contact detail","Government primary care clinics under MOH offering outpatient care, maternal and child health, immunisations, basic screening and referrals to hospitals; fees are generally subsidised.","6","No URL","+6012-986 9205","Kampung Pos Betau, 27200 Kuala Lipis, Lipis",,"Pos Betau Health Clinic","government, primary care, outpatient, maternal, child health, immunisation, screening, referral, subsidised, walk-in, appointment"
"634","Klinik Kesihatan Bukit Betong","Health & Wellbeing-Public Health Centre","No email detail. Please contact via other contact detail","Government primary care clinics under MOH offering outpatient care, maternal and child health, immunisations, basic screening and referrals to hospitals; fees are generally subsidised.","6","No URL","+609-329 1212","Bukit Betong, 27200 Lipis, Lipis",,"Bukit Betong Health Clinic","government, primary care, outpatient, maternal, child health, immunisation, screening, referral, subsidised, walk-in, appointment"
"635","Klinik Kesihatan Padang Tengku","Health & Wellbeing-Public Health Centre","No email detail. Please contact via other contact detail","Government primary care clinics under MOH offering outpatient care, maternal and child health, immunisations, basic screening and referrals to hospitals; fees are generally subsidised.","6","No URL","+609-329 1533","Padang Tengku, 27100 Lipis, Lipis",,"Padang Tengku Health Clinic","government, primary care, outpatient, maternal, child health, immunisation, screening, referral, subsidised, walk-in, appointment"
"636","Klinik Kesihatan Sungai Koyan","Health & Wellbeing-Public Health Centre","No email detail. Please contact via other contact detail","Government primary care clinics under MOH offering outpatient care, maternal and child health, immunisations, basic screening and referrals to hospitals; fees are generally subsidised.","6","No URL","+609-340 1533","Kampung Sungai Koyan, 27200 Lipis, Lipis",,"Sungai Koyan Health Clinic","government, primary care, outpatient, maternal, child health, immunisation, screening, referral, subsidised, walk-in, appointment"
"637","Klinik Kesihatan Bandar Jengka","Health & Wellbeing-Public Health Centre","No email detail. Please contact via other contact detail","Government primary care clinics under MOH offering outpatient care, maternal and child health, immunisations, basic screening and referrals to hospitals; fees are generally subsidised.","6","No URL","+609-467 7198","Bandar Jengka, 26400 Maran, Maran",,"Bandar Jengka Health Clinic","government, primary care, outpatient, maternal, child health, immunisation, screening, referral, subsidised, walk-in, appointment"
"638","Klinik Kesihatan Chenor","Health & Wellbeing-Public Health Centre","No email detail. Please contact via other contact detail","Government primary care clinics under MOH offering outpatient care, maternal and child health, immunisations, basic screening and referrals to hospitals; fees are generally subsidised.","6","No URL","+609-299 5391","Chenor, 28100 Maran, Maran",,"Chenor Health Clinic","government, primary care, outpatient, maternal, child health, immunisation, screening, referral, subsidised, walk-in, appointment"
"639","Klinik Kesihatan Maran","Health & Wellbeing-Public Health Centre","No email detail. Please contact via other contact detail","Government primary care clinics under MOH offering outpatient care, maternal and child health, immunisations, basic screening and referrals to hospitals; fees are generally subsidised.","6","No URL","+609-477 1333","Maran, 26500 Maran, Maran",,"Maran Health Clinic","government, primary care, outpatient, maternal, child health, immunisation, screening, referral, subsidised, walk-in, appointment"
"640","Klinik Kesihatan Pekan Awah","Health & Wellbeing-Public Health Centre","No email detail. Please contact via other contact detail","Government primary care clinics under MOH offering outpatient care, maternal and child health, immunisations, basic screening and referrals to hospitals; fees are generally subsidised.","6","No URL","+609-298 6333","Pekan Awah, 28000 Maran, Maran",,"Pekan Awah Health Clinic","government, primary care, outpatient, maternal, child health, immunisation, screening, referral, subsidised, walk-in, appointment"
"641","Klinik Kesihatan Pekan Tajau","Health & Wellbeing-Public Health Centre","No email detail. Please contact via other contact detail","Government primary care clinics under MOH offering outpatient care, maternal and child health, immunisations, basic screening and referrals to hospitals; fees are generally subsidised.","6","No URL","+609-477 4782","Pekan Tajau, 28000 Maran, Maran",,"Pekan Tajau Health Clinic","government, primary care, outpatient, maternal, child health, immunisation, screening, referral, subsidised, walk-in, appointment"
"642","Klinik Kesihatan Bandar Pekan","Health & Wellbeing-Public Health Centre","No email detail. Please contact via other contact detail","Government primary care clinics under MOH offering outpatient care, maternal and child health, immunisations, basic screening and referrals to hospitals; fees are generally subsidised.","6","No URL","+609-422 7291","Bandar Pekan, 26600 Pekan, Pekan",,"Bandar Pekan Health Clinic","government, primary care, outpatient, maternal, child health, immunisation, screening, referral, subsidised, walk-in, appointment"
"643","Klinik Kesihatan Chini","Health & Wellbeing-Public Health Centre","No email detail. Please contact via other contact detail","Government primary care clinics under MOH offering outpatient care, maternal and child health, immunisations, basic screening and referrals to hospitals; fees are generally subsidised.","6","No URL","+609-456 6333","Felda Chini 1, 26690 Pekan, Pekan",,"Chini Health Clinic","government, primary care, outpatient, maternal, child health, immunisation, screening, referral, subsidised, walk-in, appointment"
"644","Klinik Kesihatan Nenasi","Health & Wellbeing-Public Health Centre","No email detail. Please contact via other contact detail","Government primary care clinics under MOH offering outpatient care, maternal and child health, immunisations, basic screening and referrals to hospitals; fees are generally subsidised.","6","No URL","+609-418 1233","Kampong Nenasi, 26680 Pekan, Pekan",,"Nenasi Health Clinic","government, primary care, outpatient, maternal, child health, immunisation, screening, referral, subsidised, walk-in, appointment"
"645","Klinik Kesihatan Padang Rumbia","Health & Wellbeing-Public Health Centre","No email detail. Please contact via other contact detail","Government primary care clinics under MOH offering outpatient care, maternal and child health, immunisations, basic screening and referrals to hospitals; fees are generally subsidised.","6","No URL","+609-428 1205","Kampung Padang Rumbia, 26650 Pekan, Pekan",,"Padang Rumbia Health Clinic","government, primary care, outpatient, maternal, child health, immunisation, screening, referral, subsidised, walk-in, appointment"
"646","Klinik Kesihatan Pekan","Health & Wellbeing-Public Health Centre","No email detail. Please contact via other contact detail","Government primary care clinics under MOH offering outpatient care, maternal and child health, immunisations, basic screening and referrals to hospitals; fees are generally subsidised.","6","No URL","+609-422 1044","Pekan, 26600 Pekan, Pekan",,"Pekan Health Clinic","government, primary care, outpatient, maternal, child health, immunisation, screening, referral, subsidised, walk-in, appointment"
"647","Klinik Kesihatan Peramu Jaya","Health & Wellbeing-Public Health Centre","No email detail. Please contact via other contact detail","Government primary care clinics under MOH offering outpatient care, maternal and child health, immunisations, basic screening and referrals to hospitals; fees are generally subsidised.","6","No URL","+609-426 9609","Peramu Jaya, 26600 Pekan, Pekan",,"Peramu Jaya Health Clinic","government, primary care, outpatient, maternal, child health, immunisation, screening, referral, subsidised, walk-in, appointment"
"648","Klinik Kesihatan Rps Runchang","Health & Wellbeing-Public Health Centre","No email detail. Please contact via other contact detail","Government primary care clinics under MOH offering outpatient care, maternal and child health, immunisations, basic screening and referrals to hospitals; fees are generally subsidised.","6","No URL","+609-453 0791","RPS Runchang, 26690 Pekan, Pekan",,"Rps Runchang Health Clinic","government, primary care, outpatient, maternal, child health, immunisation, screening, referral, subsidised, walk-in, appointment"
"649","Klinik Kesihatan Bukit Fraser","Health & Wellbeing-Public Health Centre","No email detail. Please contact via other contact detail","Government primary care clinics under MOH offering outpatient care, maternal and child health, immunisations, basic screening and referrals to hospitals; fees are generally subsidised.","6","No URL","+609-362 2333","Bukit Fraser, 49000 Bukit Fraser, Raub",,"Bukit Fraser Health Clinic","government, primary care, outpatient, maternal, child health, immunisation, screening, referral, subsidised, walk-in, appointment"
"650","Klinik Kesihatan Cheroh","Health & Wellbeing-Public Health Centre","No email detail. Please contact via other contact detail","Government primary care clinics under MOH offering outpatient care, maternal and child health, immunisations, basic screening and referrals to hospitals; fees are generally subsidised.","6","No URL","+609-369 7228","Cheroh, 27600 Raub, Raub",,"Cheroh Health Clinic","government, primary care, outpatient, maternal, child health, immunisation, screening, referral, subsidised, walk-in, appointment"
"651","Klinik Kesihatan Dong","Health & Wellbeing-Public Health Centre","No email detail. Please contact via other contact detail","Government primary care clinics under MOH offering outpatient care, maternal and child health, immunisations, basic screening and referrals to hospitals; fees are generally subsidised.","6","No URL","+609-365 8355","Ulu Dong, 27400 Raub, Raub",,"Dong Health Clinic","government, primary care, outpatient, maternal, child health, immunisation, screening, referral, subsidised, walk-in, appointment"
"652","Klinik Kesihatan Jeruas","Health & Wellbeing-Public Health Centre","No email detail. Please contact via other contact detail","Government primary care clinics under MOH offering outpatient care, maternal and child health, immunisations, basic screening and referrals to hospitals; fees are generally subsidised.","6","No URL","+609-365 7333","Jeruas, 27660 Raub, Raub",,"Jeruas Health Clinic","government, primary care, outpatient, maternal, child health, immunisation, screening, referral, subsidised, walk-in, appointment"
"653","Klinik Kesihatan Lembah Klau","Health & Wellbeing-Public Health Centre","No email detail. Please contact via other contact detail","Government primary care clinics under MOH offering outpatient care, maternal and child health, immunisations, basic screening and referrals to hospitals; fees are generally subsidised.","6","No URL","+609-368 8333","Lembah Klau, 27600 Raub, Raub",,"Lembah Klau Health Clinic","government, primary care, outpatient, maternal, child health, immunisation, screening, referral, subsidised, walk-in, appointment"
"654","Klinik Kesihatan Tersang","Health & Wellbeing-Public Health Centre","No email detail. Please contact via other contact detail","Government primary care clinics under MOH offering outpatient care, maternal and child health, immunisations, basic screening and referrals to hospitals; fees are generally subsidised.","6","No URL","+609-340 3086","Tersang, 27610 Raub, Raub",,"Tersang Health Clinic","government, primary care, outpatient, maternal, child health, immunisation, screening, referral, subsidised, walk-in, appointment"
"655","Klinik Kesihatan Ulu Gali","Health & Wellbeing-Public Health Centre","No email detail. Please contact via other contact detail","Government primary care clinics under MOH offering outpatient care, maternal and child health, immunisations, basic screening and referrals to hospitals; fees are generally subsidised.","6","No URL","+609-368 6355","Kampung Ulu Gali, 27600 Raub, Raub",,"Ulu Gali Health Clinic","government, primary care, outpatient, maternal, child health, immunisation, screening, referral, subsidised, walk-in, appointment"
"656","Klinik Kesihatan Bandar Tun Abdul Razak","Health & Wellbeing-Public Health Centre","No email detail. Please contact via other contact detail","Government primary care clinics under MOH offering outpatient care, maternal and child health, immunisations, basic screening and referrals to hospitals; fees are generally subsidised.","6","No URL","+609-445 7297","Bandar Tun Razak, 26900 Bandar Tun Razak, Rompin",,"Bandar Tun Abdul Razak Health Clinic","government, primary care, outpatient, maternal, child health, immunisation, screening, referral, subsidised, walk-in, appointment"
"657","Klinik Kesihatan Rompin","Health & Wellbeing-Public Health Centre","No email detail. Please contact via other contact detail","Government primary care clinics under MOH offering outpatient care, maternal and child health, immunisations, basic screening and referrals to hospitals; fees are generally subsidised.","6","No URL","+609-414 5333","Rompin, 26800 Kuala Rompin, Rompin",,"Rompin Health Clinic","government, primary care, outpatient, maternal, child health, immunisation, screening, referral, subsidised, walk-in, appointment"
"658","Klinik Kesihatan Tanjung Gemok","Health & Wellbeing-Public Health Centre","No email detail. Please contact via other contact detail","Government primary care clinics under MOH offering outpatient care, maternal and child health, immunisations, basic screening and referrals to hospitals; fees are generally subsidised.","6","No URL","+609-413 2510","Tanjung Gemok, 26800 Kuala Rompin, Rompin",,"Tanjung Gemok Health Clinic","government, primary care, outpatient, maternal, child health, immunisation, screening, referral, subsidised, walk-in, appointment"
"659","Klinik Kesihatan Chanis","Health & Wellbeing-Public Health Centre","No email detail. Please contact via other contact detail","Government primary care clinics under MOH offering outpatient care, maternal and child health, immunisations, basic screening and referrals to hospitals; fees are generally subsidised.","6","No URL","+609-447 1106","Chanis, 26700 Muadzam Shah, Rompin",,"Chanis Health Clinic","government, primary care, outpatient, maternal, child health, immunisation, screening, referral, subsidised, walk-in, appointment"
"660","Klinik Kesihatan Perantau Damai","Health & Wellbeing-Public Health Centre","No email detail. Please contact via other contact detail","Government primary care clinics under MOH offering outpatient care, maternal and child health, immunisations, basic screening and referrals to hospitals; fees are generally subsidised.","6","No URL","+609-443 1333","Perantau Damai, 26700 Muadzam Shah, Rompin",,"Perantau Damai Health Clinic","government, primary care, outpatient, maternal, child health, immunisation, screening, referral, subsidised, walk-in, appointment"
"661","Klinik Kesihatan Bukit Ibam","Health & Wellbeing-Public Health Centre","No email detail. Please contact via other contact detail","Government primary care clinics under MOH offering outpatient care, maternal and child health, immunisations, basic screening and referrals to hospitals; fees are generally subsidised.","6","No URL","+609-458 5231","Bukit Ibam, 26700 Rompin, Rompin",,"Bukit Ibam Health Clinic","government, primary care, outpatient, maternal, child health, immunisation, screening, referral, subsidised, walk-in, appointment"
"662","Klinik Kesihatan Leban Chondong","Health & Wellbeing-Public Health Centre","No email detail. Please contact via other contact detail","Government primary care clinics under MOH offering outpatient care, maternal and child health, immunisations, basic screening and referrals to hospitals; fees are generally subsidised.","6","No URL","+609-414 9237","Jalan Rompin, Pekan Leban Chondong, 26800 Rompin, Rompin",,"Leban Chondong Health Clinic","government, primary care, outpatient, maternal, child health, immunisation, screening, referral, subsidised, walk-in, appointment"
"663","Klinik Kesihatan Perwira Jaya","Health & Wellbeing-Public Health Centre","No email detail. Please contact via other contact detail","Government primary care clinics under MOH offering outpatient care, maternal and child health, immunisations, basic screening and referrals to hospitals; fees are generally subsidised.","6","No URL","+609-437 1176","Wakil Pos, Bandar 19, 85070 Segamat, Rompin",,"Perwira Jaya Health Clinic","government, primary care, outpatient, maternal, child health, immunisation, screening, referral, subsidised, walk-in, appointment"
"664","Klinik Kesihatan Tekek","Health & Wellbeing-Public Health Centre","No email detail. Please contact via other contact detail","Government primary care clinics under MOH offering outpatient care, maternal and child health, immunisations, basic screening and referrals to hospitals; fees are generally subsidised.","6","No URL","+609-419 1880","Tekek, Pulau Tioman, 86800 Tioman, Rompin",,"Tekek Health Clinic","government, primary care, outpatient, maternal, child health, immunisation, screening, referral, subsidised, walk-in, appointment"
"665","Klinik Kesihatan Lanchang","Health & Wellbeing-Public Health Centre","No email detail. Please contact via other contact detail","Government primary care clinics under MOH offering outpatient care, maternal and child health, immunisations, basic screening and referrals to hospitals; fees are generally subsidised.","6","No URL","+609-280 3233","Lanchang, 28500 Lanchang, Temerloh",,"Lanchang Health Clinic","government, primary care, outpatient, maternal, child health, immunisation, screening, referral, subsidised, walk-in, appointment"
"666","Klinik Kesihatan Bandar Mentakab","Health & Wellbeing-Public Health Centre","No email detail. Please contact via other contact detail","Government primary care clinics under MOH offering outpatient care, maternal and child health, immunisations, basic screening and referrals to hospitals; fees are generally subsidised.","6","No URL","+609-277 1845","Bandar Mentakab, 28400 Mentakab, Temerloh",,"Bandar Mentakab Health Clinic","government, primary care, outpatient, maternal, child health, immunisation, screening, referral, subsidised, walk-in, appointment"
"667","Klinik Kesihatan Kerdau","Health & Wellbeing-Public Health Centre","No email detail. Please contact via other contact detail","Government primary care clinics under MOH offering outpatient care, maternal and child health, immunisations, basic screening and referrals to hospitals; fees are generally subsidised.","6","No URL","+609-284 7003","Kerdau, 28020 Temerloh, Temerloh",,"Kerdau Health Clinic","government, primary care, outpatient, maternal, child health, immunisation, screening, referral, subsidised, walk-in, appointment"
"668","Klinik Kesihatan Kuala Krau","Health & Wellbeing-Public Health Centre","No email detail. Please contact via other contact detail","Government primary care clinics under MOH offering outpatient care, maternal and child health, immunisations, basic screening and referrals to hospitals; fees are generally subsidised.","6","No URL","+609-286 1242","Kuala Krau, 28050 Temerloh, Temerloh",,"Kuala Krau Health Clinic","government, primary care, outpatient, maternal, child health, immunisation, screening, referral, subsidised, walk-in, appointment"
"669","Klinik Kesihatan Sanggang","Health & Wellbeing-Public Health Centre","No email detail. Please contact via other contact detail","Government primary care clinics under MOH offering outpatient care, maternal and child health, immunisations, basic screening and referrals to hospitals; fees are generally subsidised.","6","No URL","+609-284 6333","Sanggang, 28020 Temerloh, Temerloh",,"Sanggang Health Clinic","government, primary care, outpatient, maternal, child health, immunisation, screening, referral, subsidised, walk-in, appointment"
"670","Klinik Kesihatan Tanjung Lalang (Simpang Songsang)","Health & Wellbeing-Public Health Centre","No email detail. Please contact via other contact detail","Government primary care clinics under MOH offering outpatient care, maternal and child health, immunisations, basic screening and referrals to hospitals; fees are generally subsidised.","6","No URL","+609-296 1142","Simpang Songsang, 28000 Temerloh, Temerloh",,"Tanjung Lalang (Simpang Songsang) Health Clinic","government, primary care, outpatient, maternal, child health, immunisation, screening, referral, subsidised, walk-in, appointment"
"671","Klinik Kesihatan Temerloh","Health & Wellbeing-Public Health Centre","No email detail. Please contact via other contact detail","Government primary care clinics under MOH offering outpatient care, maternal and child health, immunisations, basic screening and referrals to hospitals; fees are generally subsidised.","6","No URL","+609-296 1275","Temerloh, 28000 Temerloh, Temerloh",,"Temerloh Health Clinic","government, primary care, outpatient, maternal, child health, immunisation, screening, referral, subsidised, walk-in, appointment"
"672","Klinik Kesihatan Tapah Road","Health & Wellbeing-Public Health Centre","No email detail. Please contact via other contact detail","Government primary care clinics under MOH offering outpatient care, maternal and child health, immunisations, basic screening and referrals to hospitals; fees are generally subsidised.","8","No URL","+605-418 0370","Pekan Tapah, 35000 Batang Padang, Batang Padang","Monday-Friday 08:00-17:00","Tapah Road Health Clinic","government, primary care, outpatient, maternal, child health, immunisation, screening, referral, subsidised, walk-in, appointment"
"673","Klinik Kesihatan Bidor","Health & Wellbeing-Public Health Centre","No email detail. Please contact via other contact detail","Government primary care clinics under MOH offering outpatient care, maternal and child health, immunisations, basic screening and referrals to hospitals; fees are generally subsidised.","8","No URL","+605-434 1480","Jalan Besar Bidor, 35500 Bidor, Batang Padang","Monday-Friday 08:00-17:00","Bidor Health Clinic","government, primary care, outpatient, maternal, child health, immunisation, screening, referral, subsidised, walk-in, appointment"
"674","Klinik Kesihatan Slim River","Health & Wellbeing-Public Health Centre","No email detail. Please contact via other contact detail","Government primary care clinics under MOH offering outpatient care, maternal and child health, immunisations, basic screening and referrals to hospitals; fees are generally subsidised.","8","No URL","+605-452 7679","Jalan Indah, 35800 Slim River, Batang Padang","Monday-Friday 08:00-17:00","Slim River Health Clinic","government, primary care, outpatient, maternal, child health, immunisation, screening, referral, subsidised, walk-in, appointment"
"675","Klinik Kesihatan Gunung Besout","Health & Wellbeing-Public Health Centre","No email detail. Please contact via other contact detail","Government primary care clinics under MOH offering outpatient care, maternal and child health, immunisations, basic screening and referrals to hospitals; fees are generally subsidised.","8","https://www.facebook.com/klinikkesihatan.gunungbesout/","+605-431 1092","Jalan Klinik, Gunung Besout, 35600 Sungkai, Batang Padang","No information available, contact for more details","Gunung Besout Health Clinic","government, primary care, outpatient, maternal, child health, immunisation, screening, referral, subsidised, walk-in, appointment"
"676","Klinik Kesihatan Sungkai","Health & Wellbeing-Public Health Centre","No email detail. Please contact via other contact detail","Government primary care clinics under MOH offering outpatient care, maternal and child health, immunisations, basic screening and referrals to hospitals; fees are generally subsidised.","8","https://www.instagram.com/explore/locations/1750901351868793/klinik-kesihatan-sungkai/","+605-438 6355","Jalan Pekan Sungkai, 35600 Sungkai, Batang Padang","Monday-Friday 08:00-17:00","Sungkai Health Clinic","government, primary care, outpatient, maternal, child health, immunisation, screening, referral, subsidised, walk-in, appointment"
"677","Klinik Kesihatan Trolak (Felda)","Health & Wellbeing-Public Health Centre","No email detail. Please contact via other contact detail","Government primary care clinics under MOH offering outpatient care, maternal and child health, immunisations, basic screening and referrals to hospitals; fees are generally subsidised.","8","No URL","+605-432 3136","Jalan Besar Trolak Selatan, Felda Trolak Selatan, 35600 Sungkai, Batang Padang","Monday-Friday 08:00-17:00","Trolak (Felda) Health Clinic","government, primary care, outpatient, maternal, child health, immunisation, screening, referral, subsidised, walk-in, appointment"
"678","Klinik Kesihatan Tanjung Malim","Health & Wellbeing-Public Health Centre","No email detail. Please contact via other contact detail","Government primary care clinics under MOH offering outpatient care, maternal and child health, immunisations, basic screening and referrals to hospitals; fees are generally subsidised.","8","No URL","+605-459 6333","Pekan Tanjung Malim, 35900 Tanjung Malim, Batang Padang","Monday-Thursday 08:00-17:00; Friday 08:00-12:15 and 14:45-17:00","Tanjung Malim Health Clinic","government, primary care, outpatient, maternal, child health, immunisation, screening, referral, subsidised, walk-in, appointment"
"679","Klinik Kesihatan Tapah","Health & Wellbeing-Public Health Centre","No email detail. Please contact via other contact detail","Government primary care clinics under MOH offering outpatient care, maternal and child health, immunisations, basic screening and referrals to hospitals; fees are generally subsidised.","8","No URL","+605-401 0260","Jalan Damai, 35000 Tapah, Batang Padang","Monday-Sunday 08:00-17:00","Tapah Health Clinic","government, primary care, outpatient, maternal, child health, immunisation, screening, referral, subsidised, walk-in, appointment"
"680","Klinik Kesihatan Bagan Datoh","Health & Wellbeing-Public Health Centre","No email detail. Please contact via other contact detail","Government primary care clinics under MOH offering outpatient care, maternal and child health, immunisations, basic screening and referrals to hospitals; fees are generally subsidised.","8","No URL","+605-646 6233","Pekan Bagan Datoh, 36100 Bagan Datoh, Hilir Perak","Monday-Thursday 08:00-13:00 and 14:00-17:00; Friday 08:00-12:15 and 14:45-17:00","Bagan Datoh Health Clinic","government, primary care, outpatient, maternal, child health, immunisation, screening, referral, subsidised, walk-in, appointment"
"681","Klinik Kesihatan Sungai Tiang","Health & Wellbeing-Public Health Centre","No email detail. Please contact via other contact detail","Government primary care clinics under MOH offering outpatient care, maternal and child health, immunisations, basic screening and referrals to hospitals; fees are generally subsidised.","8","No URL","+604-759 6412","Sungai Tiang, 36100 Bagan Datoh, Hilir Perak","Sunday-Wednesday 08:00-17:00; Thursday 08:00-15:30","Sungai Tiang Health Clinic","government, primary care, outpatient, maternal, child health, immunisation, screening, referral, subsidised, walk-in, appointment"
"682","Klinik Kesihatan Chenderong Balai","Health & Wellbeing-Public Health Centre","No email detail. Please contact via other contact detail","Government primary care clinics under MOH offering outpatient care, maternal and child health, immunisations, basic screening and referrals to hospitals; fees are generally subsidised.","8","No URL","+605-651 1652","Chenderong Balai, 36600 Chenderong Balai, Hilir Perak","Monday-Friday 08:00-17:00","Chenderong Balai Health Clinic","government, primary care, outpatient, maternal, child health, immunisation, screening, referral, subsidised, walk-in, appointment"
"683","Klinik Kesihatan Hutan Melintang","Health & Wellbeing-Public Health Centre","No email detail. Please contact via other contact detail","Government primary care clinics under MOH offering outpatient care, maternal and child health, immunisations, basic screening and referrals to hospitals; fees are generally subsidised.","8","No URL","+605-641 1475","Jalan Hutan Melintang, 36400 Hutan Melintang, Hilir Perak","Monday-Friday 08:00-17:00","Hutan Melintang Health Clinic","government, primary care, outpatient, maternal, child health, immunisation, screening, referral, subsidised, walk-in, appointment"
"684","Klinik Kesihatan Langkap","Health & Wellbeing-Public Health Centre","No email detail. Please contact via other contact detail","Government primary care clinics under MOH offering outpatient care, maternal and child health, immunisations, basic screening and referrals to hospitals; fees are generally subsidised.","8","No URL","+605-659 1473","Langkap, 36700 Langkap, Hilir Perak","Monday-Friday 08:00-17:00","Langkap Health Clinic","government, primary care, outpatient, maternal, child health, immunisation, screening, referral, subsidised, walk-in, appointment"
"685","Klinik Kesihatan Selekoh","Health & Wellbeing-Public Health Centre","No email detail. Please contact via other contact detail","Government primary care clinics under MOH offering outpatient care, maternal and child health, immunisations, basic screening and referrals to hospitals; fees are generally subsidised.","8","No URL","+605-648 9333","Jalan Bagan Datoh, 36100 Selekoh, Hilir Perak",,"Selekoh Health Clinic","government, primary care, outpatient, maternal, child health, immunisation, screening, referral, subsidised, walk-in, appointment"
"686","Klinik Kesihatan Sungai Sumun","Health & Wellbeing-Public Health Centre","No email detail. Please contact via other contact detail","Government primary care clinics under MOH offering outpatient care, maternal and child health, immunisations, basic screening and referrals to hospitals; fees are generally subsidised.","8","No URL","+605-648 9355","Kampung Sungai Sumun, 36300 Sungai Sumun, Hilir Perak",,"Sungai Sumun Health Clinic","government, primary care, outpatient, maternal, child health, immunisation, screening, referral, subsidised, walk-in, appointment"
"687","Klinik Kesihatan Telok Intan","Health & Wellbeing-Public Health Centre","No email detail. Please contact via other contact detail","Government primary care clinics under MOH offering outpatient care, maternal and child health, immunisations, basic screening and referrals to hospitals; fees are generally subsidised.","8","No URL","+605-621 4020","Jalan Bandar, 36000 Telok Intan, Hilir Perak",,"Telok Intan Health Clinic","government, primary care, outpatient, maternal, child health, immunisation, screening, referral, subsidised, walk-in, appointment"
"688","Klinik Kesihatan Plang","Health & Wellbeing-Public Health Centre","No email detail. Please contact via other contact detail","Government primary care clinics under MOH offering outpatient care, maternal and child health, immunisations, basic screening and referrals to hospitals; fees are generally subsidised.","8","No URL","+605-791 7635","Jalan Gerik-Pengkalan Hulu, Kampung Plang, 33320 Gerik, Hulu Perak",,"Plang Health Clinic","government, primary care, outpatient, maternal, child health, immunisation, screening, referral, subsidised, walk-in, appointment"
"689","Klinik Kesihatan Pos Kemar","Health & Wellbeing-Public Health Centre","No email detail. Please contact via other contact detail","Government primary care clinics under MOH offering outpatient care, maternal and child health, immunisations, basic screening and referrals to hospitals; fees are generally subsidised.","8","No URL","+605-791 1335","Pejabat Kesihatan Hulu Perak, Aras 3 Wisma Persekutuan Persekutuan, Jln Intan, 33300 Grik, Hulu Perak",,"Pos Kemar Health Clinic","government, primary care, outpatient, maternal, child health, immunisation, screening, referral, subsidised, walk-in, appointment"
"690","Klinik Kesihatan Lawin","Health & Wellbeing-Public Health Centre","No email detail. Please contact via other contact detail","Government primary care clinics under MOH offering outpatient care, maternal and child health, immunisations, basic screening and referrals to hospitals; fees are generally subsidised.","8","No URL","+605-791 1907","Jalan Lenggong-Gerik, 33410 Lawin, Hulu Perak",,"Lawin Health Clinic","government, primary care, outpatient, maternal, child health, immunisation, screening, referral, subsidised, walk-in, appointment"
"691","Klinik Kesihatan Lenggong","Health & Wellbeing-Public Health Centre","No email detail. Please contact via other contact detail","Government primary care clinics under MOH offering outpatient care, maternal and child health, immunisations, basic screening and referrals to hospitals; fees are generally subsidised.","8","No URL","+605-767 7355","Jalan Gerik, 33400 Lenggong, Hulu Perak",,"Lenggong Health Clinic","government, primary care, outpatient, maternal, child health, immunisation, screening, referral, subsidised, walk-in, appointment"
"692","Klinik Kesihatan Pengkalan Hulu","Health & Wellbeing-Public Health Centre","No email detail. Please contact via other contact detail","Government primary care clinics under MOH offering outpatient care, maternal and child health, immunisations, basic screening and referrals to hospitals; fees are generally subsidised.","8","No URL","+604-477 8355","Jalan Pengkalan Hulu, 33100 Pengkalan Hulu, Hulu Perak",,"Pengkalan Hulu Health Clinic","government, primary care, outpatient, maternal, child health, immunisation, screening, referral, subsidised, walk-in, appointment"
"693","Klinik Kesihatan Gopeng","Health & Wellbeing-Public Health Centre","No email detail. Please contact via other contact detail","Government primary care clinics under MOH offering outpatient care, maternal and child health, immunisations, basic screening and referrals to hospitals; fees are generally subsidised.","8","No URL","+605-359 3355","Jalan Dr.Raja Nazrin, 31600 Gopeng, Kampar",,"Gopeng Health Clinic","government, primary care, outpatient, maternal, child health, immunisation, screening, referral, subsidised, walk-in, appointment"
"694","Klinik Kesihatan Kota Bharu","Health & Wellbeing-Public Health Centre","No email detail. Please contact via other contact detail","Government primary care clinics under MOH offering outpatient care, maternal and child health, immunisations, basic screening and referrals to hospitals; fees are generally subsidised.","8","No URL","+605-359 4355","Jalan Kota Bharu, 31610 Gopeng, Kampar",,"Kota Bharu Health Clinic","government, primary care, outpatient, maternal, child health, immunisation, screening, referral, subsidised, walk-in, appointment"
"695","Klinik Kesihatan Kampar","Health & Wellbeing-Public Health Centre","No email detail. Please contact via other contact detail","Government primary care clinics under MOH offering outpatient care, maternal and child health, immunisations, basic screening and referrals to hospitals; fees are generally subsidised.","8","No URL","+605-466 7011","Jalan Degong, 31900 Kinta, Kampar",,"Kampar Health Clinic","government, primary care, outpatient, maternal, child health, immunisation, screening, referral, subsidised, walk-in, appointment"
"696","Klinik Kesihatan Malim Nawar","Health & Wellbeing-Public Health Centre","No email detail. Please contact via other contact detail","Government primary care clinics under MOH offering outpatient care, maternal and child health, immunisations, basic screening and referrals to hospitals; fees are generally subsidised.","8","No URL","+605-477 1818","Jalan Malim Nawar, 31700 Malim Nawar, Kampar",,"Malim Nawar Health Clinic","government, primary care, outpatient, maternal, child health, immunisation, screening, referral, subsidised, walk-in, appointment"
"697","Klinik Kesihatan Alor Pongsu","Health & Wellbeing-Public Health Centre","No email detail. Please contact via other contact detail","Government primary care clinics under MOH offering outpatient care, maternal and child health, immunisations, basic screening and referrals to hospitals; fees are generally subsidised.","8","No URL","+605-721 5855","Jalan Stesen, 34300 Alor Pongsu, Kerian",,"Alor Pongsu Health Clinic","government, primary care, outpatient, maternal, child health, immunisation, screening, referral, subsidised, walk-in, appointment"
"698","Klinik Kesihatan Bagan Serai","Health & Wellbeing-Public Health Centre","No email detail. Please contact via other contact detail","Government primary care clinics under MOH offering outpatient care, maternal and child health, immunisations, basic screening and referrals to hospitals; fees are generally subsidised.","8","No URL","+605-721 5355","Jalan Taiping, 34300 Bagan Serai, Kerian",,"Bagan Serai Health Clinic","government, primary care, outpatient, maternal, child health, immunisation, screening, referral, subsidised, walk-in, appointment"
"699","Klinik Kesihatan Teluk Medan","Health & Wellbeing-Public Health Centre","No email detail. Please contact via other contact detail","Government primary care clinics under MOH offering outpatient care, maternal and child health, immunisations, basic screening and referrals to hospitals; fees are generally subsidised.","8","No URL","+605-721 5655","Jalan Taiping, Kampung Teluk Medan, 34300 Bagan Serai, Kerian",,"Teluk Medan Health Clinic","government, primary care, outpatient, maternal, child health, immunisation, screening, referral, subsidised, walk-in, appointment"
"700","Klinik Kesihatan Gunung Semanggol","Health & Wellbeing-Public Health Centre","No email detail. Please contact via other contact detail","Government primary care clinics under MOH offering outpatient care, maternal and child health, immunisations, basic screening and referrals to hospitals; fees are generally subsidised.","8","No URL","+605-892 1304","Jalan Kubu Gajah, Simpang Empat, 34400 Gunung Semanggol, Kerian",,"Gunung Semanggol Health Clinic","government, primary care, outpatient, maternal, child health, immunisation, screening, referral, subsidised, walk-in, appointment"
"701","Klinik Kesihatan Jalan Baru","Health & Wellbeing-Public Health Centre","No email detail. Please contact via other contact detail","Government primary care clinics under MOH offering outpatient care, maternal and child health, immunisations, basic screening and referrals to hospitals; fees are generally subsidised.","8","No URL","+605-716 3355","Jalan Tanah Kebun, 34250 Kerian, Kerian",,"Jalan Baru Health Clinic","government, primary care, outpatient, maternal, child health, immunisation, screening, referral, subsidised, walk-in, appointment"
"702","Klinik Kesihatan Kuala Gula","Health & Wellbeing-Public Health Centre","No email detail. Please contact via other contact detail","Government primary care clinics under MOH offering outpatient care, maternal and child health, immunisations, basic screening and referrals to hospitals; fees are generally subsidised.","8","No URL","+605-890 8657","Kuala Gula, 34350 Kuala Gula, Kerian",,"Kuala Gula Health Clinic","government, primary care, outpatient, maternal, child health, immunisation, screening, referral, subsidised, walk-in, appointment"
"703","Klinik Kesihatan Kuala Kurau","Health & Wellbeing-Public Health Centre","No email detail. Please contact via other contact detail","Government primary care clinics under MOH offering outpatient care, maternal and child health, immunisations, basic screening and referrals to hospitals; fees are generally subsidised.","8","No URL","+605-727 7355","Jalan Kuala Kurau, 34350 Kuala Kurau, Kerian",,"Kuala Kurau Health Clinic","government, primary care, outpatient, maternal, child health, immunisation, screening, referral, subsidised, walk-in, appointment"
"704","Klinik Kesihatan Selinsing","Health & Wellbeing-Public Health Centre","No email detail. Please contact via other contact detail","Government primary care clinics under MOH offering outpatient care, maternal and child health, immunisations, basic screening and referrals to hospitals; fees are generally subsidised.","8","No URL","+605-890 4542","Kampung Selinsing, Simpang Ampat, 34400 Semanggol, Kerian",,"Selinsing Health Clinic","government, primary care, outpatient, maternal, child health, immunisation, screening, referral, subsidised, walk-in, appointment"
"705","Klinik Kesihatan Kedai Empat","Health & Wellbeing-Public Health Centre","No email detail. Please contact via other contact detail","Government primary care clinics under MOH offering outpatient care, maternal and child health, immunisations, basic screening and referrals to hospitals; fees are generally subsidised.","8","No URL","+605-716 5155","Jalan Sungai Kota, Kedai Empat, 34250 Tanjung Piandang, Kerian",,"Kedai Empat Health Clinic","government, primary care, outpatient, maternal, child health, immunisation, screening, referral, subsidised, walk-in, appointment"
"706","Klinik Kesihatan Tanjung Piandang","Health & Wellbeing-Public Health Centre","No email detail. Please contact via other contact detail","Government primary care clinics under MOH offering outpatient care, maternal and child health, immunisations, basic screening and referrals to hospitals; fees are generally subsidised.","8","No URL","+605-725 6355","Jalan Pantai Remis, 34250 Tanjung Piandang, Kerian",,"Tanjung Piandang Health Clinic","government, primary care, outpatient, maternal, child health, immunisation, screening, referral, subsidised, walk-in, appointment"
"707","Klinik Kesihatan Chemor","Health & Wellbeing-Public Health Centre","No email detail. Please contact via other contact detail","Government primary care clinics under MOH offering outpatient care, maternal and child health, immunisations, basic screening and referrals to hospitals; fees are generally subsidised.","8","No URL","+605-201 1355","Jalan Tanah Hitam, Kampung Chemor, 31200 Chemor, Kinta",,"Chemor Health Clinic","government, primary care, outpatient, maternal, child health, immunisation, screening, referral, subsidised, walk-in, appointment"
"708","Klinik Kesihatan Bijih Timah","Health & Wellbeing-Public Health Centre","No email detail. Please contact via other contact detail","Government primary care clinics under MOH offering outpatient care, maternal and child health, immunisations, basic screening and referrals to hospitals; fees are generally subsidised.","8","No URL","+605-254 8615","Jalan Treacher, 31350 Ipoh, Kinta",,"Bijih Timah Health Clinic","government, primary care, outpatient, maternal, child health, immunisation, screening, referral, subsidised, walk-in, appointment"
"709","Klinik Kesihatan Buntung","Health & Wellbeing-Public Health Centre","No email detail. Please contact via other contact detail","Government primary care clinics under MOH offering outpatient care, maternal and child health, immunisations, basic screening and referrals to hospitals; fees are generally subsidised.","8","No URL","+605-282 4421","Lot 30943, Jalan Desa Rishah, 30100 Ipoh, Kinta",,"Buntung Health Clinic","government, primary care, outpatient, maternal, child health, immunisation, screening, referral, subsidised, walk-in, appointment"
"710","Klinik Kesihatan Greentown","Health & Wellbeing-Public Health Centre","No email detail. Please contact via other contact detail","Government primary care clinics under MOH offering outpatient care, maternal and child health, immunisations, basic screening and referrals to hospitals; fees are generally subsidised.","8","No URL","+605-253 0801","Jalan Raja Musa Aziz, 30450 Ipoh, Kinta",,"Greentown Health Clinic","government, primary care, outpatient, maternal, child health, immunisation, screening, referral, subsidised, walk-in, appointment"
"711","Klinik Kesihatan Gunung Rapat","Health & Wellbeing-Public Health Centre","No email detail. Please contact via other contact detail","Government primary care clinics under MOH offering outpatient care, maternal and child health, immunisations, basic screening and referrals to hospitals; fees are generally subsidised.","8","No URL","+605-311 5813","Jalan Gunung Rapat, 31350 Ipoh, Kinta",,"Gunung Rapat Health Clinic","government, primary care, outpatient, maternal, child health, immunisation, screening, referral, subsidised, walk-in, appointment"
"712","Klinik Kesihatan Jelapang","Health & Wellbeing-Public Health Centre","No email detail. Please contact via other contact detail","Government primary care clinics under MOH offering outpatient care, maternal and child health, immunisations, basic screening and referrals to hospitals; fees are generally subsidised.","8","No URL","+605-526 8566","Jalan Jelapang, Pekan Jelapang, 30020 Ipoh, Kinta",,"Jelapang Health Clinic","government, primary care, outpatient, maternal, child health, immunisation, screening, referral, subsidised, walk-in, appointment"
"713","Klinik Kesihatan Kampung Simee","Health & Wellbeing-Public Health Centre","No email detail. Please contact via other contact detail","Government primary care clinics under MOH offering outpatient care, maternal and child health, immunisations, basic screening and referrals to hospitals; fees are generally subsidised.","8","No URL","+605-547 4202","Jalan Kompleks Sukan, Kampung Simee, 31400 Ipoh, Kinta",,"Kampung Simee Health Clinic","government, primary care, outpatient, maternal, child health, immunisation, screening, referral, subsidised, walk-in, appointment"
"714","Klinik Kesihatan Manjoi","Health & Wellbeing-Public Health Centre","No email detail. Please contact via other contact detail","Government primary care clinics under MOH offering outpatient care, maternal and child health, immunisations, basic screening and referrals to hospitals; fees are generally subsidised.","8","No URL","+605-526 3220","Kampung Manjol, Jalan Masjid, 30100 Ipoh, Kinta",,"Manjoi Health Clinic","government, primary care, outpatient, maternal, child health, immunisation, screening, referral, subsidised, walk-in, appointment"
"715","Klinik Kesihatan Menglembu","Health & Wellbeing-Public Health Centre","No email detail. Please contact via other contact detail","Government primary care clinics under MOH offering outpatient care, maternal and child health, immunisations, basic screening and referrals to hospitals; fees are generally subsidised.","8","No URL","+605-281 5882","Jalan Menglembu Timur 10, Pekan Mengelembu, 31450 Ipoh, Kinta",,"Menglembu Health Clinic","government, primary care, outpatient, maternal, child health, immunisation, screening, referral, subsidised, walk-in, appointment"
"716","Klinik Kesihatan Pasir Pinji","Health & Wellbeing-Public Health Centre","No email detail. Please contact via other contact detail","Government primary care clinics under MOH offering outpatient care, maternal and child health, immunisations, basic screening and referrals to hospitals; fees are generally subsidised.","8","No URL","+605-321 4172","Jalan Bunga Raya, Pasir Pinji, 31650 Ipoh, Kinta",,"Pasir Pinji Health Clinic","government, primary care, outpatient, maternal, child health, immunisation, screening, referral, subsidised, walk-in, appointment"
"717","Klinik Kesihatan Tanjung Rambutan","Health & Wellbeing-Public Health Centre","No email detail. Please contact via other contact detail","Government primary care clinics under MOH offering outpatient care, maternal and child health, immunisations, basic screening and referrals to hospitals; fees are generally subsidised.","8","No URL","+605-533 1355","Jalan Tambun, 31650 Tanjung Rambutan, Kinta",,"Tanjung Rambutan Health Clinic","government, primary care, outpatient, maternal, child health, immunisation, screening, referral, subsidised, walk-in, appointment"
"718","Klinik Kesihatan Tanjung Tualang","Health & Wellbeing-Public Health Centre","No email detail. Please contact via other contact detail","Government primary care clinics under MOH offering outpatient care, maternal and child health, immunisations, basic screening and referrals to hospitals; fees are generally subsidised.","8","No URL","+605-360 9355","Pekan Tanjung Tualang, 31800 Tanjung Tualang, Kinta",,"Tanjung Tualang Health Clinic","government, primary care, outpatient, maternal, child health, immunisation, screening, referral, subsidised, walk-in, appointment"
"719","Klinik Kesihatan Tronoh","Health & Wellbeing-Public Health Centre","No email detail. Please contact via other contact detail","Government primary care clinics under MOH offering outpatient care, maternal and child health, immunisations, basic screening and referrals to hospitals; fees are generally subsidised.","8","No URL","+605-367 6355","Jalan Tronoh, 31750 Tronoh, Kinta",,"Tronoh Health Clinic","government, primary care, outpatient, maternal, child health, immunisation, screening, referral, subsidised, walk-in, appointment"
"720","Klinik Kesihatan Karai","Health & Wellbeing-Public Health Centre","No email detail. Please contact via other contact detail","Government primary care clinics under MOH offering outpatient care, maternal and child health, immunisations, basic screening and referrals to hospitals; fees are generally subsidised.","8","https://www.facebook.com/klinikkarai/?locale=ms_MY","+605-757 6355","Jalan Besar, Kampung Karai, 33600 Enggor, Kuala Kangsar","Monday-Friday 08:00-17:00","Karai Health Clinic","government, primary care, outpatient, maternal, child health, immunisation, screening, referral, subsidised, walk-in, appointment"
"721","Klinik Kesihatan Manong","Health & Wellbeing-Public Health Centre","No email detail. Please contact via other contact detail","Government primary care clinics under MOH offering outpatient care, maternal and child health, immunisations, basic screening and referrals to hospitals; fees are generally subsidised.","8","No URL","+605-743 0355","Jalan Rumah Awam II, 33800 Kuala Kangsar, Kuala Kangsar",,"Manong Health Clinic","government, primary care, outpatient, maternal, child health, immunisation, screening, referral, subsidised, walk-in, appointment"
"722","Klinik Kesihatan Sauk","Health & Wellbeing-Public Health Centre","No email detail. Please contact via other contact detail","Government primary care clinics under MOH offering outpatient care, maternal and child health, immunisations, basic screening and referrals to hospitals; fees are generally subsidised.","8","No URL","+605-751 1355","Jalan Besar Lenggong, 33500 Kuala Kangsar, Kuala Kangsar",,"Sauk Health Clinic","government, primary care, outpatient, maternal, child health, immunisation, screening, referral, subsidised, walk-in, appointment"
"723","Klinik Kesihatan Bekor","Health & Wellbeing-Public Health Centre","No email detail. Please contact via other contact detail","Government primary care clinics under MOH offering outpatient care, maternal and child health, immunisations, basic screening and referrals to hospitals; fees are generally subsidised.","8","No URL","+605-7431 1575","Bekor, 33800 Manong, Kuala Kangsar",,"Bekor Health Clinic","government, primary care, outpatient, maternal, child health, immunisation, screening, referral, subsidised, walk-in, appointment"
"724","Klinik Kesihatan Padang Rengas","Health & Wellbeing-Public Health Centre","No email detail. Please contact via other contact detail","Government primary care clinics under MOH offering outpatient care, maternal and child health, immunisations, basic screening and referrals to hospitals; fees are generally subsidised.","8","https://www.facebook.com/Kkpadangrengas/","+605-758 4355","Pekan Padang Rengas, 33700 Padang Rengas, Kuala Kangsar","Monday-Friday 08:00-17:00","Padang Rengas Health Clinic","government, primary care, outpatient, maternal, child health, immunisation, screening, referral, subsidised, walk-in, appointment"
"725","Klinik Kesihatan Sungai Siput","Health & Wellbeing-Public Health Centre","No email detail. Please contact via other contact detail","Government primary care clinics under MOH offering outpatient care, maternal and child health, immunisations, basic screening and referrals to hospitals; fees are generally subsidised.","8","No URL","+605-598 2355","Jalan Ipoh, Pekan Sungai Siput, 31100 Sungai Siput, Kuala Kangsar","Monday-Friday 08:00-17:00","Sungai Siput Health Clinic","government, primary care, outpatient, maternal, child health, immunisation, screening, referral, subsidised, walk-in, appointment"
"726","Klinik Kesihatan Lintang","Health & Wellbeing-Public Health Centre","No email detail. Please contact via other contact detail","Government primary care clinics under MOH offering outpatient care, maternal and child health, immunisations, basic screening and referrals to hospitals; fees are generally subsidised.","8","No URL","+605-591 2255","Kampung Lintang, 31110 Sungai Siput Utara, Kuala Kangsar",,"Lintang Health Clinic","government, primary care, outpatient, maternal, child health, immunisation, screening, referral, subsidised, walk-in, appointment"
"727","Klinik Kesihatan Batu Kurau","Health & Wellbeing-Public Health Centre","No email detail. Please contact via other contact detail","Government primary care clinics under MOH offering outpatient care, maternal and child health, immunisations, basic screening and referrals to hospitals; fees are generally subsidised.","8","No URL","+605-888 0333","Pekan Batu Kurau, 34500 Batu Kurau, Larut Matang",,"Batu Kurau Health Clinic","government, primary care, outpatient, maternal, child health, immunisation, screening, referral, subsidised, walk-in, appointment"
"728","Klinik Kesihatan Changkat Jering","Health & Wellbeing-Public Health Centre","No email detail. Please contact via other contact detail","Government primary care clinics under MOH offering outpatient care, maternal and child health, immunisations, basic screening and referrals to hospitals; fees are generally subsidised.","8","No URL","+605-855 3013","Pekan Changkat Jering, Jalan Kuala Kangsar, 34850 Changkat Jering, Larut Matang",,"Changkat Jering Health Clinic","government, primary care, outpatient, maternal, child health, immunisation, screening, referral, subsidised, walk-in, appointment"
"729","Klinik Kesihatan Redang Panjang","Health & Wellbeing-Public Health Centre","No email detail. Please contact via other contact detail","Government primary care clinics under MOH offering outpatient care, maternal and child health, immunisations, basic screening and referrals to hospitals; fees are generally subsidised.","8","No URL","+605-880 2264","Jalan Batu Kurau, 34510 Ijok, Larut Matang",,"Redang Panjang Health Clinic","government, primary care, outpatient, maternal, child health, immunisation, screening, referral, subsidised, walk-in, appointment"
"730","Klinik Kesihatan Kamunting","Health & Wellbeing-Public Health Centre","No email detail. Please contact via other contact detail","Government primary care clinics under MOH offering outpatient care, maternal and child health, immunisations, basic screening and referrals to hospitals; fees are generally subsidised.","8","No URL","+605-891 3751","Jalan Ekpo, Pekan Kemunting, 34600 Kamunting, Larut Matang",,"Kamunting Health Clinic","government, primary care, outpatient, maternal, child health, immunisation, screening, referral, subsidised, walk-in, appointment"
"731","Klinik Kesihatan Kuala Sepetang","Health & Wellbeing-Public Health Centre","No email detail. Please contact via other contact detail","Government primary care clinics under MOH offering outpatient care, maternal and child health, immunisations, basic screening and referrals to hospitals; fees are generally subsidised.","8","No URL","+605-858 1355","Kampung Kuala Sepetang, 34600 Kuala Sepetang, Larut Matang",,"Kuala Sepetang Health Clinic","government, primary care, outpatient, maternal, child health, immunisation, screening, referral, subsidised, walk-in, appointment"
"732","Klinik Kesihatan Ijok (Felda)","Health & Wellbeing-Public Health Centre","No email detail. Please contact via other contact detail","Government primary care clinics under MOH offering outpatient care, maternal and child health, immunisations, basic screening and referrals to hospitals; fees are generally subsidised.","8","No URL","+605-880 3048","Felda Ijok, 34120 Redang Panjang, Larut Matang",,"Ijok (Felda) Health Clinic","government, primary care, outpatient, maternal, child health, immunisation, screening, referral, subsidised, walk-in, appointment"
"733","Klinik Kesihatan Selama","Health & Wellbeing-Public Health Centre","No email detail. Please contact via other contact detail","Government primary care clinics under MOH offering outpatient care, maternal and child health, immunisations, basic screening and referrals to hospitals; fees are generally subsidised.","8","No URL","+605-839 4355","Pekan Selama, 34100 Selama, Larut Matang",,"Selama Health Clinic","government, primary care, outpatient, maternal, child health, immunisation, screening, referral, subsidised, walk-in, appointment"
"734","Klinik Kesihatan Sungai Bayor","Health & Wellbeing-Public Health Centre","No email detail. Please contact via other contact detail","Government primary care clinics under MOH offering outpatient care, maternal and child health, immunisations, basic screening and referrals to hospitals; fees are generally subsidised.","8","No URL","+605-839 4155","Pekan Sungai Bayor, 34110 Selama, Larut Matang",,"Sungai Bayor Health Clinic","government, primary care, outpatient, maternal, child health, immunisation, screening, referral, subsidised, walk-in, appointment"
"735","Klinik Kesihatan Pokok Assam","Health & Wellbeing-Public Health Centre","No email detail. Please contact via other contact detail","Government primary care clinics under MOH offering outpatient care, maternal and child health, immunisations, basic screening and referrals to hospitals; fees are generally subsidised.","8","No URL","+605-806 7177","Jalan Menteri Besar, Pekan Pokok Assam, 34000 Taiping, Larut Matang",,"Pokok Assam Health Clinic","government, primary care, outpatient, maternal, child health, immunisation, screening, referral, subsidised, walk-in, appointment"
"736","Klinik Kesihatan Taiping","Health & Wellbeing-Public Health Centre","No email detail. Please contact via other contact detail","Government primary care clinics under MOH offering outpatient care, maternal and child health, immunisations, basic screening and referrals to hospitals; fees are generally subsidised.","8","No URL","+605-804 1555","Jalan Tupai, 34000 Taiping, Larut Matang",,"Taiping Health Clinic","government, primary care, outpatient, maternal, child health, immunisation, screening, referral, subsidised, walk-in, appointment"
"737","Klinik Kesihatan Sungai Kerang","Health & Wellbeing-Public Health Centre","No email detail. Please contact via other contact detail","Government primary care clinics under MOH offering outpatient care, maternal and child health, immunisations, basic screening and referrals to hospitals; fees are generally subsidised.","8","No URL","+605-854 4255","Jalan Pantai Remis, 34800 Trong, Larut Matang",,"Sungai Kerang Health Clinic","government, primary care, outpatient, maternal, child health, immunisation, screening, referral, subsidised, walk-in, appointment"
"738","Klinik Kesihatan Trong","Health & Wellbeing-Public Health Centre","No email detail. Please contact via other contact detail","Government primary care clinics under MOH offering outpatient care, maternal and child health, immunisations, basic screening and referrals to hospitals; fees are generally subsidised.","8","No URL","+605-857 7155","Trong, 34800 Trong, Larut Matang",,"Trong Health Clinic","government, primary care, outpatient, maternal, child health, immunisation, screening, referral, subsidised, walk-in, appointment"
"739","Klinik Kesihatan Ayer Tawar","Health & Wellbeing-Public Health Centre","No email detail. Please contact via other contact detail","Government primary care clinics under MOH offering outpatient care, maternal and child health, immunisations, basic screening and referrals to hospitals; fees are generally subsidised.","8","https://www.facebook.com/KKAyerTawar/","+605-672 3333","Jalan Besar, Pekan Ayer Tawar, 32400 Ayer Tawar, Manjung","Monday-Thursday 08:00-13:00 and 14:00-17:00; Friday 08:00-12:45 and 14:45-17:00","Ayer Tawar Health Clinic","government, primary care, outpatient, maternal, child health, immunisation, screening, referral, subsidised, walk-in, appointment"
"740","Klinik Kesihatan Bruas","Health & Wellbeing-Public Health Centre","No email detail. Please contact via other contact detail","Government primary care clinics under MOH offering outpatient care, maternal and child health, immunisations, basic screening and referrals to hospitals; fees are generally subsidised.","8","No URL","+605-674 3333","Jalan Besar, 32700 Bruas, Manjung",,"Bruas Health Clinic","government, primary care, outpatient, maternal, child health, immunisation, screening, referral, subsidised, walk-in, appointment"
"741","Klinik Kesihatan Changkat Keruing","Health & Wellbeing-Public Health Centre","kkchangkatkruing@gmail.com","Government primary care clinics under MOH offering outpatient care, maternal and child health, immunisations, basic screening and referrals to hospitals; fees are generally subsidised.","8","https://www.facebook.com/kkchangkatkruing","+605-675 1553","Kampung Changkat Kruing, 32500 Changkat Kruing, Manjung","Monday-Friday 08:00-17:00","Changkat Keruing Health Clinic","government, primary care, outpatient, maternal, child health, immunisation, screening, referral, subsidised, walk-in, appointment"
"742","Klinik Kesihatan Lekir","Health & Wellbeing-Public Health Centre","No email detail. Please contact via other contact detail","Government primary care clinics under MOH offering outpatient care, maternal and child health, immunisations, basic screening and referrals to hospitals; fees are generally subsidised.","8","No URL","+605-679 1415","Batu 8, 32020 Lekir, Manjung",,"Lekir Health Clinic","government, primary care, outpatient, maternal, child health, immunisation, screening, referral, subsidised, walk-in, appointment"
"743","Klinik Kesihatan Pantai Remis","Health & Wellbeing-Public Health Centre","No email detail. Please contact via other contact detail","Government primary care clinics under MOH offering outpatient care, maternal and child health, immunisations, basic screening and referrals to hospitals; fees are generally subsidised.","8","No URL","+605-677 1316","Jalan Besar, Pekan Pantai Remis, 34900 Pantai Remis, Manjung",,"Pantai Remis Health Clinic","government, primary care, outpatient, maternal, child health, immunisation, screening, referral, subsidised, walk-in, appointment"
"744","Klinik Kesihatan Pengkalan Baru","Health & Wellbeing-Public Health Centre","No email detail. Please contact via other contact detail","Government primary care clinics under MOH offering outpatient care, maternal and child health, immunisations, basic screening and referrals to hospitals; fees are generally subsidised.","8","No URL","+605-677 4350","Kampung Pengkalan Baru, 34900 Pantai Remis, Manjung",,"Pengkalan Baru Health Clinic","government, primary care, outpatient, maternal, child health, immunisation, screening, referral, subsidised, walk-in, appointment"
"745","Klinik Kesihatan Pulau Pangkor","Health & Wellbeing-Public Health Centre","No email detail. Please contact via other contact detail","Government primary care clinics under MOH offering outpatient care, maternal and child health, immunisations, basic screening and referrals to hospitals; fees are generally subsidised.","8","No URL","+605-685 4048","Jalan Pasir Bogak, Pekan Pulau Pangkor, 32300 Pulau Pangkor, Manjung",,"Pulau Pangkor Health Clinic","government, primary care, outpatient, maternal, child health, immunisation, screening, referral, subsidised, walk-in, appointment"
"746","Klinik Kesihatan Sitiawan","Health & Wellbeing-Public Health Centre","No email detail. Please contact via other contact detail","Government primary care clinics under MOH offering outpatient care, maternal and child health, immunisations, basic screening and referrals to hospitals; fees are generally subsidised.","8","No URL","+605-691 4355","Jalan Dato' Ahmad Yunus, Pekan Sitiawan, 32000 Sitiawan, Manjung",,"Sitiawan Health Clinic","government, primary care, outpatient, maternal, child health, immunisation, screening, referral, subsidised, walk-in, appointment"
"747","Klinik Desa Felcra Nasarudin","Health & Wellbeing-Public Health Centre","No email detail. Please contact via other contact detail","Rural government clinics providing community-level maternal and child health, basic outpatient services, immunisations and health education; limited hours and referrals to Klinik Kesihatan or hospitals for advanced care.","8","No URL","+605-371 1603","Bota, 32600 Bota, Perak Tengah",,"Klinik Desa Felcra Nasarudin","government, rural clinic, maternal, child health, basic outpatient, immunisation, health education, limited hours, referral"
"748","Klinik Kesihatan Bota Kiri","Health & Wellbeing-Public Health Centre","No email detail. Please contact via other contact detail","Government primary care clinics under MOH offering outpatient care, maternal and child health, immunisations, basic screening and referrals to hospitals; fees are generally subsidised.","8","No URL","+605-376 1355","Jalan Bota Kiri, 32600 Bota Kiri, Perak Tengah",,"Bota Kiri Health Clinic","government, primary care, outpatient, maternal, child health, immunisation, screening, referral, subsidised, walk-in, appointment"
"749","Klinik Kesihatan Changkat Lada","Health & Wellbeing-Public Health Centre","No email detail. Please contact via other contact detail","Government primary care clinics under MOH offering outpatient care, maternal and child health, immunisations, basic screening and referrals to hospitals; fees are generally subsidised.","8","No URL","+605-655 1355","Felcra Changkat Lada, Kampung Gajah, 36800 Changkat Lada, Perak Tengah",,"Changkat Lada Health Clinic","government, primary care, outpatient, maternal, child health, immunisation, screening, referral, subsidised, walk-in, appointment"
"750","Klinik Kesihatan Air Kuning","Health & Wellbeing-Public Health Centre","No email detail. Please contact via other contact detail","Government primary care clinics under MOH offering outpatient care, maternal and child health, immunisations, basic screening and referrals to hospitals; fees are generally subsidised.","8","No URL","+605-478 0897","Jalan Tanjung Tualang, Air Kuning, 36800 Kampung Gajah, Perak Tengah",,"Air Kuning Health Clinic","government, primary care, outpatient, maternal, child health, immunisation, screening, referral, subsidised, walk-in, appointment"
"751","Klinik Kesihatan Kampung Gajah","Health & Wellbeing-Public Health Centre","No email detail. Please contact via other contact detail","Government primary care clinics under MOH offering outpatient care, maternal and child health, immunisations, basic screening and referrals to hospitals; fees are generally subsidised.","8","No URL","+605-631 1185","Pekan Kampung Gajah, 36800 Kampung Gajah, Perak Tengah",,"Kampung Gajah Health Clinic","government, primary care, outpatient, maternal, child health, immunisation, screening, referral, subsidised, walk-in, appointment"
"752","Klinik Kesihatan Lambor Kiri","Health & Wellbeing-Public Health Centre","No email detail. Please contact via other contact detail","Government primary care clinics under MOH offering outpatient care, maternal and child health, immunisations, basic screening and referrals to hospitals; fees are generally subsidised.","8","No URL","+605-376 1855","Jalan Teluk Sena, 32900 Lambor Kiri, Perak Tengah",,"Lambor Kiri Health Clinic","government, primary care, outpatient, maternal, child health, immunisation, screening, referral, subsidised, walk-in, appointment"
"753","Klinik Kesihatan Parit","Health & Wellbeing-Public Health Centre","No email detail. Please contact via other contact detail","Government primary care clinics under MOH offering outpatient care, maternal and child health, immunisations, basic screening and referrals to hospitals; fees are generally subsidised.","8","No URL","+605-377 2689","Jalan Pejabat Pos, 32800 Parit, Perak Tengah",,"Parit Health Clinic","government, primary care, outpatient, maternal, child health, immunisation, screening, referral, subsidised, walk-in, appointment"
"754","Klinik Kesihatan Ulu Dedap","Health & Wellbeing-Public Health Centre","No email detail. Please contact via other contact detail","Government primary care clinics under MOH offering outpatient care, maternal and child health, immunisations, basic screening and referrals to hospitals; fees are generally subsidised.","8","No URL","+605-655 1384","Jalan Seberang Perak, Kampung Ulu Dedap, 36000 Teluk Intan, Perak Tengah",,"Ulu Dedap Health Clinic","government, primary care, outpatient, maternal, child health, immunisation, screening, referral, subsidised, walk-in, appointment"
"755","Klinik Kesihatan Arau","Health & Wellbeing-Public Health Centre","No email detail. Please contact via other contact detail","Government primary care clinics under MOH offering outpatient care, maternal and child health, immunisations, basic screening and referrals to hospitals; fees are generally subsidised.","9","https://www.facebook.com/farmasikkarau","+604-986 1218","Arau, 2600 Arau, Kangar","Monday-Friday 08:00-17:00","Arau Health Clinic","government, primary care, outpatient, maternal, child health, immunisation, screening, referral, subsidised, walk-in, appointment"
"756","Klinik Kesihatan Beseri","Health & Wellbeing-Public Health Centre","No email detail. Please contact via other contact detail","Government primary care clinics under MOH offering outpatient care, maternal and child health, immunisations, basic screening and referrals to hospitals; fees are generally subsidised.","9","https://www.facebook.com/kkbeseri/?locale=ms_MY","+604-938 1355","Jalan Bukit Keteri, 2400 Beseri, Kangar","Monday-Friday 08:00-17:00","Beseri Health Clinic","government, primary care, outpatient, maternal, child health, immunisation, screening, referral, subsidised, walk-in, appointment"
"757","Klinik Kesihatan Kaki Bukit","Health & Wellbeing-Public Health Centre","No email detail. Please contact via other contact detail","Government primary care clinics under MOH offering outpatient care, maternal and child health, immunisations, basic screening and referrals to hospitals; fees are generally subsidised.","9","https://www.instagram.com/explore/locations/572663502/klinik-kesihatan-kaki-bukit-perlis-malaysia/","+604-945 6237","Kaki Bukit, 2200 Kali Bukit, Kangar","Monday-Friday 08:00-17:00","Kaki Bukit Health Clinic","government, primary care, outpatient, maternal, child health, immunisation, screening, referral, subsidised, walk-in, appointment"
"758","Klinik Kesihatan Kangar","Health & Wellbeing-Public Health Centre","No email detail. Please contact via other contact detail","Government primary care clinics under MOH offering outpatient care, maternal and child health, immunisations, basic screening and referrals to hospitals; fees are generally subsidised.","9","https://www.facebook.com/klinikkesihatankangar/","+604-977 8333","Jalan Kolam Air, 1000 Kangar, Kangar","Monday-Friday 08:00-17:00","Kangar Health Clinic","government, primary care, outpatient, maternal, child health, immunisation, screening, referral, subsidised, walk-in, appointment"
"759","Klinik Kesihatan Kuala Perlis","Health & Wellbeing-Public Health Centre","No email detail. Please contact via other contact detail","Government primary care clinics under MOH offering outpatient care, maternal and child health, immunisations, basic screening and referrals to hospitals; fees are generally subsidised.","9","No URL","+604-985 4259","Batu 7, Jalan Kuala Perlis, 2000 Kuala Perlis, Kangar","Monday-Thursday 08:00-13:00 and 14:00-21:30; Friday 08:00-12:15 and 14:45-21:30; Saturday 08:00-13:00","Kuala Perlis Health Clinic","government, primary care, outpatient, maternal, child health, immunisation, screening, referral, subsidised, walk-in, appointment"
"760","Klinik Kesihatan Kuala Sanglang","Health & Wellbeing-Public Health Centre","klinikkesihatankualasanglang01@gmail.com","Government primary care clinics under MOH offering outpatient care, maternal and child health, immunisations, basic screening and referrals to hospitals; fees are generally subsidised.","9","https://www.facebook.com/kliniksanglang/?locale=ms_MY","+604-794 0216","Kuala Sanglang, 2800 Kuala Sanglang, Kangar","Monday-Friday 08:00-17:00","Kuala Sanglang Health Clinic","government, primary care, outpatient, maternal, child health, immunisation, screening, referral, subsidised, walk-in, appointment"
"761","Klinik Kesihatan Kampung Gial","Health & Wellbeing-Public Health Centre","No email detail. Please contact via other contact detail","Government primary care clinics under MOH offering outpatient care, maternal and child health, immunisations, basic screening and referrals to hospitals; fees are generally subsidised.","9","No URL","+604-986 1177","Kampung Gial, 2500 Mata Air, Kangar","Monday-Friday 08:00-17:00","Kampung Gial Health Clinic","government, primary care, outpatient, maternal, child health, immunisation, screening, referral, subsidised, walk-in, appointment"
"762","Klinik Kesihatan Padang Besar","Health & Wellbeing-Public Health Centre","No email detail. Please contact via other contact detail","Government primary care clinics under MOH offering outpatient care, maternal and child health, immunisations, basic screening and referrals to hospitals; fees are generally subsidised.","9","No URL","+604-949 0333","KM 37, Jalan Padang Besar, 2500 Padang Besar, Kangar","Monday-Thursday 08:00-13:00 and 14:00-17:00; Friday 08:00-12:45 and 14:45-17:00","Padang Besar Health Clinic","government, primary care, outpatient, maternal, child health, immunisation, screening, referral, subsidised, walk-in, appointment"
"763","Klinik Kesihatan Simpang Empat","Health & Wellbeing-Public Health Centre","No email detail. Please contact via other contact detail","Government primary care clinics under MOH offering outpatient care, maternal and child health, immunisations, basic screening and referrals to hospitals; fees are generally subsidised.","9","No URL","+604-980 7214","Simpang Empat, 2700 Simpang Empat, Kangar","Monday-Friday 08:00-17:00","Simpang Empat Health Clinic","government, primary care, outpatient, maternal, child health, immunisation, screening, referral, subsidised, walk-in, appointment"
"764","Klinik Kesihatan Bayan Baru","Health & Wellbeing-Public Health Centre","No email detail. Please contact via other contact detail","Government primary care clinics under MOH offering outpatient care, maternal and child health, immunisations, basic screening and referrals to hospitals; fees are generally subsidised.","7","No URL","+604-642 5102","Jalan Tengah, 11950 Bayan Lepas, Barat Daya","Monday-Thursday 08:00-13:00 and 14:00-17:00; Friday 08:00-12:45 and 14:45-17:00","Bayan Baru Health Clinic","government, primary care, outpatient, maternal, child health, immunisation, screening, referral, subsidised, walk-in, appointment"
"765","Klinik Kesihatan Bayan Lepas","Health & Wellbeing-Public Health Centre","No email detail. Please contact via other contact detail","Government primary care clinics under MOH offering outpatient care, maternal and child health, immunisations, basic screening and referrals to hospitals; fees are generally subsidised.","7","No URL","+604-643 5434","Lot 1157, Mulim 12, 11900 Bayan Lepas, Barat Daya","Monday-Friday 08:00-17:00","Bayan Lepas Health Clinic","government, primary care, outpatient, maternal, child health, immunisation, screening, referral, subsidised, walk-in, appointment"
"766","Klinik Kesihatan Teluk Bahang","Health & Wellbeing-Public Health Centre","No email detail. Please contact via other contact detail","Government primary care clinics under MOH offering outpatient care, maternal and child health, immunisations, basic screening and referrals to hospitals; fees are generally subsidised.","7","https://www.instagram.com/explore/locations/4756978/klinik-kesihatan-teluk-bahang/?hl=en","+604-885 1951","Lot 669, Mukim 2, 11050 Teluk Bahang, Barat Daya","Monday-Friday 08:00-16:00","Teluk Bahang Health Clinic","government, primary care, outpatient, maternal, child health, immunisation, screening, referral, subsidised, walk-in, appointment"
"767","Klinik Kesihatan Bandar Tasik Mutiara","Health & Wellbeing-Public Health Centre","No email detail. Please contact via other contact detail","Government primary care clinics under MOH offering outpatient care, maternal and child health, immunisations, basic screening and referrals to hospitals; fees are generally subsidised.","7","https://www.facebook.com/BandarTasekMutiaraClinic/","+604-507 9855","Tingkat 1, Pearl City Mall ( C Mart) Lot 1720, Persiaran Mutiara 4, Pusat Komersial Bandar Tasek Mutiara , Simpang Ampat, Malaysia","Monday-Friday 08:00-17:00","Bandar Tasik Mutiara Health Clinic","government, primary care, outpatient, maternal, child health, immunisation, screening, referral, subsidised, walk-in, appointment"
"768","Klinik Kesihatan Nibong Tebal","Health & Wellbeing-Public Health Centre","No email detail. Please contact via other contact detail","Government primary care clinics under MOH offering outpatient care, maternal and child health, immunisations, basic screening and referrals to hospitals; fees are generally subsidised.","7","https://www.instagram.com/explore/locations/154260104716958/klinik-kesihatan-nibong-tebal/","+604-559 3135","Lot 320, Mukim 17, 14300 Nibong Tebal, Seberang Perai Selatan","24hr","Nibong Tebal Health Clinic","government, primary care, outpatient, maternal, child health, immunisation, screening, referral, subsidised, walk-in, appointment, 24/7"
"769","Klinik Kesihatan Sungai Acheh","Health & Wellbeing-Public Health Centre","No email detail. Please contact via other contact detail","Government primary care clinics under MOH offering outpatient care, maternal and child health, immunisations, basic screening and referrals to hospitals; fees are generally subsidised.","7","https://www.instagram.com/explore/locations/502356300132016/klinik-kesihatan-sg-acheh/","+604-598 1733","Lot 1376, Mukim 10, Sungai Acheh, 14300 Nibong Tebal, Seberang Perai Selatan","Monday-Friday 08:00-04:30","Sungai Acheh Health Clinic","government, primary care, outpatient, maternal, child health, immunisation, screening, referral, subsidised, walk-in, appointment"
"770","Klinik Kesihatan Bukit Panchor","Health & Wellbeing-Public Health Centre","No email detail. Please contact via other contact detail","Government primary care clinics under MOH offering outpatient care, maternal and child health, immunisations, basic screening and referrals to hospitals; fees are generally subsidised.","7","No URL","+604-593 1679","Lot 1866, Mukim 7, Jalan Bukit Panchor, 14300 Nibong Tebal, Seberang Perai Selatan","Monday-Thursday 08:00-13:00 and 14:00-17:00; Friday 08:00-12:45 and 14:45-17:00","Bukit Panchor Health Clinic","government, primary care, outpatient, maternal, child health, immunisation, screening, referral, subsidised, walk-in, appointment"
"771","Klinik Kesihatan Berapit","Health & Wellbeing-Public Health Centre","No email detail. Please contact via other contact detail","Government primary care clinics under MOH offering outpatient care, maternal and child health, immunisations, basic screening and referrals to hospitals; fees are generally subsidised.","7","No URL","+604-539 5400","Lot 89, Mukim 17, Berapit, 14000 Bukit Mertajam, Seberang Perai Tengah","Monday-Friday 08:00-17:00","Berapit Health Clinic","government, primary care, outpatient, maternal, child health, immunisation, screening, referral, subsidised, walk-in, appointment"
"772","Klinik Kesihatan Kubang Semang","Health & Wellbeing-Public Health Centre","No email detail. Please contact via other contact detail","Government primary care clinics under MOH offering outpatient care, maternal and child health, immunisations, basic screening and referrals to hospitals; fees are generally subsidised.","7","No URL","+604-539 0654","Lot 807, Mukim 5, Kubang Semang, 14000 Bukit Mertajam, Seberang Perai Tengah","Monday-Thursday 08:00-13:00 and 14:00-17:00; Friday 08:00-12:45 and 14:45-17:00","Kubang Semang Health Clinic","government, primary care, outpatient, maternal, child health, immunisation, screening, referral, subsidised, walk-in, appointment"
"773","Klinik Kesihatan Machang Bubok","Health & Wellbeing-Public Health Centre","No email detail. Please contact via other contact detail","Government primary care clinics under MOH offering outpatient care, maternal and child health, immunisations, basic screening and referrals to hospitals; fees are generally subsidised.","7","No URL","+604-551 5985","No FR 30, Lot 585 Mukim 16, Perkampungan Machang Bubok, 14000 Bukit Mertajam, Seberang Perai Tengah","Monday-Friday 08:00-17:00","Machang Bubok Health Clinic","government, primary care, outpatient, maternal, child health, immunisation, screening, referral, subsidised, walk-in, appointment"
"774","Klinik Kesihatan Perai","Health & Wellbeing-Public Health Centre","No email detail. Please contact via other contact detail","Government primary care clinics under MOH offering outpatient care, maternal and child health, immunisations, basic screening and referrals to hospitals; fees are generally subsidised.","7","No URL","+604-390 1477","Lot 329, Mukim 1, Jalan Baru Perai, 13600 Perai, Seberang Perai Tengah","Monday-Friday 08:00-17:00","Perai Health Clinic","government, primary care, outpatient, maternal, child health, immunisation, screening, referral, subsidised, walk-in, appointment"
"775","Klinik Kesihatan Permatang Pauh","Health & Wellbeing-Public Health Centre","No email detail. Please contact via other contact detail","Government primary care clinics under MOH offering outpatient care, maternal and child health, immunisations, basic screening and referrals to hospitals; fees are generally subsidised.","7","No URL","+604-398 1380","PWD 662, PT 67, Mukim 2, Jalan Sama Gagah, 13500 Permatang Pauh, Seberang Perai Tengah",,"Permatang Pauh Health Clinic","government, primary care, outpatient, maternal, child health, immunisation, screening, referral, subsidised, walk-in, appointment"
"776","Klinik Kesihatan Seberang Jaya","Health & Wellbeing-Public Health Centre","No email detail. Please contact via other contact detail","Government primary care clinics under MOH offering outpatient care, maternal and child health, immunisations, basic screening and referrals to hospitals; fees are generally subsidised.","7","No URL","+604-390 0264","Lot 340, Mukim 1, Jalan Perpustakaan, 13700 Seberang Jaya, Seberang Perai Tengah",,"Seberang Jaya Health Clinic","government, primary care, outpatient, maternal, child health, immunisation, screening, referral, subsidised, walk-in, appointment"
"777","Klinik Kesihatan Bukit Minyak","Health & Wellbeing-Public Health Centre","No email detail. Please contact via other contact detail","Government primary care clinics under MOH offering outpatient care, maternal and child health, immunisations, basic screening and referrals to hospitals; fees are generally subsidised.","7","No URL","+604-507 1355","PT 35, Mukim 14, Jalan Bukit Minyak, 14000 Bukit Mertajam, Seberang Perai Tengah",,"Bukit Minyak Health Clinic","government, primary care, outpatient, maternal, child health, immunisation, screening, referral, subsidised, walk-in, appointment"
"778","Klinik Kesihatan Mak Mandin","Health & Wellbeing-Public Health Centre","No email detail. Please contact via other contact detail","Government primary care clinics under MOH offering outpatient care, maternal and child health, immunisations, basic screening and referrals to hospitals; fees are generally subsidised.","7","No URL","+604-324 4685","Lot 2882, Seksyen 3, Jalan Mak Mandin, 13400 Butterworth, Seberang Perai Utara",,"Mak Mandin Health Clinic","government, primary care, outpatient, maternal, child health, immunisation, screening, referral, subsidised, walk-in, appointment"
"779","Klinik Kesihatan Sungai Dua","Health & Wellbeing-Public Health Centre","No email detail. Please contact via other contact detail","Government primary care clinics under MOH offering outpatient care, maternal and child health, immunisations, basic screening and referrals to hospitals; fees are generally subsidised.","7","No URL","+604-356 4355","Lot 2349, Mukim 11, Sungai Dua, 13800 Butterworth, Seberang Perai Utara",,"Sungai Dua Health Clinic","government, primary care, outpatient, maternal, child health, immunisation, screening, referral, subsidised, walk-in, appointment"
"780","Klinik Kesihatan Kepala Batas","Health & Wellbeing-Public Health Centre","No email detail. Please contact via other contact detail","Government primary care clinics under MOH offering outpatient care, maternal and child health, immunisations, basic screening and referrals to hospitals; fees are generally subsidised.","7","https://www.instagram.com/explore/locations/97924403/klinik-kesihatan-kepala-batas/","+604-575 6755","Lot 1466, Mukim 6, Jalan Sheikh Mohd Tahir, 13200 Kepala Batas, Seberang Perai Utara","Monday-Friday 08:00-17:00","Kepala Batas Health Clinic","government, primary care, outpatient, maternal, child health, immunisation, screening, referral, subsidised, walk-in, appointment"
"781","Klinik Kesihatan Kuala Muda","Health & Wellbeing-Public Health Centre","No email detail. Please contact via other contact detail","Government primary care clinics under MOH offering outpatient care, maternal and child health, immunisations, basic screening and referrals to hospitals; fees are generally subsidised.","7","No URL","+604-579 3405","Lot 1794, Mukim 1, Jalan Kuala Muda, 13110 Penaga, Seberang Perai Utara",,"Kuala Muda Health Clinic","government, primary care, outpatient, maternal, child health, immunisation, screening, referral, subsidised, walk-in, appointment"
"782","Klinik Kesihatan Tasek Gelugor","Health & Wellbeing-Public Health Centre","No email detail. Please contact via other contact detail","Government primary care clinics under MOH offering outpatient care, maternal and child health, immunisations, basic screening and referrals to hospitals; fees are generally subsidised.","7","No URL","+604-573 5025","Lot 1944, Mukim 12, 13300 Tasek Gelugor, Seberang Perai Utara",,"Tasek Gelugor Health Clinic","government, primary care, outpatient, maternal, child health, immunisation, screening, referral, subsidised, walk-in, appointment"
"783","Klinik Kesihatan Butterworth","Health & Wellbeing-Public Health Centre","No email detail. Please contact via other contact detail","Government primary care clinics under MOH offering outpatient care, maternal and child health, immunisations, basic screening and referrals to hospitals; fees are generally subsidised.","7","No URL","+604-323 3828","Lot 1699, Seksyen 4, Jalan Bagan Luar, 12000 Butterworth, Seberang Perai Utara",,"Butterworth Health Clinic","government, primary care, outpatient, maternal, child health, immunisation, screening, referral, subsidised, walk-in, appointment"
"784","Klinik Kesihatan Penaga","Health & Wellbeing-Public Health Centre","No email detail. Please contact via other contact detail","Government primary care clinics under MOH offering outpatient care, maternal and child health, immunisations, basic screening and referrals to hospitals; fees are generally subsidised.","7","https://www.instagram.com/explore/locations/144334609539127/klinik-kesihatan-penaga/","+604-579 1718","Lot 3001, Mukim 5, 13110 Penaga, Seberang Prai Utara","Monday-Friday 08:00-17:00","Penaga Health Clinic","government, primary care, outpatient, maternal, child health, immunisation, screening, referral, subsidised, walk-in, appointment"
"785","Klinik Kesihatan Air Itam","Health & Wellbeing-Public Health Centre","No email detail. Please contact via other contact detail","Government primary care clinics under MOH offering outpatient care, maternal and child health, immunisations, basic screening and referrals to hospitals; fees are generally subsidised.","7","No URL","+604-828 3355","Lot 322, Seksyen 3, Jalan Bukit Bendera, 11500 Ayer Itam, Timur Laut",,"Air Itam Health Clinic","government, primary care, outpatient, maternal, child health, immunisation, screening, referral, subsidised, walk-in, appointment"
"786","Klinik Kesihatan Bandar Baru Air Itam","Health & Wellbeing-Public Health Centre","No email detail. Please contact via other contact detail","Government primary care clinics under MOH offering outpatient care, maternal and child health, immunisations, basic screening and referrals to hospitals; fees are generally subsidised.","7","No URL","+604-826 6267","Lot 10094 & 2584, Mukim 13, No 8 Jalan Angsana, 11500 Bandar Baru Air Itam, Timur Laut",,"Bandar Baru Air Itam Health Clinic","government, primary care, outpatient, maternal, child health, immunisation, screening, referral, subsidised, walk-in, appointment"
"787","Klinik Kesihatan Bukit Bendera","Health & Wellbeing-Public Health Centre","No email detail. Please contact via other contact detail","Government primary care clinics under MOH offering outpatient care, maternal and child health, immunisations, basic screening and referrals to hospitals; fees are generally subsidised.","7","No URL","+604-829 9406","Bukit Bendera, 11300 Bukit Bendera, Timur Laut",,"Bukit Bendera Health Clinic","government, primary care, outpatient, maternal, child health, immunisation, screening, referral, subsidised, walk-in, appointment"
"788","Klinik Kesihatan Bukit Jambul","Health & Wellbeing-Public Health Centre","No email detail. Please contact via other contact detail","Government primary care clinics under MOH offering outpatient care, maternal and child health, immunisations, basic screening and referrals to hospitals; fees are generally subsidised.","7","No URL","+604-644 8521","Blok D No 2759 & 2758 Tingkat Bawah Taman Bukit Jambul, 11900 Bukit Jambul, Timur Laut",,"Bukit Jambul Health Clinic","government, primary care, outpatient, maternal, child health, immunisation, screening, referral, subsidised, walk-in, appointment"
"789","Klinik Kesihatan Jalan Macalister","Health & Wellbeing-Public Health Centre","No email detail. Please contact via other contact detail","Government primary care clinics under MOH offering outpatient care, maternal and child health, immunisations, basic screening and referrals to hospitals; fees are generally subsidised.","7","https://www.instagram.com/explore/locations/1990599711180801/klinik-kesihatan-jalan-macalister/","+604-228 9610","Lot 1762, Seksyen 12, Jalan Macalister, 10400 Georgetown, Timur Laut","Monday-Friday 08:00-17:00","Jalan Macalister Health Clinic","government, primary care, outpatient, maternal, child health, immunisation, screening, referral, subsidised, walk-in, appointment"
"790","Klinik Kesihatan Jalan Perak","Health & Wellbeing-Public Health Centre","No email detail. Please contact via other contact detail","Government primary care clinics under MOH offering outpatient care, maternal and child health, immunisations, basic screening and referrals to hospitals; fees are generally subsidised.","7","https://www.instagram.com/explore/locations/168111437312877/klinik-kesihatan-jalan-perak-pulau-pinang/","+604-281 2033","Lot 174,175 & 648, Seksyen 2, Jalan Perak, Bandar Jelutong, 11600 Georgetown, Timur Laut","Monday-Friday 08:00-17:00","Jalan Perak Health Clinic","government, primary care, outpatient, maternal, child health, immunisation, screening, referral, subsidised, walk-in, appointment"
"791","Klinik Kesihatan Lebuh Muntri","Health & Wellbeing-Public Health Centre","No email detail. Please contact via other contact detail","Government primary care clinics under MOH offering outpatient care, maternal and child health, immunisations, basic screening and referrals to hospitals; fees are generally subsidised.","7","No URL","+604-262 0024","Jalan Lebuh Muntri, Georgetown, 10400 Georgetown, Timur Laut",,"Lebuh Muntri Health Clinic","government, primary care, outpatient, maternal, child health, immunisation, screening, referral, subsidised, walk-in, appointment"
"792","Klinik Kesihatan Tanjung Bungah","Health & Wellbeing-Public Health Centre","No email detail. Please contact via other contact detail","Government primary care clinics under MOH offering outpatient care, maternal and child health, immunisations, basic screening and referrals to hospitals; fees are generally subsidised.","7","No URL","+604-899 0953","Lot 1835, Jalan Lembah Permai, 11200 Tanjung Bungah, Timur Laut",,"Tanjung Bungah Health Clinic","government, primary care, outpatient, maternal, child health, immunisation, screening, referral, subsidised, walk-in, appointment"
"793","Klinik Kesihatan Kota Klias, Beaufort","Health & Wellbeing-Public Health Centre","No email detail. Please contact via other contact detail","Government primary care clinics under MOH offering outpatient care, maternal and child health, immunisations, basic screening and referrals to hospitals; fees are generally subsidised.","12","No URL","+608-788 1143","Kampung Kilas, 89807 Beaufort, Beaufort","Monday-Friday 08:00-17:00","Kota Klias Health Clinic","government, primary care, outpatient, maternal, child health, immunisation, screening, referral, subsidised, walk-in, appointment"
"794","Klinik Kesihatan Padas Damit, Beaufort","Health & Wellbeing-Public Health Centre","No email detail. Please contact via other contact detail","Government primary care clinics under MOH offering outpatient care, maternal and child health, immunisations, basic screening and referrals to hospitals; fees are generally subsidised.","12","No URL","+608-720 9653","Kampung Padas Damit, 89807 Beaufort, Beaufort","Monday-Friday 08:00-17:00","Padas Damit Health Clinic","government, primary care, outpatient, maternal, child health, immunisation, screening, referral, subsidised, walk-in, appointment"
"795","Klinik Kesihatan Weston, Beaufort","Health & Wellbeing-Public Health Centre","No email detail. Please contact via other contact detail","Government primary care clinics under MOH offering outpatient care, maternal and child health, immunisations, basic screening and referrals to hospitals; fees are generally subsidised.","12","No URL","+608-787 1201","Pekan Weston, Beaufort (d/a Pejabat Kesihatan Kawasan Beaufort, Peti Surat 101), 89807 Beaufort, Beaufort","Monday-Friday 08:00-17:00","Weston Health Clinic","government, primary care, outpatient, maternal, child health, immunisation, screening, referral, subsidised, walk-in, appointment"
"796","Klinik Kesihatan Membakut, Beaufort","Health & Wellbeing-Public Health Centre","No email detail. Please contact via other contact detail","Government primary care clinics under MOH offering outpatient care, maternal and child health, immunisations, basic screening and referrals to hospitals; fees are generally subsidised.","12","No URL","+608-788 7541","Pekan Membakut, 89728 Membakut, Beaufort","Monday-Friday 08:00-17:00","Membakut Health Clinic","government, primary care, outpatient, maternal, child health, immunisation, screening, referral, subsidised, walk-in, appointment"
"797","Klinik Kesihatan Abuan","Health & Wellbeing-Public Health Centre","No email detail. Please contact via other contact detail","Government primary care clinics under MOH offering outpatient care, maternal and child health, immunisations, basic screening and referrals to hospitals; fees are generally subsidised.","12","No URL","+608-923 9005","Kampung Abuan, 90108 Beluran, Beluran","No information available, contact for more details","Abuan Health Clinic","government, primary care, outpatient, maternal, child health, immunisation, screening, referral, subsidised, walk-in, appointment"
"798","Klinik Kesihatan Jambongan, Beluran","Health & Wellbeing-Public Health Centre","No email detail. Please contact via other contact detail","Government primary care clinics under MOH offering outpatient care, maternal and child health, immunisations, basic screening and referrals to hospitals; fees are generally subsidised.","12","No URL","+608-923 9304","Pulau Jambongan, Jambongan, 90108 Beluran, Beluran","Monday-Thursday 08:00-13:00 and 14:00-17:00; Friday 08:00-12:30 and 14:00-17:00","Jambongan Health Clinic","government, primary care, outpatient, maternal, child health, immunisation, screening, referral, subsidised, walk-in, appointment"
"799","Klinik Kesihatan Lingkabau, Beluran","Health & Wellbeing-Public Health Centre","No email detail. Please contact via other contact detail","Government primary care clinics under MOH offering outpatient care, maternal and child health, immunisations, basic screening and referrals to hospitals; fees are generally subsidised.","12","No URL","+608-988 6603","Kampung Lingkabau, Lingkabau, 90108 Beluran, Beluran","Monday-Friday 08:00-17:00","Lingkabau, Beluran Health Clinic","government, primary care, outpatient, maternal, child health, immunisation, screening, referral, subsidised, walk-in, appointment"
"800","Klinik Kesihatan Tagas-Tagas","Health & Wellbeing-Public Health Centre","No email detail. Please contact via other contact detail","Government primary care clinics under MOH offering outpatient care, maternal and child health, immunisations, basic screening and referrals to hospitals; fees are generally subsidised.","12","No URL","+608-923 9700","Kampung Tagas-Tagas,Tagas-tagas, 90108 Beluran, Beluran","No information available, contact for more details","Tagas-Tagas Health Clinic","government, primary care, outpatient, maternal, child health, immunisation, screening, referral, subsidised, walk-in, appointment"
"802","Klinik Kesihatan Nangoh Rumedi, Beluran","Health & Wellbeing-Public Health Centre","No email detail. Please contact via other contact detail","Government primary care clinics under MOH offering outpatient care, maternal and child health, immunisations, basic screening and referrals to hospitals; fees are generally subsidised.","12","No URL","+608-950 2003","Kampung Nangoh Rumedi, 90108 Nangoh, Beluran","No information available, contact for more details","Nangoh Rumedi, Beluran Health Clinic","government, primary care, outpatient, maternal, child health, immunisation, screening, referral, subsidised, walk-in, appointment"
"803","Klinik Kesihatan Paitan, Beluran","Health & Wellbeing-Public Health Centre","No email detail. Please contact via other contact detail","Government primary care clinics under MOH offering outpatient care, maternal and child health, immunisations, basic screening and referrals to hospitals; fees are generally subsidised.","12","No URL","+608-926 2005","Pekan Paitan, 90108 Paitan, Beluran","No information available, contact for more details","Paitan Health Clinic","government, primary care, outpatient, maternal, child health, immunisation, screening, referral, subsidised, walk-in, appointment"
"804","Klinik Kesihatan Kuala Sapi, Beluran","Health & Wellbeing-Public Health Centre","No email detail. Please contact via other contact detail","Government primary care clinics under MOH offering outpatient care, maternal and child health, immunisations, basic screening and referrals to hospitals; fees are generally subsidised.","12","No URL","+608-855 2602","Kampung Kuala Sapi, 90107 Sapi, Beluran","No information available, contact for more details","Kuala Sapi, Beluran Health Clinic","government, primary care, outpatient, maternal, child health, immunisation, screening, referral, subsidised, walk-in, appointment"
"805","Klinik Kesihatan Sungai-Sungai","Health & Wellbeing-Public Health Centre","No email detail. Please contact via other contact detail","Government primary care clinics under MOH offering outpatient care, maternal and child health, immunisations, basic screening and referrals to hospitals; fees are generally subsidised.","12","No URL","+608-889 2002","Kampung Sungai-Sungai, 90107 Sungai Sungai, Beluran","Monday-Friday 08:00-17:00","Sungai-Sungai Health Clinic","government, primary care, outpatient, maternal, child health, immunisation, screening, referral, subsidised, walk-in, appointment"
"806","Klinik Kesihatan Tangkarason, Beluran","Health & Wellbeing-Public Health Centre","No email detail. Please contact via other contact detail","Government primary care clinics under MOH offering outpatient care, maternal and child health, immunisations, basic screening and referrals to hospitals; fees are generally subsidised.","12","No URL","+608-889 2001","Kampung Tangkarason, 90108 Tangkarason, Beluran","No information available, contact for more details","Tangkarason Health Clinic","government, primary care, outpatient, maternal, child health, immunisation, screening, referral, subsidised, walk-in, appointment, urgent"
"807","Klinik Kesihatan Telupid, Beluran","Health & Wellbeing-Public Health Centre","No email detail. Please contact via other contact detail","Government primary care clinics under MOH offering outpatient care, maternal and child health, immunisations, basic screening and referrals to hospitals; fees are generally subsidised.","12","No URL","+608-952 1733","Pekan Telupid, 89300 Telupid, Beluran","Monday-Friday 08:00-17:00","Telupid Health Clinic","government, primary care, outpatient, maternal, child health, immunisation, screening, referral, subsidised, walk-in, appointment"
"808","Klinik Kesihatan Apin-Apin, Keningau","Health & Wellbeing-Public Health Centre","No email detail. Please contact via other contact detail","Government primary care clinics under MOH offering outpatient care, maternal and child health, immunisations, basic screening and referrals to hospitals; fees are generally subsidised.","12","No URL","+608-733 7371","Jalan Apin-Apin-Kota Kinabalu, Kg Kikiran, 89007 Apin-Apin, Keningau","Monday-Friday 08:00-17:00","Apin-Apin, Keningau Health Clinic","government, primary care, outpatient, maternal, child health, immunisation, screening, referral, subsidised, walk-in, appointment"
"809","Klinik Kesihatan Bingkor","Health & Wellbeing-Public Health Centre","No email detail. Please contact via other contact detail","Government primary care clinics under MOH offering outpatient care, maternal and child health, immunisations, basic screening and referrals to hospitals; fees are generally subsidised.","12","https://www.facebook.com/klinikkesihatanbingkorkeningau/","+608-739 1158","Jalan Bunsit, 89007 Pekan Bingkor, Keningau","Monday-Friday 08:00-17:00","Bingkor Health Clinic","government, primary care, outpatient, maternal, child health, immunisation, screening, referral, subsidised, walk-in, appointment"
"810","Klinik Kesihatan Mansiat, Keningau","Health & Wellbeing-Public Health Centre","No email detail. Please contact via other contact detail","Government primary care clinics under MOH offering outpatient care, maternal and child health, immunisations, basic screening and referrals to hospitals; fees are generally subsidised.","12","No URL","+608-739 1158","Kg Manisat, 89007 Sook, Keningau","Monday-Friday 08:00-17:00","Mansiat Health Clinic","government, primary care, outpatient, maternal, child health, immunisation, screening, referral, subsidised, walk-in, appointment"
"811","Klinik Kesihatan Sook, Keningau","Health & Wellbeing-Public Health Centre","No email detail. Please contact via other contact detail","Government primary care clinics under MOH offering outpatient care, maternal and child health, immunisations, basic screening and referrals to hospitals; fees are generally subsidised.","12","No URL","+608-772 4003","Jalan Tulid-Mansiat, 89007 Sook, Keningau","Monday-Friday 08:00-17:00","Sook Health Clinic","government, primary care, outpatient, maternal, child health, immunisation, screening, referral, subsidised, walk-in, appointment"
"812","Klinik Kesihatan Tulid, Keningau","Health & Wellbeing-Public Health Centre","No email detail. Please contact via other contact detail","Government primary care clinics under MOH offering outpatient care, maternal and child health, immunisations, basic screening and referrals to hospitals; fees are generally subsidised.","12","No URL","+608-734 5002","Jalan Tulid, Kg. Tulid, 89007 Sook, Keningau","No information available, contact for more details","Tulid Health Clinic","government, primary care, outpatient, maternal, child health, immunisation, screening, referral, subsidised, walk-in, appointment"
"813","Klinik Kesihatan Batu Putih","Health & Wellbeing-Public Health Centre","No email detail. Please contact via other contact detail","Government primary care clinics under MOH offering outpatient care, maternal and child health, immunisations, basic screening and referrals to hospitals; fees are generally subsidised.","12","No URL","+608-956 1975","Kampung Batu Putih, Jalan Kinabatangan Lahad Datu, Batu Putih, 90200 Sandakan, Kinabatangan",,"Batu Putih Health Clinic","government, primary care, outpatient, maternal, child health, immunisation, screening, referral, subsidised, walk-in, appointment"
"814","Klinik Kesihatan Bukit Garam, Kinabatangan","Health & Wellbeing-Public Health Centre","No email detail. Please contact via other contact detail","Government primary care clinics under MOH offering outpatient care, maternal and child health, immunisations, basic screening and referrals to hospitals; fees are generally subsidised.","12","No URL","+608-956 2151","Bukit Garam, 90200 Sandakan, Kinabatangan",,"Bukit Garam, Kinabatangan Health Clinic","government, primary care, outpatient, maternal, child health, immunisation, screening, referral, subsidised, walk-in, appointment"
"815","Klinik Kesihatan Sukau, Kinabatangan","Health & Wellbeing-Public Health Centre","No email detail. Please contact via other contact detail","Government primary care clinics under MOH offering outpatient care, maternal and child health, immunisations, basic screening and referrals to hospitals; fees are generally subsidised.","12","No URL","+608-981 6513","Pekan Sukau, 90200 Sukau, Kinabatangan",,"Sukau, Kinabatangan Health Clinic","government, primary care, outpatient, maternal, child health, immunisation, screening, referral, subsidised, walk-in, appointment"
"816","Klinik Kesihatan Kuamut, Tongod","Health & Wellbeing-Public Health Centre","No email detail. Please contact via other contact detail","Government primary care clinics under MOH offering outpatient care, maternal and child health, immunisations, basic screening and referrals to hospitals; fees are generally subsidised.","12","No URL","+608-923 2669","Pekan Kuamut, 90200 Tongod, Kinabatangan",,"Kuamut, Tongod Health Clinic","government, primary care, outpatient, maternal, child health, immunisation, screening, referral, subsidised, walk-in, appointment"
"817","Klinik Kesihatan Jawi-Jawi, Kota Belud","Health & Wellbeing-Public Health Centre","No email detail. Please contact via other contact detail","Government primary care clinics under MOH offering outpatient care, maternal and child health, immunisations, basic screening and referrals to hospitals; fees are generally subsidised.","12","No URL","+608-897 6001","Kg Jawi-Jawi, Jalan Bypass Kudat, 89150 Kota Belud, Kota Belud",,"Jawi-Jawi, Kota Belud Health Clinic","government, primary care, outpatient, maternal, child health, immunisation, screening, referral, subsidised, walk-in, appointment"
"818","Klinik Kesihatan Taginambur, Kota Belud","Health & Wellbeing-Public Health Centre","No email detail. Please contact via other contact detail","Government primary care clinics under MOH offering outpatient care, maternal and child health, immunisations, basic screening and referrals to hospitals; fees are generally subsidised.","12","No URL","+608-897 6437","Batu 10, Jalan Ranau Bypass, 89158 Kota Belud, Kota Belud",,"Taginambur, Kota Belud Health Clinic","government, primary care, outpatient, maternal, child health, immunisation, screening, referral, subsidised, walk-in, appointment"
"819","Klinik Kesihatan Inanam","Health & Wellbeing-Public Health Centre","No email detail. Please contact via other contact detail","Government primary care clinics under MOH offering outpatient care, maternal and child health, immunisations, basic screening and referrals to hospitals; fees are generally subsidised.","12","No URL","+608-842 1694","Jalan Kionsom, Pekan Inanam, 88300 Inanam, Kota Kinabalu",,"Inanam Health Clinic","government, primary care, outpatient, maternal, child health, immunisation, screening, referral, subsidised, walk-in, appointment"
"820","Klinik Kesihatan Luyang","Health & Wellbeing-Public Health Centre","No email detail. Please contact via other contact detail","Government primary care clinics under MOH offering outpatient care, maternal and child health, immunisations, basic screening and referrals to hospitals; fees are generally subsidised.","12","No URL","+608-871 5000","Jalan Lintas, Luyang, 88300 Kota Kinabalu, Kota Kinabalu",,"Luyang Health Clinic","government, primary care, outpatient, maternal, child health, immunisation, screening, referral, subsidised, walk-in, appointment"
"821","Klinik Kesihatan Menggatal","Health & Wellbeing-Public Health Centre","No email detail. Please contact via other contact detail","Government primary care clinics under MOH offering outpatient care, maternal and child health, immunisations, basic screening and referrals to hospitals; fees are generally subsidised.","12","No URL","+608-849 3915","Jalan Tuaran Lama, Pekan Menggatal, 88300 Kota Kinabalu, Kota Kinabalu",,"Menggatal Health Clinic","government, primary care, outpatient, maternal, child health, immunisation, screening, referral, subsidised, walk-in, appointment"
"822","Klinik Kesihatan Likas","Health & Wellbeing-Public Health Centre","No email detail. Please contact via other contact detail","Government primary care clinics under MOH offering outpatient care, maternal and child health, immunisations, basic screening and referrals to hospitals; fees are generally subsidised.","12","No URL","+608-843 3357","Jalan Haiwan, Kampung Likas, 88400 Likas, Kota Kinabalu",,"Likas Health Clinic","government, primary care, outpatient, maternal, child health, immunisation, screening, referral, subsidised, walk-in, appointment"
"823","Klinik Kesihatan Telipok","Health & Wellbeing-Public Health Centre","No email detail. Please contact via other contact detail","Government primary care clinics under MOH offering outpatient care, maternal and child health, immunisations, basic screening and referrals to hospitals; fees are generally subsidised.","12","No URL","+608-849 2057","Jalan Tuaran, Pekan Telipok, 88300 Telipok, Kota Kinabalu",,"Telipok Health Clinic","government, primary care, outpatient, maternal, child health, immunisation, screening, referral, subsidised, walk-in, appointment"
"824","Klinik Kesihatan Tandek, Kota Marudu","Health & Wellbeing-Public Health Centre","No email detail. Please contact via other contact detail","Government primary care clinics under MOH offering outpatient care, maternal and child health, immunisations, basic screening and referrals to hospitals; fees are generally subsidised.","12","No URL","+608-866 1533","Pekan Tandek, Tandek, 89108 Kota Marudu, Kota Marudu",,"Tandek, Kota Marudu Health Clinic","government, primary care, outpatient, maternal, child health, immunisation, screening, referral, subsidised, walk-in, appointment"
"825","Klinik Kesihatan Langkon, Kota Marudu","Health & Wellbeing-Public Health Centre","No email detail. Please contact via other contact detail","Government primary care clinics under MOH offering outpatient care, maternal and child health, immunisations, basic screening and referrals to hospitals; fees are generally subsidised.","12","No URL","+608-866 7320","Kampung Langkon, 89108 Kudat, Kota Marudu",,"Langkon, Kota Marudu Health Clinic","government, primary care, outpatient, maternal, child health, immunisation, screening, referral, subsidised, walk-in, appointment"
"826","Klinik Kesihatan Kerukan, Kuala Penyu","Health & Wellbeing-Public Health Centre","No email detail. Please contact via other contact detail","Government primary care clinics under MOH offering outpatient care, maternal and child health, immunisations, basic screening and referrals to hospitals; fees are generally subsidised.","12","No URL","+608-789 7260","Kampung Kerukan Sipitang, 89760 Kuala Penyu, Kuala Penyu",,"Kerukan, Kuala Penyu Health Clinic","government, primary care, outpatient, maternal, child health, immunisation, screening, referral, subsidised, walk-in, appointment"
"827","Klinik Kesihatan Menumbok, Kuala Penyu","Health & Wellbeing-Public Health Centre","No email detail. Please contact via other contact detail","Government primary care clinics under MOH offering outpatient care, maternal and child health, immunisations, basic screening and referrals to hospitals; fees are generally subsidised.","12","No URL","+608-783 1066","Pekan Menumbok, 89807 Menumbok, Kuala Penyu",,"Menumbok, Kuala Penyu Health Clinic","government, primary care, outpatient, maternal, child health, immunisation, screening, referral, subsidised, walk-in, appointment"
"828","Klinik Kesihatan Karakit, Kudat","Health & Wellbeing-Public Health Centre","No email detail. Please contact via other contact detail","Government primary care clinics under MOH offering outpatient care, maternal and child health, immunisations, basic screening and referrals to hospitals; fees are generally subsidised.","12","No URL","+608-867 1526","Kampung Karakit, Pulau Banggi, 89059 Banggi, Kudat",,"Karakit, Kudat Health Clinic","government, primary care, outpatient, maternal, child health, immunisation, screening, referral, subsidised, walk-in, appointment"
"829","Klinik Kesihatan Narandang, Kudat","Health & Wellbeing-Public Health Centre","No email detail. Please contact via other contact detail","Government primary care clinics under MOH offering outpatient care, maternal and child health, immunisations, basic screening and referrals to hospitals; fees are generally subsidised.","12","No URL","+608-889 6524","Kampung Garau, Narandang, 89059 Kudat, Kudat",,"Narandang, Kudat Health Clinic","government, primary care, outpatient, maternal, child health, immunisation, screening, referral, subsidised, walk-in, appointment"
"830","Klinik Kesihatan Suangpai, Kudat","Health & Wellbeing-Public Health Centre","No email detail. Please contact via other contact detail","Government primary care clinics under MOH offering outpatient care, maternal and child health, immunisations, basic screening and referrals to hospitals; fees are generally subsidised.","12","No URL","+608-889 6609","Kg Suangpai, 89059 Kudat, Kudat",,"Suangpai, Kudat Health Clinic","government, primary care, outpatient, maternal, child health, immunisation, screening, referral, subsidised, walk-in, appointment"
"831","Klinik Kesihatan Nangka Lotong, Kudat","Health & Wellbeing-Public Health Centre","No email detail. Please contact via other contact detail","Government primary care clinics under MOH offering outpatient care, maternal and child health, immunisations, basic screening and referrals to hospitals; fees are generally subsidised.","12","No URL","+608-863 7014","Kg Lotong, 89059 Lotong, Kudat",,"Nangka Lotong, Kudat Health Clinic","government, primary care, outpatient, maternal, child health, immunisation, screening, referral, subsidised, walk-in, appointment"
"832","Klinik Kesihatan Matunggong, Kudat","Health & Wellbeing-Public Health Centre","No email detail. Please contact via other contact detail","Government primary care clinics under MOH offering outpatient care, maternal and child health, immunisations, basic screening and referrals to hospitals; fees are generally subsidised.","12","No URL","+608-862 1897","Kg. Matunggong, 89059 Matunggong, Kudat",,"Matunggong, Kudat Health Clinic","government, primary care, outpatient, maternal, child health, immunisation, screening, referral, subsidised, walk-in, appointment"
"833","Klinik Kesihatan Sikuati, Kudat","Health & Wellbeing-Public Health Centre","No email detail. Please contact via other contact detail","Government primary care clinics under MOH offering outpatient care, maternal and child health, immunisations, basic screening and referrals to hospitals; fees are generally subsidised.","12","No URL","+608-861 2381","Pekan Sikuati, 89059 Sikuati, Kudat",,"Sikuati, Kudat Health Clinic","government, primary care, outpatient, maternal, child health, immunisation, screening, referral, subsidised, walk-in, appointment"
"834","Klinik Kesihatan Tinangol, Kudat","Health & Wellbeing-Public Health Centre","No email detail. Please contact via other contact detail","Government primary care clinics under MOH offering outpatient care, maternal and child health, immunisations, basic screening and referrals to hospitals; fees are generally subsidised.","12","No URL","+608-861 3702","Kampung Tinangol, 89059 Tinangol, Kudat",,"Tinangol, Kudat Health Clinic","government, primary care, outpatient, maternal, child health, immunisation, screening, referral, subsidised, walk-in, appointment"
"835","Klinik Kesihatan Bukit Belacon, Lahad Datu","Health & Wellbeing-Public Health Centre","No email detail. Please contact via other contact detail","Government primary care clinics under MOH offering outpatient care, maternal and child health, immunisations, basic screening and referrals to hospitals; fees are generally subsidised.","12","No URL","+608-984 5001","Bukit Belacan, Segama, 91120 Lahad Datu, Lahad Datu",,"Bukit Belacon, Lahad Datu Health Clinic","government, primary care, outpatient, maternal, child health, immunisation, screening, referral, subsidised, walk-in, appointment"
"836","Klinik Kesihatan Felda Sahabat, Lahad Datu","Health & Wellbeing-Public Health Centre","No email detail. Please contact via other contact detail","Government primary care clinics under MOH offering outpatient care, maternal and child health, immunisations, basic screening and referrals to hospitals; fees are generally subsidised.","12","No URL","+608-981 1912","Desa Kencana,Felda Sahabat 16, 91120 Lahad Datu, Lahad Datu",,"Felda Sahabat, Lahad Datu Health Clinic","government, primary care, outpatient, maternal, child health, immunisation, screening, referral, subsidised, walk-in, appointment"
"837","Klinik Kesihatan Lahad Datu","Health & Wellbeing-Public Health Centre","No email detail. Please contact via other contact detail","Government primary care clinics under MOH offering outpatient care, maternal and child health, immunisations, basic screening and referrals to hospitals; fees are generally subsidised.","12","No URL","+608-988 5110","Jalam Silam, Bandar Lahad Datu, 91120 Lahad Datu, Lahad Datu",,"Lahad Datu Health Clinic","government, primary care, outpatient, maternal, child health, immunisation, screening, referral, subsidised, walk-in, appointment"
"838","Klinik Kesihatan Silabukan Scheme, Lahad Datu","Health & Wellbeing-Public Health Centre","No email detail. Please contact via other contact detail","Government primary care clinics under MOH offering outpatient care, maternal and child health, immunisations, basic screening and referrals to hospitals; fees are generally subsidised.","12","No URL","+608-982 1510","Kampung Silabukan, 91120 Silabukan, Lahad Datu",,"Silabukan Scheme, Lahad Datu Health Clinic","government, primary care, outpatient, maternal, child health, immunisation, screening, referral, subsidised, walk-in, appointment"
"839","Klinik Kesihatan Pulau Tambisan, Lahad Datu","Health & Wellbeing-Public Health Centre","No email detail. Please contact via other contact detail","Government primary care clinics under MOH offering outpatient care, maternal and child health, immunisations, basic screening and referrals to hospitals; fees are generally subsidised.","12","No URL","+608-981 6001","Pekan Tambisan, 91120 Tambisan, Lahad Datu",,"Pulau Tambisan, Lahad Datu Health Clinic","government, primary care, outpatient, maternal, child health, immunisation, screening, referral, subsidised, walk-in, appointment"
"840","Klinik Kesihatan Tungku, Lahad Datu","Health & Wellbeing-Public Health Centre","No email detail. Please contact via other contact detail","Government primary care clinics under MOH offering outpatient care, maternal and child health, immunisations, basic screening and referrals to hospitals; fees are generally subsidised.","12","No URL","+608-987 1125","Pekan Tungku, 91120 Tungku, Lahad Datu",,"Tungku, Lahad Datu Health Clinic","government, primary care, outpatient, maternal, child health, immunisation, screening, referral, subsidised, walk-in, appointment"
"841","Klinik Kesihatan Pagalungan, Nabawan","Health & Wellbeing-Public Health Centre","No email detail. Please contact via other contact detail","Government primary care clinics under MOH offering outpatient care, maternal and child health, immunisations, basic screening and referrals to hospitals; fees are generally subsidised.","12","No URL","+608-774 3001","Simpang Tiga Sungai Pensiangan Lolongan, Kampung Pagalungan, 89957 Pensiangan, Nabawan",,"Pagalungan, Nabawan Health Clinic","government, primary care, outpatient, maternal, child health, immunisation, screening, referral, subsidised, walk-in, appointment"
"842","Klinik Kesihatan Sepulot, Nabawan","Health & Wellbeing-Public Health Centre","No email detail. Please contact via other contact detail","Government primary care clinics under MOH offering outpatient care, maternal and child health, immunisations, basic screening and referrals to hospitals; fees are generally subsidised.","12","No URL","+608-777 3005","Pekan Sepulot, 89957 Pensiangan, Nabawan",,"Sepulot, Nabawan Health Clinic","government, primary care, outpatient, maternal, child health, immunisation, screening, referral, subsidised, walk-in, appointment"
"843","Klinik Kesihatan Nabawan","Health & Wellbeing-Public Health Centre","No email detail. Please contact via other contact detail","Government primary care clinics under MOH offering outpatient care, maternal and child health, immunisations, basic screening and referrals to hospitals; fees are generally subsidised.","12","No URL","+608-736 6199","Pekan Nabawan, 89957 Pesiangan, Nabawan",,"Nabawan Health Clinic","government, primary care, outpatient, maternal, child health, immunisation, screening, referral, subsidised, walk-in, appointment"
"844","Klinik Kesihatan Pensiangan, Nabawan","Health & Wellbeing-Public Health Centre","No email detail. Please contact via other contact detail","Government primary care clinics under MOH offering outpatient care, maternal and child health, immunisations, basic screening and referrals to hospitals; fees are generally subsidised.","12","No URL","+608-736 6220","Pekan Pesiangan, 89957 Pesiangan, Nabawan",,"Pensiangan, Nabawan Health Clinic","government, primary care, outpatient, maternal, child health, immunisation, screening, referral, subsidised, walk-in, appointment"
"845","Klinik Kesihatan Bongawan","Health & Wellbeing-Public Health Centre","No email detail. Please contact via other contact detail","Government primary care clinics under MOH offering outpatient care, maternal and child health, immunisations, basic screening and referrals to hospitals; fees are generally subsidised.","12","No URL","+608-786 1771","Jln. Besar Pekan Bongawan, 89700 Bongawan, Papar",,"Bongawan Health Clinic","government, primary care, outpatient, maternal, child health, immunisation, screening, referral, subsidised, walk-in, appointment"
"846","Klinik Kesihatan Kinarut","Health & Wellbeing-Public Health Centre","No email detail. Please contact via other contact detail","Government primary care clinics under MOH offering outpatient care, maternal and child health, immunisations, basic screening and referrals to hospitals; fees are generally subsidised.","12","No URL","+608-875 4039","Jalan Spur, Pekan Kinarut, 89608 Kinarut, Papar",,"Kinarut Health Clinic","government, primary care, outpatient, maternal, child health, immunisation, screening, referral, subsidised, walk-in, appointment"
"847","Klinik Kesihatan Kuala Papar","Health & Wellbeing-Public Health Centre","No email detail. Please contact via other contact detail","Government primary care clinics under MOH offering outpatient care, maternal and child health, immunisations, basic screening and referrals to hospitals; fees are generally subsidised.","12","No URL","+608-891 1028","Kampung Kuala Papar, 89700 Papar, Papar",,"Kuala Papar Health Clinic","government, primary care, outpatient, maternal, child health, immunisation, screening, referral, subsidised, walk-in, appointment"
"848","Klinik Kesihatan Ulu Kimanis, Papar","Health & Wellbeing-Public Health Centre","No email detail. Please contact via other contact detail","Government primary care clinics under MOH offering outpatient care, maternal and child health, immunisations, basic screening and referrals to hospitals; fees are generally subsidised.","12","No URL","+608-773 0204","Kampung Ulu Kimanis, Kimanis, 89700 Papar, Papar",,"Ulu Kimanis, Papar Health Clinic","government, primary care, outpatient, maternal, child health, immunisation, screening, referral, subsidised, walk-in, appointment"
"849","Klinik Kesihatan Penampang","Health & Wellbeing-Public Health Centre","No email detail. Please contact via other contact detail","Government primary care clinics under MOH offering outpatient care, maternal and child health, immunisations, basic screening and referrals to hospitals; fees are generally subsidised.","12","No URL","+608-871 7978","KM 12, Jalan Tambunan, WDT 29, 89500 Donggongon, Penampang",,"Penampang Health Clinic","government, primary care, outpatient, maternal, child health, immunisation, screening, referral, subsidised, walk-in, appointment"
"850","Klinik Kesihatan Bongkol, Pitas","Health & Wellbeing-Public Health Centre","No email detail. Please contact via other contact detail","Government primary care clinics under MOH offering outpatient care, maternal and child health, immunisations, basic screening and referrals to hospitals; fees are generally subsidised.","12","No URL","+608-868 4940","Kampung Bongkol, Bongkol, 89059 Kudat, Pitas",,"Bongkol, Pitas Health Clinic","government, primary care, outpatient, maternal, child health, immunisation, screening, referral, subsidised, walk-in, appointment"
"851","Klinik Kesihatan Dandun, Pitas","Health & Wellbeing-Public Health Centre","No email detail. Please contact via other contact detail","Government primary care clinics under MOH offering outpatient care, maternal and child health, immunisations, basic screening and referrals to hospitals; fees are generally subsidised.","12","No URL","+608-868 7849","Kampung Dandun, Dandun, 89059 Kudat, Pitas",,"Dandun, Pitas Health Clinic","government, primary care, outpatient, maternal, child health, immunisation, screening, referral, subsidised, walk-in, appointment"
"852","Klinik Kesihatan Pantai, Pitas","Health & Wellbeing-Public Health Centre","No email detail. Please contact via other contact detail","Government primary care clinics under MOH offering outpatient care, maternal and child health, immunisations, basic screening and referrals to hospitals; fees are generally subsidised.","12","No URL","+608-867 5008","Kampung Pantai, Pantai, 89059 Kudat, Pitas",,"Pantai, Pitas Health Clinic","government, primary care, outpatient, maternal, child health, immunisation, screening, referral, subsidised, walk-in, appointment"
"853","Klinik Kesihatan Telaga, Pitas","Health & Wellbeing-Public Health Centre","No email detail. Please contact via other contact detail","Government primary care clinics under MOH offering outpatient care, maternal and child health, immunisations, basic screening and referrals to hospitals; fees are generally subsidised.","12","No URL","+608-863 8005","Kampung Telaga, Telaga, Pitas, 89059 Kudat, Pitas",,"Telaga, Pitas Health Clinic","government, primary care, outpatient, maternal, child health, immunisation, screening, referral, subsidised, walk-in, appointment"
"854","Klinik Kesihatan Putatan","Health & Wellbeing-Public Health Centre","No email detail. Please contact via other contact detail","Government primary care clinics under MOH offering outpatient care, maternal and child health, immunisations, basic screening and referrals to hospitals; fees are generally subsidised.","12","No URL","+608-876 5704","KM 11 Jalan Putatan, 89500 Donggongong, Putatan",,"Putatan Health Clinic","government, primary care, outpatient, maternal, child health, immunisation, screening, referral, subsidised, walk-in, appointment"
"855","Klinik Kesihatan Bundu Tuhan, Ranau","Health & Wellbeing-Public Health Centre","No email detail. Please contact via other contact detail","Government primary care clinics under MOH offering outpatient care, maternal and child health, immunisations, basic screening and referrals to hospitals; fees are generally subsidised.","12","No URL","+608-888 9505","Jalan Keranau, Kg Bundu Tuhan, 89308 Ranau, Ranau",,"Bundu Tuhan, Ranau Health Clinic","government, primary care, outpatient, maternal, child health, immunisation, screening, referral, subsidised, walk-in, appointment"
"856","Klinik Kesihatan Kaingaran, Ranau","Health & Wellbeing-Public Health Centre","No email detail. Please contact via other contact detail","Government primary care clinics under MOH offering outpatient care, maternal and child health, immunisations, basic screening and referrals to hospitals; fees are generally subsidised.","12","No URL","+608-889 4000","Kampung Kaingaran, 89307 Ranau, Ranau",,"Kaingaran, Ranau Health Clinic","government, primary care, outpatient, maternal, child health, immunisation, screening, referral, subsidised, walk-in, appointment"
"857","Klinik Kesihatan Kundasang, Ranau","Health & Wellbeing-Public Health Centre","No email detail. Please contact via other contact detail","Government primary care clinics under MOH offering outpatient care, maternal and child health, immunisations, basic screening and referrals to hospitals; fees are generally subsidised.","12","No URL","+608-888 9722","Jalan Kampung Lembah Permai, 89307 Ranau, Ranau",,"Kundasang, Ranau Health Clinic","government, primary care, outpatient, maternal, child health, immunisation, screening, referral, subsidised, walk-in, appointment"
"858","Klinik Kesihatan Paginatan, Ranau","Health & Wellbeing-Public Health Centre","No email detail. Please contact via other contact detail","Government primary care clinics under MOH offering outpatient care, maternal and child health, immunisations, basic screening and referrals to hospitals; fees are generally subsidised.","12","No URL","+608-889 7203","Kampung Paginatan, 89307 Ranau, Ranau",,"Paginatan, Ranau Health Clinic","government, primary care, outpatient, maternal, child health, immunisation, screening, referral, subsidised, walk-in, appointment"
"859","Klinik Kesihatan Perancangan, Ranau","Health & Wellbeing-Public Health Centre","No email detail. Please contact via other contact detail","Government primary care clinics under MOH offering outpatient care, maternal and child health, immunisations, basic screening and referrals to hospitals; fees are generally subsidised.","12","No URL","+608-866 6102","Kg Perancangan, 89307 Ranau, Ranau",,"Perancangan, Ranau Health Clinic","government, primary care, outpatient, maternal, child health, immunisation, screening, referral, subsidised, walk-in, appointment"
"860","Klinik Kesihatan Timbua, Ranau","Health & Wellbeing-Public Health Centre","No email detail. Please contact via other contact detail","Government primary care clinics under MOH offering outpatient care, maternal and child health, immunisations, basic screening and referrals to hospitals; fees are generally subsidised.","12","No URL","+608-895 9027","Kampung Timbua (Pejabat Kesihatan Ranau, Peti Surat 32), 89307 Ranau, Ranau",,"Timbua, Ranau Health Clinic","government, primary care, outpatient, maternal, child health, immunisation, screening, referral, subsidised, walk-in, appointment"
"861","Klinik Kesihatan Batu 10, Sandakan","Health & Wellbeing-Public Health Centre","No email detail. Please contact via other contact detail","Government primary care clinics under MOH offering outpatient care, maternal and child health, immunisations, basic screening and referrals to hospitals; fees are generally subsidised.","12","No URL","+608-953 7649","Batu 10, 90500 Sandakan, Sandakan",,"Batu 10, Sandakan Health Clinic","government, primary care, outpatient, maternal, child health, immunisation, screening, referral, subsidised, walk-in, appointment"
"862","Klinik Kesihatan Pulau Libaran, Sandakan","Health & Wellbeing-Public Health Centre","No email detail. Please contact via other contact detail","Government primary care clinics under MOH offering outpatient care, maternal and child health, immunisations, basic screening and referrals to hospitals; fees are generally subsidised.","12","No URL","+608-966 8493","Kg Pulau Libaran, 90500 Sandakan, Sandakan",,"Pulau Libaran, Sandakan Health Clinic","government, primary care, outpatient, maternal, child health, immunisation, screening, referral, subsidised, walk-in, appointment"
"863","Klinik Kesihatan Pulau Nunuyan","Health & Wellbeing-Public Health Centre","No email detail. Please contact via other contact detail","Government primary care clinics under MOH offering outpatient care, maternal and child health, immunisations, basic screening and referrals to hospitals; fees are generally subsidised.","12","No URL","+608-923 9600","Kg Pulau Nunuyun, 90500 Sandakan, Sandakan",,"Pulau Nunuyan Health Clinic","government, primary care, outpatient, maternal, child health, immunisation, screening, referral, subsidised, walk-in, appointment"
"864","Klinik Kesihatan Sandakan","Health & Wellbeing-Public Health Centre","No email detail. Please contact via other contact detail","Government primary care clinics under MOH offering outpatient care, maternal and child health, immunisations, basic screening and referrals to hospitals; fees are generally subsidised.","12","No URL","+608-922 5800","Kilometer 3.2, Jalan Utara, 90500 Sandakan, Sandakan",,"Sandakan Health Clinic","government, primary care, outpatient, maternal, child health, immunisation, screening, referral, subsidised, walk-in, appointment"
"865","Klinik Kesihatan Suan Lamba, Sandakan","Health & Wellbeing-Public Health Centre","No email detail. Please contact via other contact detail","Government primary care clinics under MOH offering outpatient care, maternal and child health, immunisations, basic screening and referrals to hospitals; fees are generally subsidised.","12","No URL","+608-925 8009","Kampung Suan Lamba, 90500 Suan Lamba, Sandakan",,"Suan Lamba, Sandakan Health Clinic","government, primary care, outpatient, maternal, child health, immunisation, screening, referral, subsidised, walk-in, appointment"
"866","Klinik Kesihatan Sungai Manila, Sandakan","Health & Wellbeing-Public Health Centre","No email detail. Please contact via other contact detail","Government primary care clinics under MOH offering outpatient care, maternal and child health, immunisations, basic screening and referrals to hospitals; fees are generally subsidised.","12","No URL","+608-953 1377","Kampung Sungai Manila, 90500 Sungai Manila, Sandakan",,"Sungai Manila, Sandakan Health Clinic","government, primary care, outpatient, maternal, child health, immunisation, screening, referral, subsidised, walk-in, appointment"
"867","Klinik Kesihatan Ulu Dusun, Sandakan","Health & Wellbeing-Public Health Centre","No email detail. Please contact via other contact detail","Government primary care clinics under MOH offering outpatient care, maternal and child health, immunisations, basic screening and referrals to hospitals; fees are generally subsidised.","12","No URL","+608-956 8826","Kampung Ulu Dusun, Ulu Dusun, 90500 Tongod, Sandakan",,"Ulu Dusun, Sandakan Health Clinic","government, primary care, outpatient, maternal, child health, immunisation, screening, referral, subsidised, walk-in, appointment"
"868","Klinik Kesihatan Pulau Bum-Bum, Semporna","Health & Wellbeing-Public Health Centre","No email detail. Please contact via other contact detail","Government primary care clinics under MOH offering outpatient care, maternal and child health, immunisations, basic screening and referrals to hospitals; fees are generally subsidised.","12","No URL","+608-979 2003","Kg Pulau Bum-Bum, 91308 Semporna, Semporna",,"Pulau Bum-Bum, Semporna Health Clinic","government, primary care, outpatient, maternal, child health, immunisation, screening, referral, subsidised, walk-in, appointment"
"869","Klinik Kesihatan Semporna","Health & Wellbeing-Public Health Centre","No email detail. Please contact via other contact detail","Government primary care clinics under MOH offering outpatient care, maternal and child health, immunisations, basic screening and referrals to hospitals; fees are generally subsidised.","12","No URL","+608-978 1695","Kg Semporna (Pejabat Kesihatan Semporna, Peti Surat no 395), 91308 Semporna, Semporna",,"Semporna Health Clinic","government, primary care, outpatient, maternal, child health, immunisation, screening, referral, subsidised, walk-in, appointment"
"870","Klinik Kesihatan Meligan, Sipitang","Health & Wellbeing-Public Health Centre","No email detail. Please contact via other contact detail","Government primary care clinics under MOH offering outpatient care, maternal and child health, immunisations, basic screening and referrals to hospitals; fees are generally subsidised.","12","No URL","+608-782 1066","Kampung Meligan, 89857 Meligan, Sipitang",,"Meligan, Sipitang Health Clinic","government, primary care, outpatient, maternal, child health, immunisation, screening, referral, subsidised, walk-in, appointment"
"871","Klinik Kesihatan Mendulong","Health & Wellbeing-Public Health Centre","No email detail. Please contact via other contact detail","Government primary care clinics under MOH offering outpatient care, maternal and child health, immunisations, basic screening and referrals to hospitals; fees are generally subsidised.","12","No URL","+608-772 1163","Kampung Mendulong, 89857 Mendulong, Sipitang",,"Mendulong Health Clinic","government, primary care, outpatient, maternal, child health, immunisation, screening, referral, subsidised, walk-in, appointment"
"872","Klinik Kesihatan Sindumin, Sipitang","Health & Wellbeing-Public Health Centre","No email detail. Please contact via other contact detail","Government primary care clinics under MOH offering outpatient care, maternal and child health, immunisations, basic screening and referrals to hospitals; fees are generally subsidised.","12","No URL","+608-781 1134","Pekan Sindumin, 89857 Sindumin, Sipitang",,"Sindumin, Sipitang Health Clinic","government, primary care, outpatient, maternal, child health, immunisation, screening, referral, subsidised, walk-in, appointment"
"873","Klinik Kesihatan Long Pasia, Sipitang","Health & Wellbeing-Public Health Centre","No email detail. Please contact via other contact detail","Government primary care clinics under MOH offering outpatient care, maternal and child health, immunisations, basic screening and referrals to hospitals; fees are generally subsidised.","12","No URL","+608-782 1066","Kampung Long Pasia, Long Pasia, 89857 Sipitang, Sipitang",,"Long Pasia, Sipitang Health Clinic","government, primary care, outpatient, maternal, child health, immunisation, screening, referral, subsidised, walk-in, appointment"
"874","Klinik Kesihatan Patau, Tambunan","Health & Wellbeing-Public Health Centre","No email detail. Please contact via other contact detail","Government primary care clinics under MOH offering outpatient care, maternal and child health, immunisations, basic screening and referrals to hospitals; fees are generally subsidised.","12","No URL","+608-777 3318","Jalan Tambunan-Ranau, KM 12, 89657 Tambunan, Tambunan",,"Patau, Tambunan Health Clinic","government, primary care, outpatient, maternal, child health, immunisation, screening, referral, subsidised, walk-in, appointment"
"875","Klinik Kesihatan Sunsuron, Tambunan","Health & Wellbeing-Public Health Centre","No email detail. Please contact via other contact detail","Government primary care clinics under MOH offering outpatient care, maternal and child health, immunisations, basic screening and referrals to hospitals; fees are generally subsidised.","12","No URL","+608-777 3318","Jalan Tambunan-Kota Kinabalu, Simpang Kanan, SK Sunsuron, 89657 Tambunan, Tambunan",,"Sunsuron, Tambunan Health Clinic","government, primary care, outpatient, maternal, child health, immunisation, screening, referral, subsidised, walk-in, appointment"
"876","Klinik Kesihatan Apas Balung","Health & Wellbeing-Public Health Centre","No email detail. Please contact via other contact detail","Government primary care clinics under MOH offering outpatient care, maternal and child health, immunisations, basic screening and referrals to hospitals; fees are generally subsidised.","12","No URL","+608-995 1029","Jalan Apas Balung, 91008 Tawau, Tawau",,"Apas Balung Health Clinic","government, primary care, outpatient, maternal, child health, immunisation, screening, referral, subsidised, walk-in, appointment"
"877","Klinik Kesihatan Felda Umas Umas, Tawau","Health & Wellbeing-Public Health Centre","No email detail. Please contact via other contact detail","Government primary care clinics under MOH offering outpatient care, maternal and child health, immunisations, basic screening and referrals to hospitals; fees are generally subsidised.","12","No URL","+608-992 6540","Tingkat 7, Bangunan Persekutuan, Peti Surat 990, 91008 Tawau, Tawau",,"Felda Umas Umas, Tawau Health Clinic","government, primary care, outpatient, maternal, child health, immunisation, screening, referral, subsidised, walk-in, appointment"
"878","Klinik Kesihatan Merotai Besar","Health & Wellbeing-Public Health Centre","No email detail. Please contact via other contact detail","Government primary care clinics under MOH offering outpatient care, maternal and child health, immunisations, basic screening and referrals to hospitals; fees are generally subsidised.","12","No URL","+608-990 2601","Jalan SMK Merotai, 91008 Tawau, Tawau",,"Merotai Besar Health Clinic","government, primary care, outpatient, maternal, child health, immunisation, screening, referral, subsidised, walk-in, appointment"
"879","Klinik Kesihatan Sungai Tamang, Tawau","Health & Wellbeing-Public Health Centre","No email detail. Please contact via other contact detail","Government primary care clinics under MOH offering outpatient care, maternal and child health, immunisations, basic screening and referrals to hospitals; fees are generally subsidised.","12","No URL","+608-979 7100","Kampung Sungai Tamang, 91008 Tawau, Tawau",,"Sungai Tamang, Tawau Health Clinic","government, primary care, outpatient, maternal, child health, immunisation, screening, referral, subsidised, walk-in, appointment"
"880","Klinik Kesihatan Tawau","Health & Wellbeing-Public Health Centre","No email detail. Please contact via other contact detail","Government primary care clinics under MOH offering outpatient care, maternal and child health, immunisations, basic screening and referrals to hospitals; fees are generally subsidised.","12","No URL","+608-977 5710","Pejabat Kesihatan Daerah Tawau, Tingkat 7, Wisma Persekutuan, Peti Surat 990, 91008 Tawau, Tawau",,"Tawau Health Clinic","government, primary care, outpatient, maternal, child health, immunisation, screening, referral, subsidised, walk-in, appointment"
"881","Klinik Kesihatan Kemabong, Tenom","Health & Wellbeing-Public Health Centre","No email detail. Please contact via other contact detail","Government primary care clinics under MOH offering outpatient care, maternal and child health, immunisations, basic screening and referrals to hospitals; fees are generally subsidised.","12","No URL","+608-773 6896","Pekan Kembong, 89907 Kemabong, Tenom",,"Kemabong, Tenom Health Clinic","government, primary care, outpatient, maternal, child health, immunisation, screening, referral, subsidised, walk-in, appointment"
"882","Klinik Kesihatan Kuala Tomani, Tenom","Health & Wellbeing-Public Health Centre","No email detail. Please contact via other contact detail","Government primary care clinics under MOH offering outpatient care, maternal and child health, immunisations, basic screening and referrals to hospitals; fees are generally subsidised.","12","No URL","+608-774 1004","Kampung Kuala Tonomi, 89907 Tenom, Tenom",,"Kuala Tomani, Tenom Health Clinic","government, primary care, outpatient, maternal, child health, immunisation, screening, referral, subsidised, walk-in, appointment"
"883","Klinik Kesihatan Melalap, Tenom","Health & Wellbeing-Public Health Centre","No email detail. Please contact via other contact detail","Government primary care clinics under MOH offering outpatient care, maternal and child health, immunisations, basic screening and referrals to hospitals; fees are generally subsidised.","12","No URL","+608-730 2409","Pekan Melalap, 89007 Tenom, Tenom",,"Melalap, Tenom Health Clinic","government, primary care, outpatient, maternal, child health, immunisation, screening, referral, subsidised, walk-in, appointment"
"884","Klinik Kesihatan Penangah, Tongod","Health & Wellbeing-Public Health Centre","No email detail. Please contact via other contact detail","Government primary care clinics under MOH offering outpatient care, maternal and child health, immunisations, basic screening and referrals to hospitals; fees are generally subsidised.","12","No URL","+608-772 1917","Pekan Penangah, 90200 Kinabatangan, Tongod",,"Penangah, Tongod Health Clinic","government, primary care, outpatient, maternal, child health, immunisation, screening, referral, subsidised, walk-in, appointment"
"885","Klinik Kesihatan Entilidon, Tongod","Health & Wellbeing-Public Health Centre","No email detail. Please contact via other contact detail","Government primary care clinics under MOH offering outpatient care, maternal and child health, immunisations, basic screening and referrals to hospitals; fees are generally subsidised.","12","No URL","+608-956 1975","Jalan Tongod, Kampung Entilibon, Kinabatangan, 90200 Tongod, Tongod",,"Entilidon, Tongod Health Clinic","government, primary care, outpatient, maternal, child health, immunisation, screening, referral, subsidised, walk-in, appointment"
"886","Klinik Kesihatan Mengkawagu, Tongod","Health & Wellbeing-Public Health Centre","No email detail. Please contact via other contact detail","Government primary care clinics under MOH offering outpatient care, maternal and child health, immunisations, basic screening and referrals to hospitals; fees are generally subsidised.","12","No URL","+608-772 1918","Jalan Tongod, Kampung Mengkawagu, 90200 Tongod, Tongod",,"Mengkawagu, Tongod Health Clinic","government, primary care, outpatient, maternal, child health, immunisation, screening, referral, subsidised, walk-in, appointment"
"887","Klinik Kesihatan Minusoh, Tongod","Health & Wellbeing-Public Health Centre","No email detail. Please contact via other contact detail","Government primary care clinics under MOH offering outpatient care, maternal and child health, immunisations, basic screening and referrals to hospitals; fees are generally subsidised.","12","No URL","+608-772 1923","Kampung Minusoh, Kinabatangan, 90200 Tongod, Tongod",,"Minusoh, Tongod Health Clinic","government, primary care, outpatient, maternal, child health, immunisation, screening, referral, subsidised, walk-in, appointment"
"888","Klinik Kesihatan Tongod","Health & Wellbeing-Public Health Centre","No email detail. Please contact via other contact detail","Government primary care clinics under MOH offering outpatient care, maternal and child health, immunisations, basic screening and referrals to hospitals; fees are generally subsidised.","12","No URL","+608-771 9004","Pekan Tongod, 90200 Tongod, Tongod",,"Tongod Health Clinic","government, primary care, outpatient, maternal, child health, immunisation, screening, referral, subsidised, walk-in, appointment"
"889","Klinik Kesihatan Kiulu, Tuaran","Health & Wellbeing-Public Health Centre","No email detail. Please contact via other contact detail","Government primary care clinics under MOH offering outpatient care, maternal and child health, immunisations, basic screening and referrals to hospitals; fees are generally subsidised.","12","No URL","+608-878 2830","Jalan Keluk, 89207 Tamparuli, Tuaran",,"Kiulu, Tuaran Health Clinic","government, primary care, outpatient, maternal, child health, immunisation, screening, referral, subsidised, walk-in, appointment"
"890","Klinik Kesihatan Tamparuli, Tuaran","Health & Wellbeing-Public Health Centre","No email detail. Please contact via other contact detail","Government primary care clinics under MOH offering outpatient care, maternal and child health, immunisations, basic screening and referrals to hospitals; fees are generally subsidised.","12","No URL","+608-878 2349","W.D.T 59, 89275 Tamparuli, Tuaran",,"Tamparuli, Tuaran Health Clinic","government, primary care, outpatient, maternal, child health, immunisation, screening, referral, subsidised, walk-in, appointment"
"891","Klinik Kesihatan Serusop, Tuaran","Health & Wellbeing-Public Health Centre","No email detail. Please contact via other contact detail","Government primary care clinics under MOH offering outpatient care, maternal and child health, immunisations, basic screening and referrals to hospitals; fees are generally subsidised.","12","No URL","+608-879 4311","Jalan SRK Serusop, Kampung Serusop, 89208 Tuaran, Tuaran",,"Serusop, Tuaran Health Clinic","government, primary care, outpatient, maternal, child health, immunisation, screening, referral, subsidised, walk-in, appointment"
"892","Klinik Kesihatan Tenghilan, Tuaran","Health & Wellbeing-Public Health Centre","No email detail. Please contact via other contact detail","Government primary care clinics under MOH offering outpatient care, maternal and child health, immunisations, basic screening and referrals to hospitals; fees are generally subsidised.","12","No URL","+608-898 1249","Jalan Kampung Tenghilan Tuaran, 89208 Tuaran, Tuaran",,"Tenghilan, Tuaran Health Clinic","government, primary care, outpatient, maternal, child health, immunisation, screening, referral, subsidised, walk-in, appointment"
"893","Klinik Kesihatan Asajaya","Health & Wellbeing-Public Health Centre","No email detail. Please contact via other contact detail","Government primary care clinics under MOH offering outpatient care, maternal and child health, immunisations, basic screening and referrals to hospitals; fees are generally subsidised.","13","No URL","+608-282 7080","Kampung Asajaya, 94600 Asajaya, Asajaya","Monday-Friday 08:00-17:00","Asajaya Health Clinic","government, primary care, outpatient, maternal, child health, immunisation, screening, referral, subsidised, walk-in, appointment"
"894","Klinik Kesihatan Jemukan","Health & Wellbeing-Public Health Centre","No email detail. Please contact via other contact detail","Government primary care clinics under MOH offering outpatient care, maternal and child health, immunisations, basic screening and referrals to hospitals; fees are generally subsidised.","13","No URL","+608-282 7604","Kampung Jemukan, 94600 Asajaya, Asajaya","No information available, contact for more detail","Jemukan Health Clinic","government, primary care, outpatient, maternal, child health, immunisation, screening, referral, subsidised, walk-in, appointment"
"895","Klinik Kesihatan Sadong Jaya","Health & Wellbeing-Public Health Centre","No email detail. Please contact via other contact detail","Government primary care clinics under MOH offering outpatient care, maternal and child health, immunisations, basic screening and referrals to hospitals; fees are generally subsidised.","13","No URL","+608-282 1248","Kampung Sadong Jaya, 94600 Asajaya, Asajaya","Monday-Friday 08:00-17:00","Sadong Jaya Health Clinic","government, primary care, outpatient, maternal, child health, immunisation, screening, referral, subsidised, walk-in, appointment"
"896","Klinik Kesihatan Semera","Health & Wellbeing-Public Health Centre","No email detail. Please contact via other contact detail","Government primary care clinics under MOH offering outpatient care, maternal and child health, immunisations, basic screening and referrals to hospitals; fees are generally subsidised.","13","No URL","+608-282 6372","Kampunga Samera, 94600 Asajaya, Asajaya",,"Semera Health Clinic","government, primary care, outpatient, maternal, child health, immunisation, screening, referral, subsidised, walk-in, appointment"
"897","Klinik Kesihatan Krokong","Health & Wellbeing-Public Health Centre","No email detail. Please contact via other contact detail","Government primary care clinics under MOH offering outpatient care, maternal and child health, immunisations, basic screening and referrals to hospitals; fees are generally subsidised.","13","No URL","+608-276 3116","Jalan Bau Serikin, Kampung Krokong (D/A Pejabat Kesihatan Bahagian Kuching, Jln Tun Ahmad Zaidi Adruce), 94000 Bau, Bau",,"Krokong Health Clinic","government, primary care, outpatient, maternal, child health, immunisation, screening, referral, subsidised, walk-in, appointment"
"898","Klinik Kesihatan Serasot","Health & Wellbeing-Public Health Centre","No email detail. Please contact via other contact detail","Government primary care clinics under MOH offering outpatient care, maternal and child health, immunisations, basic screening and referrals to hospitals; fees are generally subsidised.","13","No URL","+608-237 1036","Kampung Serasot (D/A Peg. Kesihatan Bahagian Kuching Jalan Tun Ahmad Zaidi Adruce), 93250 Bau, Bau",,"Serasot Health Clinic","government, primary care, outpatient, maternal, child health, immunisation, screening, referral, subsidised, walk-in, appointment"
"899","Klinik Kesihatan Singai","Health & Wellbeing-Public Health Centre","No email detail. Please contact via other contact detail","Government primary care clinics under MOH offering outpatient care, maternal and child health, immunisations, basic screening and referrals to hospitals; fees are generally subsidised.","13","No URL","+6018-211 0499","Jalan Kawah, Kampung Singai (D/A Peg. Kesihatan Bahagian Kuching, Jalan Tun Ahmad Zaidi Adruce), 93250 Bau, Bau","No information available, contact for more details","Singai Health Clinic","government, primary care, outpatient, maternal, child health, immunisation, screening, referral, subsidised, walk-in, appointment"
"900","Klinik Kesihatan Belaga","Health & Wellbeing-Public Health Centre","No email detail. Please contact via other contact detail","Government primary care clinics under MOH offering outpatient care, maternal and child health, immunisations, basic screening and referrals to hospitals; fees are generally subsidised.","13","No URL","+608-646 1323","Pekan Kecil Belaga, 96800 Belaga, Belaga","Monday-Friday 08:00-17:00","Belaga Health Clinic","government, primary care, outpatient, maternal, child health, immunisation, screening, referral, subsidised, walk-in, appointment"
"901","Klinik Kesihatan Lusong Laku","Health & Wellbeing-Public Health Centre","No email detail. Please contact via other contact detail","Government primary care clinics under MOH offering outpatient care, maternal and child health, immunisations, basic screening and referrals to hospitals; fees are generally subsidised.","13","No URL","+608-646 4147","Kampung Lusong Laku, 96800 Belaga, Belaga","No information available, contact for more details","Lusong Laku Health Clinic","government, primary care, outpatient, maternal, child health, immunisation, screening, referral, subsidised, walk-in, appointment"
"902","Klinik Kesihatan Punan Bah","Health & Wellbeing-Public Health Centre","No email detail. Please contact via other contact detail","Government primary care clinics under MOH offering outpatient care, maternal and child health, immunisations, basic screening and referrals to hospitals; fees are generally subsidised.","13","No URL","+608-446 1323","Kampung Punan Bah, 96800 Belaga, Belaga",,"Punan Bah Health Clinic","government, primary care, outpatient, maternal, child health, immunisation, screening, referral, subsidised, walk-in, appointment"
"903","Klinik Kesihatan Sungai Asap","Health & Wellbeing-Public Health Centre","No email detail. Please contact via other contact detail","Government primary care clinics under MOH offering outpatient care, maternal and child health, immunisations, basic screening and referrals to hospitals; fees are generally subsidised.","13","No URL","+6013-865 7739","Pekan Sungai Asap, 96800 Belaga, Belaga","Monday-Friday 08:00-17:00","Sungai Asap Health Clinic","government, primary care, outpatient, maternal, child health, immunisation, screening, referral, subsidised, walk-in, appointment"
"904","Klinik Kesihatan Sungai Koyan","Health & Wellbeing-Public Health Centre","No email detail. Please contact via other contact detail","Government primary care clinics under MOH offering outpatient care, maternal and child health, immunisations, basic screening and referrals to hospitals; fees are generally subsidised.","13","No URL","+609-340 1533","Kampung Sungai Koyan, 96800 Belaga, Belaga",,"Sungai Koyan Health Clinic","government, primary care, outpatient, maternal, child health, immunisation, screening, referral, subsidised, walk-in, appointment"
"905","Klinik Kesihatan Uma Sambop","Health & Wellbeing-Public Health Centre","No email detail. Please contact via other contact detail","Government primary care clinics under MOH offering outpatient care, maternal and child health, immunisations, basic screening and referrals to hospitals; fees are generally subsidised.","13","No URL","+608-648 5165","Kampung Uma Sambop, 96800 Belaga, Belaga",,"Uma Sambop Health Clinic","government, primary care, outpatient, maternal, child health, immunisation, screening, referral, subsidised, walk-in, appointment"
"906","Klinik Kesihatan Mid Layar","Health & Wellbeing-Public Health Centre","No email detail. Please contact via other contact detail","Government primary care clinics under MOH offering outpatient care, maternal and child health, immunisations, basic screening and referrals to hospitals; fees are generally subsidised.","13","No URL","+608-347 2704","Betong, 95700 Betong, Betong",,"Mid Layar Health Clinic","government, primary care, outpatient, maternal, child health, immunisation, screening, referral, subsidised, walk-in, appointment"
"907","Klinik Kesihatan Nanga Lawih (Mujau)","Health & Wellbeing-Public Health Centre","No email detail. Please contact via other contact detail","Government primary care clinics under MOH offering outpatient care, maternal and child health, immunisations, basic screening and referrals to hospitals; fees are generally subsidised.","13","No URL","+608-377 5503","Nanga Lawih (D/A Pegawai Kesihatan Bahagian Betong), 95700 Betong, Betong",,"Nanga Lawih (Mujau) Health Clinic","government, primary care, outpatient, maternal, child health, immunisation, screening, referral, subsidised, walk-in, appointment"
"908","Klinik Kesihatan Nanga Tiga","Health & Wellbeing-Public Health Centre","No email detail. Please contact via other contact detail","Government primary care clinics under MOH offering outpatient care, maternal and child health, immunisations, basic screening and referrals to hospitals; fees are generally subsidised.","13","No URL","+608-477 5504","Kampung Ng Tiga, 95700 Betong, Betong",,"Nanga Tiga Health Clinic","government, primary care, outpatient, maternal, child health, immunisation, screening, referral, subsidised, walk-in, appointment"
"909","Klinik Kesihatan Debak","Health & Wellbeing-Public Health Centre","No email detail. Please contact via other contact detail","Government primary care clinics under MOH offering outpatient care, maternal and child health, immunisations, basic screening and referrals to hospitals; fees are generally subsidised.","13","No URL","+608-346 4570","Debak, Saribas, 95500 Debak, Betong","Monday-Friday 08:00-17:00","Debak Health Clinic","government, primary care, outpatient, maternal, child health, immunisation, screening, referral, subsidised, walk-in, appointment"
"910","Klinik Kesihatan Tuie","Health & Wellbeing-Public Health Centre","No email detail. Please contact via other contact detail","Government primary care clinics under MOH offering outpatient care, maternal and child health, immunisations, basic screening and referrals to hospitals; fees are generally subsidised.","13","No URL","+608-356 9508","Kampung Tuie, Pusa, Saribas, 95500 Debak, Betong","Monday-Friday 08:00-17:00","Tuie Health Clinic","government, primary care, outpatient, maternal, child health, immunisation, screening, referral, subsidised, walk-in, appointment"
"911","Klinik Kesihatan Beladin","Health & Wellbeing-Public Health Centre","No email detail. Please contact via other contact detail","Government primary care clinics under MOH offering outpatient care, maternal and child health, immunisations, basic screening and referrals to hospitals; fees are generally subsidised.","13","No URL","+608-340 6448","Beladin, Saribas, 94950 Pusa, Betong","No information available, contact for more details","Beladin Health Clinic","government, primary care, outpatient, maternal, child health, immunisation, screening, referral, subsidised, walk-in, appointment"
"912","Klinik Kesihatan Pusa","Health & Wellbeing-Public Health Centre","No email detail. Please contact via other contact detail","Government primary care clinics under MOH offering outpatient care, maternal and child health, immunisations, basic screening and referrals to hospitals; fees are generally subsidised.","13","No URL","+608-346 5155","Pekan Pusa, 94950 Pusa, Betong","Monday-Friday 08:00-17:00","Pusa Health Clinic","government, primary care, outpatient, maternal, child health, immunisation, screening, referral, subsidised, walk-in, appointment"
"913","Klinik Kesihatan Semarang","Health & Wellbeing-Public Health Centre","No email detail. Please contact via other contact detail","Government primary care clinics under MOH offering outpatient care, maternal and child health, immunisations, basic screening and referrals to hospitals; fees are generally subsidised.","13","No URL","+608-346 8007","Pekan Semarang, 94950 Pusa, Betong","No information available, contact for more details","Semarang Health Clinic","government, primary care, outpatient, maternal, child health, immunisation, screening, referral, subsidised, walk-in, appointment"
"914","Klinik Kesihatan Meludam","Health & Wellbeing-Public Health Centre","No email detail. Please contact via other contact detail","Government primary care clinics under MOH offering outpatient care, maternal and child health, immunisations, basic screening and referrals to hospitals; fees are generally subsidised.","13","No URL","+608-340 8212","Meludam, 94850 Saribas, Betong","Monday-Friday 08:00-17:00","Meludam Health Clinic","government, primary care, outpatient, maternal, child health, immunisation, screening, referral, subsidised, walk-in, appointment"
"915","Klinik Kesihatan Spaoh","Health & Wellbeing-Public Health Centre","No email detail. Please contact via other contact detail","Government primary care clinics under MOH offering outpatient care, maternal and child health, immunisations, basic screening and referrals to hospitals; fees are generally subsidised.","13","No URL","+608-347 3339","Kampung Spaoh, 95600 Spaoh, Betong","No information available, contact for more details","Spaoh Health Clinic","government, primary care, outpatient, maternal, child health, immunisation, screening, referral, subsidised, walk-in, appointment"
"916","Klinik Kesihatan Bintulu","Health & Wellbeing-Public Health Centre","No email detail. Please contact via other contact detail","Government primary care clinics under MOH offering outpatient care, maternal and child health, immunisations, basic screening and referrals to hospitals; fees are generally subsidised.","13","No URL","+608-633 1455","Lebuh Raya Abang Galau, 97000 Bintulu, Bintulu","Monday-Thursday 08:00-13:00 and 14:00-17:00; Friday 08:00-11:45 and 14:15-17:00","Bintulu Health Clinic","government, primary care, outpatient, maternal, child health, immunisation, screening, referral, subsidised, walk-in, appointment"
"917","Klinik Kesihatan Jepak","Health & Wellbeing-Public Health Centre","No email detail. Please contact via other contact detail","Government primary care clinics under MOH offering outpatient care, maternal and child health, immunisations, basic screening and referrals to hospitals; fees are generally subsidised.","13","No URL","+608-620 1089","Jalan Jepak, Kuala Tatau, 97000 Bintulu, Bintulu","Monday-Thursday 08:00-17:00; Friday 08:00-12:00 and 14:00-17:00","Jepak Health Clinic","government, primary care, outpatient, maternal, child health, immunisation, screening, referral, subsidised, walk-in, appointment"
"918","Klinik Kesihatan Lubok Tapang","Health & Wellbeing-Public Health Centre","No email detail. Please contact via other contact detail","Government primary care clinics under MOH offering outpatient care, maternal and child health, immunisations, basic screening and referrals to hospitals; fees are generally subsidised.","13","No URL","+608-646 9003","Lubok Tapang (D/A Peg. Kesihatan Bahagian Bintulu, Lebuh Raya Abang Galau), 97000 Bintulu, Bintulu",,"Lubok Tapang Health Clinic","government, primary care, outpatient, maternal, child health, immunisation, screening, referral, subsidised, walk-in, appointment"
"919","Klinik Kesihatan Nyalau","Health & Wellbeing-Public Health Centre","No email detail. Please contact via other contact detail","Government primary care clinics under MOH offering outpatient care, maternal and child health, immunisations, basic screening and referrals to hospitals; fees are generally subsidised.","13","No URL","+608-577 6002","Kampung Tengah Nyalau, 97000 Bintulu, Bintulu",,"Nyalau Health Clinic","government, primary care, outpatient, maternal, child health, immunisation, screening, referral, subsidised, walk-in, appointment"
"920","Klinik Kesihatan Sebauh","Health & Wellbeing-Public Health Centre","No email detail. Please contact via other contact detail","Government primary care clinics under MOH offering outpatient care, maternal and child health, immunisations, basic screening and referrals to hospitals; fees are generally subsidised.","13","No URL","+608-642 2233","Pekan Sebauh (D/A Peg. Kesihatan Bahagian Bintulu, Lebuh Raya Abang Galau), 97000 Bintulu, Bintulu",,"Sebauh Health Clinic","government, primary care, outpatient, maternal, child health, immunisation, screening, referral, subsidised, walk-in, appointment"
"921","Klinik Kesihatan Tubau","Health & Wellbeing-Public Health Centre","No email detail. Please contact via other contact detail","Government primary care clinics under MOH offering outpatient care, maternal and child health, immunisations, basic screening and referrals to hospitals; fees are generally subsidised.","13","No URL","+608-647 2104","Pekan Tubau, Bintulu (D/A Peg. Kesihatan Bahagian Bintulu, Lebuh Raya Abang Galau), 97000 Bintulu, Bintulu",,"Tubau Health Clinic","government, primary care, outpatient, maternal, child health, immunisation, screening, referral, subsidised, walk-in, appointment"
"922","Klinik Kesihatan Gagatau","Health & Wellbeing-Public Health Centre","No email detail. Please contact via other contact detail","Government primary care clinics under MOH offering outpatient care, maternal and child health, immunisations, basic screening and referrals to hospitals; fees are generally subsidised.","13","No URL","+6019-854 8807","Gagatau, 97200 Tatau, Bintulu",,"Gagatau Health Clinic","government, primary care, outpatient, maternal, child health, immunisation, screening, referral, subsidised, walk-in, appointment"
"923","Klinik Kesihatan Kakus","Health & Wellbeing-Public Health Centre","No email detail. Please contact via other contact detail","Government primary care clinics under MOH offering outpatient care, maternal and child health, immunisations, basic screening and referrals to hospitals; fees are generally subsidised.","13","No URL","+608-647 4302","Kakus (Pej. Kesihatan Bahagian Bintulu, Lebuh Raya Abang Galau), 97000 Tatau, Bintulu",,"Kakus Health Clinic","government, primary care, outpatient, maternal, child health, immunisation, screening, referral, subsidised, walk-in, appointment"
"924","Klinik Kesihatan Kuala Tatau","Health & Wellbeing-Public Health Centre","No email detail. Please contact via other contact detail","Government primary care clinics under MOH offering outpatient care, maternal and child health, immunisations, basic screening and referrals to hospitals; fees are generally subsidised.","13","No URL","+608-632 6287","Kampung Kuala Tatau, 97200 Tatau, Bintulu",,"Kuala Tatau Health Clinic","government, primary care, outpatient, maternal, child health, immunisation, screening, referral, subsidised, walk-in, appointment"
"925","Klinik Kesihatan Kuala Oya","Health & Wellbeing-Public Health Centre","No email detail. Please contact via other contact detail","Government primary care clinics under MOH offering outpatient care, maternal and child health, immunisations, basic screening and referrals to hospitals; fees are generally subsidised.","13","No URL","+608-486 5231","Kampung Kuala Oya, 96300 Dalat, Dalat",,"Kuala Oya Health Clinic","government, primary care, outpatient, maternal, child health, immunisation, screening, referral, subsidised, walk-in, appointment"
"926","Klinik Kesihatan Nanga Baoh","Health & Wellbeing-Public Health Centre","No email detail. Please contact via other contact detail","Government primary care clinics under MOH offering outpatient care, maternal and child health, immunisations, basic screening and referrals to hospitals; fees are generally subsidised.","13","No URL","+601-125 7494","Kampung Nanga Baoh, 96300 Dalat, Dalat",,"Nanga Baoh Health Clinic","government, primary care, outpatient, maternal, child health, immunisation, screening, referral, subsidised, walk-in, appointment"
"927","Klinik Kesihatan Belawai","Health & Wellbeing-Public Health Centre","No email detail. Please contact via other contact detail","Government primary care clinics under MOH offering outpatient care, maternal and child health, immunisations, basic screening and referrals to hospitals; fees are generally subsidised.","13","No URL","+608-481 5219","Belawai, 96200 Daro, Daro",,"Belawai Health Clinic","government, primary care, outpatient, maternal, child health, immunisation, screening, referral, subsidised, walk-in, appointment"
"928","Klinik Kesihatan Betanak","Health & Wellbeing-Public Health Centre","No email detail. Please contact via other contact detail","Government primary care clinics under MOH offering outpatient care, maternal and child health, immunisations, basic screening and referrals to hospitals; fees are generally subsidised.","13","No URL","+6019-836 7446","Betanak, 96200 Daro, Daro",,"Betanak Health Clinic","government, primary care, outpatient, maternal, child health, immunisation, screening, referral, subsidised, walk-in, appointment"
"929","Klinik Kesihatan Daro","Health & Wellbeing-Public Health Centre","No email detail. Please contact via other contact detail","Government primary care clinics under MOH offering outpatient care, maternal and child health, immunisations, basic screening and referrals to hospitals; fees are generally subsidised.","13","No URL","+608-482 3333","Daro, 96200 Daro, Daro",,"Daro Health Clinic","government, primary care, outpatient, maternal, child health, immunisation, screening, referral, subsidised, walk-in, appointment"
"930","Klinik Kesihatan Kuala Rejang","Health & Wellbeing-Public Health Centre","No email detail. Please contact via other contact detail","Government primary care clinics under MOH offering outpatient care, maternal and child health, immunisations, basic screening and referrals to hospitals; fees are generally subsidised.","13","No URL","+608-461 2368","Kuala Rajang, 96250 Daro, Daro",,"Kuala Rejang Health Clinic","government, primary care, outpatient, maternal, child health, immunisation, screening, referral, subsidised, walk-in, appointment"
"931","Klinik Kesihatan Nanga Semah","Health & Wellbeing-Public Health Centre","No email detail. Please contact via other contact detail","Government primary care clinics under MOH offering outpatient care, maternal and child health, immunisations, basic screening and referrals to hospitals; fees are generally subsidised.","13","No URL","+601-921 0006","Nanga Semah, 96200 Daro, Daro",,"Nanga Semah Health Clinic","government, primary care, outpatient, maternal, child health, immunisation, screening, referral, subsidised, walk-in, appointment"
"932","Klinik Kesihatan Paloh","Health & Wellbeing-Public Health Centre","No email detail. Please contact via other contact detail","Government primary care clinics under MOH offering outpatient care, maternal and child health, immunisations, basic screening and referrals to hospitals; fees are generally subsidised.","13","No URL","+608-4866 3409","Kampung Paloh, 96200 Daro, Daro",,"Paloh Health Clinic","government, primary care, outpatient, maternal, child health, immunisation, screening, referral, subsidised, walk-in, appointment"
"933","Klinik Kesihatan Tanjung Manis","Health & Wellbeing-Public Health Centre","No email detail. Please contact via other contact detail","Government primary care clinics under MOH offering outpatient care, maternal and child health, immunisations, basic screening and referrals to hospitals; fees are generally subsidised.","13","No URL","+608-461 3236","Pekan Tanjung Manis, 96200 Daro, Daro",,"Tanjung Manis Health Clinic","government, primary care, outpatient, maternal, child health, immunisation, screening, referral, subsidised, walk-in, appointment"
"934","Klinik Kesihatan Tekajong","Health & Wellbeing-Public Health Centre","No email detail. Please contact via other contact detail","Government primary care clinics under MOH offering outpatient care, maternal and child health, immunisations, basic screening and referrals to hospitals; fees are generally subsidised.","13","No URL","+6019-836 4561","Kampung Tekajong, 96200 Daro, Daro",,"Tekajong Health Clinic","government, primary care, outpatient, maternal, child health, immunisation, screening, referral, subsidised, walk-in, appointment"
"935","Klinik Kesihatan Bruit","Health & Wellbeing-Public Health Centre","No email detail. Please contact via other contact detail","Government primary care clinics under MOH offering outpatient care, maternal and child health, immunisations, basic screening and referrals to hospitals; fees are generally subsidised.","13","No URL","+6017-210 0000","Bruit, 96200 Mukah, Daro",,"Bruit Health Clinic","government, primary care, outpatient, maternal, child health, immunisation, screening, referral, subsidised, walk-in, appointment"
"936","Klinik Kesihatan Julau","Health & Wellbeing-Public Health Centre","No email detail. Please contact via other contact detail","Government primary care clinics under MOH offering outpatient care, maternal and child health, immunisations, basic screening and referrals to hospitals; fees are generally subsidised.","13","No URL","+608-473 4253","Pekan Julau, 96600 Julau, Julau",,"Julau Health Clinic","government, primary care, outpatient, maternal, child health, immunisation, screening, referral, subsidised, walk-in, appointment"
"937","Klinik Kesihatan Lassi","Health & Wellbeing-Public Health Centre","No email detail. Please contact via other contact detail","Government primary care clinics under MOH offering outpatient care, maternal and child health, immunisations, basic screening and referrals to hospitals; fees are generally subsidised.","13","No URL","+608-473 4253","Kampung Lassi, 96600 Julau, Julau",,"Lassi Health Clinic","government, primary care, outpatient, maternal, child health, immunisation, screening, referral, subsidised, walk-in, appointment"
"938","Klinik Kesihatan Maong (Mujok)","Health & Wellbeing-Public Health Centre","No email detail. Please contact via other contact detail","Government primary care clinics under MOH offering outpatient care, maternal and child health, immunisations, basic screening and referrals to hospitals; fees are generally subsidised.","13","No URL","+608-473 4253","Kampung Maong, 96600 Julau, Julau",,"Maong (Mujok) Health Clinic","government, primary care, outpatient, maternal, child health, immunisation, screening, referral, subsidised, walk-in, appointment"
"939","Klinik Kesihatan Nanga Ensiring","Health & Wellbeing-Public Health Centre","No email detail. Please contact via other contact detail","Government primary care clinics under MOH offering outpatient care, maternal and child health, immunisations, basic screening and referrals to hospitals; fees are generally subsidised.","13","No URL","+608-477 5505","Kampung Ensiring (Pen. Peg. Perubatan Y/M, KK Julau, Julau), 96600 Julau, Julau",,"Nanga Ensiring Health Clinic","government, primary care, outpatient, maternal, child health, immunisation, screening, referral, subsidised, walk-in, appointment"
"940","Klinik Kesihatan Nanga Entabai","Health & Wellbeing-Public Health Centre","No email detail. Please contact via other contact detail","Government primary care clinics under MOH offering outpatient care, maternal and child health, immunisations, basic screening and referrals to hospitals; fees are generally subsidised.","13","No URL","+608-472 1005","Kampung Nanga Entabai, 96600 Julau, Julau",,"Nanga Entabai Health Clinic","government, primary care, outpatient, maternal, child health, immunisation, screening, referral, subsidised, walk-in, appointment"
"941","Klinik Kesihatan Sekalong","Health & Wellbeing-Public Health Centre","No email detail. Please contact via other contact detail","Government primary care clinics under MOH offering outpatient care, maternal and child health, immunisations, basic screening and referrals to hospitals; fees are generally subsidised.","13","No URL","+608-473 8900","Kampung Sekalong, 96600 Julau, Julau",,"Sekalong Health Clinic","government, primary care, outpatient, maternal, child health, immunisation, screening, referral, subsidised, walk-in, appointment"
"942","Klinik Kesihatan Machan","Health & Wellbeing-Public Health Centre","No email detail. Please contact via other contact detail","Government primary care clinics under MOH offering outpatient care, maternal and child health, immunisations, basic screening and referrals to hospitals; fees are generally subsidised.","13","No URL","+608-473 8116","Pekan Machan (D/A Peg. Kesihatan Daerah Kanowit), 96700 Kanowit, Kanowit",,"Machan Health Clinic","government, primary care, outpatient, maternal, child health, immunisation, screening, referral, subsidised, walk-in, appointment"
"943","Klinik Kesihatan Nanga Jagau","Health & Wellbeing-Public Health Centre","No email detail. Please contact via other contact detail","Government primary care clinics under MOH offering outpatient care, maternal and child health, immunisations, basic screening and referrals to hospitals; fees are generally subsidised.","13","No URL","+6013-286 5112","Kampung Nanga Jagau (D/A Peg. Kesihatan Daerah Kanowit), 96700 Kanowit, Kanowit",,"Nanga Jagau Health Clinic","government, primary care, outpatient, maternal, child health, immunisation, screening, referral, subsidised, walk-in, appointment"
"944","Klinik Kesihatan Nanga Poi (Menalun)","Health & Wellbeing-Public Health Centre","No email detail. Please contact via other contact detail","Government primary care clinics under MOH offering outpatient care, maternal and child health, immunisations, basic screening and referrals to hospitals; fees are generally subsidised.","13","No URL","+6013-286 5114","Kampung Nanga Poi (D/A Peg. Kesihatan Daerah Kanowit), 96700 Kanowit, Kanowit",,"Nanga Poi (Menalun) Health Clinic","government, primary care, outpatient, maternal, child health, immunisation, screening, referral, subsidised, walk-in, appointment"
"945","Klinik Kesihatan Ngungun","Health & Wellbeing-Public Health Centre","No email detail. Please contact via other contact detail","Government primary care clinics under MOH offering outpatient care, maternal and child health, immunisations, basic screening and referrals to hospitals; fees are generally subsidised.","13","No URL","+6013-286 5113","Kampung Ngungun (D/A Peg. Kesihatan Daerah Kanowit), 96700 Kanowit, Kanowit",,"Ngungun Health Clinic","government, primary care, outpatient, maternal, child health, immunisation, screening, referral, subsidised, walk-in, appointment"
"946","Klinik Kesihatan Kapit","Health & Wellbeing-Public Health Centre","No email detail. Please contact via other contact detail","Government primary care clinics under MOH offering outpatient care, maternal and child health, immunisations, basic screening and referrals to hospitals; fees are generally subsidised.","13","No URL","+608-479 9661","Jalan Bleteh, 96800 Kapit, Kapit",,"Kapit Health Clinic","government, primary care, outpatient, maternal, child health, immunisation, screening, referral, subsidised, walk-in, appointment"
"947","Klinik Kesihatan Nanga Bena","Health & Wellbeing-Public Health Centre","No email detail. Please contact via other contact detail","Government primary care clinics under MOH offering outpatient care, maternal and child health, immunisations, basic screening and referrals to hospitals; fees are generally subsidised.","13","No URL","+608-479 6404","Jalan Sungai Bena, Rumah Panjang (D/A Peg. Kesihatan Bahagian Kapit, Wisma Persekutuan), 96800 Kapit, Kapit",,"Nanga Bena Health Clinic","government, primary care, outpatient, maternal, child health, immunisation, screening, referral, subsidised, walk-in, appointment"
"948","Klinik Kesihatan Nanga Entawau","Health & Wellbeing-Public Health Centre","No email detail. Please contact via other contact detail","Government primary care clinics under MOH offering outpatient care, maternal and child health, immunisations, basic screening and referrals to hospitals; fees are generally subsidised.","13","No URL","+608-479 6404","Kampung Entawau (D/A Peg. Kesihatan Bahagian Kapit, Wisma Persekutuan), 96800 Kapit, Kapit",,"Nanga Entawau Health Clinic","government, primary care, outpatient, maternal, child health, immunisation, screening, referral, subsidised, walk-in, appointment"
"949","Klinik Kesihatan Nanga Gaat","Health & Wellbeing-Public Health Centre","No email detail. Please contact via other contact detail","Government primary care clinics under MOH offering outpatient care, maternal and child health, immunisations, basic screening and referrals to hospitals; fees are generally subsidised.","13","No URL","+608-479 6404","Kampung Nanga Gaat (D/A Peg. Kesihatan Bahagian Kapit, Wisma Persekutuan), 96800 Kapit, Kapit",,"Nanga Gaat Health Clinic","government, primary care, outpatient, maternal, child health, immunisation, screening, referral, subsidised, walk-in, appointment"
"950","Klinik Kesihatan Nanga Ibau","Health & Wellbeing-Public Health Centre","No email detail. Please contact via other contact detail","Government primary care clinics under MOH offering outpatient care, maternal and child health, immunisations, basic screening and referrals to hospitals; fees are generally subsidised.","13","No URL","+608-479 6454","Kampung Nanga Ibau, Sungai Batang Rajang (D/A Peg. Kesihatan Bahagian, Bahaigan Kapit, Wisma Persekutuan, Kapit), 96800 Kapit, Kapit",,"Nanga Ibau Health Clinic","government, primary care, outpatient, maternal, child health, immunisation, screening, referral, subsidised, walk-in, appointment"
"951","Klinik Kesihatan Nanga Melinau","Health & Wellbeing-Public Health Centre","No email detail. Please contact via other contact detail","Government primary care clinics under MOH offering outpatient care, maternal and child health, immunisations, basic screening and referrals to hospitals; fees are generally subsidised.","13","No URL","+608-479 6404","Nanga Melinau, Sungai Mujong (D/A Peg. Kesihatan Bahagian Kapit, Wisma Persekutuan), 96800 Kapit, Kapit",,"Nanga Melinau Health Clinic","government, primary care, outpatient, maternal, child health, immunisation, screening, referral, subsidised, walk-in, appointment"
"952","Klinik Kesihatan Nanga Merirai","Health & Wellbeing-Public Health Centre","No email detail. Please contact via other contact detail","Government primary care clinics under MOH offering outpatient care, maternal and child health, immunisations, basic screening and referrals to hospitals; fees are generally subsidised.","13","No URL","+608-479 6404","Kampung Nanga Merirai (D/A Peg. Kesihatan Bahagian Kapit, Wisma Persekutuan), 96800 Kapit, Kapit",,"Nanga Merirai Health Clinic","government, primary care, outpatient, maternal, child health, immunisation, screening, referral, subsidised, walk-in, appointment"
"953","Klinik Kesihatan Nanga Mujong","Health & Wellbeing-Public Health Centre","kk.mujong@gmail.com","Government primary care clinics under MOH offering outpatient care, maternal and child health, immunisations, basic screening and referrals to hospitals; fees are generally subsidised.","13","https://www.facebook.com/kkmujong/?locale=ms_MY","+608-6479 6404","Kampung Nanga Mujong, Sungai Mujong, 96800 Kapit, Kapit","24hr","Nanga Mujong Health Clinic","government, primary care, outpatient, maternal, child health, immunisation, screening, referral, subsidised, walk-in, appointment"
"954","Klinik Kesihatan Sekeroh","Health & Wellbeing-Public Health Centre","No email detail. Please contact via other contact detail","Government primary care clinics under MOH offering outpatient care, maternal and child health, immunisations, basic screening and referrals to hospitals; fees are generally subsidised.","13","No URL","+608-642 9704","Sungai Sekeroh (D/A Peg. Kesihatan Bahagian Kapit, Wisma Persekutuan), 96800 Kapit, Kapit",,"Sekeroh Health Clinic","government, primary care, outpatient, maternal, child health, immunisation, screening, referral, subsidised, walk-in, appointment"
"955","Klinik Kesihatan Tunoh Scheme","Health & Wellbeing-Public Health Centre","No email detail. Please contact via other contact detail","Government primary care clinics under MOH offering outpatient care, maternal and child health, immunisations, basic screening and referrals to hospitals; fees are generally subsidised.","13","No URL","+608-479 6404","Kampung Tunoh Scheme (D/A Peg. Kesihatan Bahagian Kapit, Wisma Persekutuan), 96800 Kapit, Kapit",,"Tunoh Scheme Health Clinic","government, primary care, outpatient, maternal, child health, immunisation, screening, referral, subsidised, walk-in, appointment"
"956","Klinik Kesihatan Bako","Health & Wellbeing-Public Health Centre","No email detail. Please contact via other contact detail","Government primary care clinics under MOH offering outpatient care, maternal and child health, immunisations, basic screening and referrals to hospitals; fees are generally subsidised.","13","No URL","+608-247 5967","Jalan Bako, Kampung Bako (D/A Peg. Kesihatan Bahagian Kuching, Jalan Tun Ahmad Zaidi Adruce), 93150 Bako, Kuching",,"Bako Health Clinic","government, primary care, outpatient, maternal, child health, immunisation, screening, referral, subsidised, walk-in, appointment"
"957","Klinik Kesihatan Batu Kawa","Health & Wellbeing-Public Health Centre","No email detail. Please contact via other contact detail","Government primary care clinics under MOH offering outpatient care, maternal and child health, immunisations, basic screening and referrals to hospitals; fees are generally subsidised.","13","No URL","+608-268 8518","Jalan Eng Sing, Off Jalan Stapok, 93250 Batu Kawa, Kuching",,"Batu Kawa Health Clinic","government, primary care, outpatient, maternal, child health, immunisation, screening, referral, subsidised, walk-in, appointment"
"958","Klinik Kesihatan Buntal","Health & Wellbeing-Public Health Centre","No email detail. Please contact via other contact detail","Government primary care clinics under MOH offering outpatient care, maternal and child health, immunisations, basic screening and referrals to hospitals; fees are generally subsidised.","13","No URL","+608-284 6493","Jalan Tengah, 93050 Kuching, Kuching",,"Buntal Health Clinic","government, primary care, outpatient, maternal, child health, immunisation, screening, referral, subsidised, walk-in, appointment"
"959","Klinik Kesihatan Bunuk","Health & Wellbeing-Public Health Centre","No email detail. Please contact via other contact detail","Government primary care clinics under MOH offering outpatient care, maternal and child health, immunisations, basic screening and referrals to hospitals; fees are generally subsidised.","13","No URL","+608-276 5963","Jalan Puncak Borneo, 93250 Kuching, Kuching",,"Bunuk Health Clinic","government, primary care, outpatient, maternal, child health, immunisation, screening, referral, subsidised, walk-in, appointment"
"960","Klinik Kesihatan Jalan Masjid","Health & Wellbeing-Public Health Centre","No email detail. Please contact via other contact detail","Government primary care clinics under MOH offering outpatient care, maternal and child health, immunisations, basic screening and referrals to hospitals; fees are generally subsidised.","13","No URL","+608-242 7110","Jalan Masjid, 93400 Kuching, Kuching",,"Jalan Masjid Health Clinic","government, primary care, outpatient, maternal, child health, immunisation, screening, referral, subsidised, walk-in, appointment"
"961","Klinik Kesihatan Kota Sentosa","Health & Wellbeing-Public Health Centre","No email detail. Please contact via other contact detail","Government primary care clinics under MOH offering outpatient care, maternal and child health, immunisations, basic screening and referrals to hospitals; fees are generally subsidised.","13","No URL","+608-262 6080","Kota Sentosa, Jalan Stakan, 93250 Kuching, Kuching",,"Kota Sentosa Health Clinic","government, primary care, outpatient, maternal, child health, immunisation, screening, referral, subsidised, walk-in, appointment"
"962","Klinik Kesihatan Padawan","Health & Wellbeing-Public Health Centre","No email detail. Please contact via other contact detail","Government primary care clinics under MOH offering outpatient care, maternal and child health, immunisations, basic screening and referrals to hospitals; fees are generally subsidised.","13","No URL","+608-261 7687","Jalan Puncak Borneo, 93250 Kuching, Kuching",,"Padawan Health Clinic","government, primary care, outpatient, maternal, child health, immunisation, screening, referral, subsidised, walk-in, appointment"
"963","Klinik Kesihatan Santubong","Health & Wellbeing-Public Health Centre","No email detail. Please contact via other contact detail","Government primary care clinics under MOH offering outpatient care, maternal and child health, immunisations, basic screening and referrals to hospitals; fees are generally subsidised.","13","No URL","+608-284 6439","Jalan Sultan Tengah, 93050 Kuching, Kuching",,"Santubong Health Clinic","government, primary care, outpatient, maternal, child health, immunisation, screening, referral, subsidised, walk-in, appointment"
"964","Klinik Kesihatan Siburan","Health & Wellbeing-Public Health Centre","No email detail. Please contact via other contact detail","Government primary care clinics under MOH offering outpatient care, maternal and child health, immunisations, basic screening and referrals to hospitals; fees are generally subsidised.","13","No URL","+608-286 4202","KM 27, Jalan Kuching/Serian, 93250 Kuching, Kuching",,"Siburan Health Clinic","government, primary care, outpatient, maternal, child health, immunisation, screening, referral, subsidised, walk-in, appointment"
"965","Klinik Kesihatan Tanah Puteh","Health & Wellbeing-Public Health Centre","No email detail. Please contact via other contact detail","Government primary care clinics under MOH offering outpatient care, maternal and child health, immunisations, basic screening and referrals to hospitals; fees are generally subsidised.","13","No URL","+608-234 4011","Tanah Puteh, Jalan Pending, Kuching (Pegawai Perubatan Y/M, KK Tanah Puteh, Jln Pending, Kuching), 93450 Kuching, Kuching",,"Tanah Puteh Health Clinic","government, primary care, outpatient, maternal, child health, immunisation, screening, referral, subsidised, walk-in, appointment"
"966","Klinik Kesihatan Telaga Air","Health & Wellbeing-Public Health Centre","No email detail. Please contact via other contact detail","Government primary care clinics under MOH offering outpatient care, maternal and child health, immunisations, basic screening and referrals to hospitals; fees are generally subsidised.","13","No URL","+608-284 3200","Jalan Matang, Kampung Telaga Air (D/A Peg. Kesihatan Bahagian Kuching, Jln Tun Ahmad Zaidi Adruce, Kuching), 93150 Kuching, Kuching",,"Telaga Air Health Clinic","government, primary care, outpatient, maternal, child health, immunisation, screening, referral, subsidised, walk-in, appointment"
"967","Klinik Kesihatan Teng Bukap","Health & Wellbeing-Public Health Centre","No email detail. Please contact via other contact detail","Government primary care clinics under MOH offering outpatient care, maternal and child health, immunisations, basic screening and referrals to hospitals; fees are generally subsidised.","13","No URL","+608-275 0530","Teng Bukap, KM 15 Jln Padawan, 93150 Kuching, Kuching",,"Teng Bukap Health Clinic","government, primary care, outpatient, maternal, child health, immunisation, screening, referral, subsidised, walk-in, appointment"
"968","Klinik Kesihatan Tg. Embang","Health & Wellbeing-Public Health Centre","No email detail. Please contact via other contact detail","Government primary care clinics under MOH offering outpatient care, maternal and child health, immunisations, basic screening and referrals to hospitals; fees are generally subsidised.","13","No URL","+608-225 7867","Kampung Tanjung Embang (D/A Peg. Kesihatan Bahagian Kuching, Jln Tun Ahmad Zaidi Adruce), 93150 Kuching, Kuching",,"Tg. Embang Health Clinic","government, primary care, outpatient, maternal, child health, immunisation, screening, referral, subsidised, walk-in, appointment"
"969","Klinik Kesihatan Ba Kelalan","Health & Wellbeing-Public Health Centre","No email detail. Please contact via other contact detail","Government primary care clinics under MOH offering outpatient care, maternal and child health, immunisations, basic screening and referrals to hospitals; fees are generally subsidised.","13","No URL","+608-528 3781","Pekan Ba Kelalan(D/A Peg. Kesihatan Daerah Lawas, Jalan Hospital), 98850 Lawas, Lawas",,"Ba Kelalan Health Clinic","government, primary care, outpatient, maternal, child health, immunisation, screening, referral, subsidised, walk-in, appointment"
"970","Klinik Kesihatan Kuala Lawas","Health & Wellbeing-Public Health Centre","No email detail. Please contact via other contact detail","Government primary care clinics under MOH offering outpatient care, maternal and child health, immunisations, basic screening and referrals to hospitals; fees are generally subsidised.","13","No URL","+608-528 4870","Bandar Kuala Lawas, 98850 Lawas, Lawas",,"Kuala Lawas Health Clinic","government, primary care, outpatient, maternal, child health, immunisation, screening, referral, subsidised, walk-in, appointment"
"971","Klinik Kesihatan Lawas","Health & Wellbeing-Public Health Centre","No email detail. Please contact via other contact detail","Government primary care clinics under MOH offering outpatient care, maternal and child health, immunisations, basic screening and referrals to hospitals; fees are generally subsidised.","13","No URL","+608-528 3781","Jalan Hospital, 98850 Lawas, Lawas",,"Lawas Health Clinic","government, primary care, outpatient, maternal, child health, immunisation, screening, referral, subsidised, walk-in, appointment"
"972","Klinik Kesihatan Long Semadoh","Health & Wellbeing-Public Health Centre","No email detail. Please contact via other contact detail","Government primary care clinics under MOH offering outpatient care, maternal and child health, immunisations, basic screening and referrals to hospitals; fees are generally subsidised.","13","No URL","+608-528 3781","Long Semandoh (D/A Peg. Kesihatan Daerah Lawas, Jalan Hospital), 98850 Lawas, Lawas",,"Long Semadoh Health Clinic","government, primary care, outpatient, maternal, child health, immunisation, screening, referral, subsidised, walk-in, appointment"
"973","Klinik Kesihatan Long Sukang","Health & Wellbeing-Public Health Centre","No email detail. Please contact via other contact detail","Government primary care clinics under MOH offering outpatient care, maternal and child health, immunisations, basic screening and referrals to hospitals; fees are generally subsidised.","13","No URL","+601-129 5400","Long Sukang (D/A Peg. Kesihatan Daerah Lawas, Jalan Hospital), 98850 Lawas, Lawas",,"Long Sukang Health Clinic","government, primary care, outpatient, maternal, child health, immunisation, screening, referral, subsidised, walk-in, appointment"
"974","Klinik Kesihatan Merapok","Health & Wellbeing-Public Health Centre","No email detail. Please contact via other contact detail","Government primary care clinics under MOH offering outpatient care, maternal and child health, immunisations, basic screening and referrals to hospitals; fees are generally subsidised.","13","No URL","+608-781 1090","Merapok, Jalan Sindumin, 98850 Lawas, Lawas",,"Merapok Health Clinic","government, primary care, outpatient, maternal, child health, immunisation, screening, referral, subsidised, walk-in, appointment"
"975","Klinik Kesihatan Sundar","Health & Wellbeing-Public Health Centre","No email detail. Please contact via other contact detail","Government primary care clinics under MOH offering outpatient care, maternal and child health, immunisations, basic screening and referrals to hospitals; fees are generally subsidised.","13","No URL","+608-526 4233","Pekan Sundar, 98800 Lawas, Lawas",,"Sundar Health Clinic","government, primary care, outpatient, maternal, child health, immunisation, screening, referral, subsidised, walk-in, appointment"
"976","Klinik Kesihatan Tang Lapadan","Health & Wellbeing-Public Health Centre","No email detail. Please contact via other contact detail","Government primary care clinics under MOH offering outpatient care, maternal and child health, immunisations, basic screening and referrals to hospitals; fees are generally subsidised.","13","No URL","+608-528 3781","Tang Lapadan (D/A Peg. KesihatanDaerah Lawas, Jalan Hospital), 98850 Lawas, Lawas",,"Tang Lapadan Health Clinic","government, primary care, outpatient, maternal, child health, immunisation, screening, referral, subsidised, walk-in, appointment"
"977","Klinik Kesihatan Trusan","Health & Wellbeing-Public Health Centre","No email detail. Please contact via other contact detail","Government primary care clinics under MOH offering outpatient care, maternal and child health, immunisations, basic screening and referrals to hospitals; fees are generally subsidised.","13","No URL","+601-129 5404","Pekan Trusan, 98850 Lawas, Lawas",,"Trusan Health Clinic","government, primary care, outpatient, maternal, child health, immunisation, screening, referral, subsidised, walk-in, appointment"
"978","Klinik Kesihatan Batu Danau","Health & Wellbeing-Public Health Centre","No email detail. Please contact via other contact detail","Government primary care clinics under MOH offering outpatient care, maternal and child health, immunisations, basic screening and referrals to hospitals; fees are generally subsidised.","13","No URL","+608-524 0010","Batu Danau (d/a Pejabat Kesihatan Bahagian Limbang), 98700 Limbang, Limbang",,"Batu Danau Health Clinic","government, primary care, outpatient, maternal, child health, immunisation, screening, referral, subsidised, walk-in, appointment"
"979","Klinik Kesihatan Kuala Medalam","Health & Wellbeing-Public Health Centre","No email detail. Please contact via other contact detail","Government primary care clinics under MOH offering outpatient care, maternal and child health, immunisations, basic screening and referrals to hospitals; fees are generally subsidised.","13","No URL","+608-521 1166","Pekan Kuala Mendalam (Peg. Kesihatan Bahagian Limbang, Jalan Pandaruan), 98700 Limbang, Limbang",,"Kuala Medalam Health Clinic","government, primary care, outpatient, maternal, child health, immunisation, screening, referral, subsidised, walk-in, appointment"
"980","Klinik Kesihatan Nanga Medamit","Health & Wellbeing-Public Health Centre","No email detail. Please contact via other contact detail","Government primary care clinics under MOH offering outpatient care, maternal and child health, immunisations, basic screening and referrals to hospitals; fees are generally subsidised.","13","No URL","+608-524 0012","Pekan Nanga Mendamit (Peg. Kesihatan Bahagian Limbang, Jalan Pandaruan), 98700 Limbang, Limbang",,"Nanga Medamit Health Clinic","government, primary care, outpatient, maternal, child health, immunisation, screening, referral, subsidised, walk-in, appointment"
"981","Klinik Kesihatan Nanga Merit","Health & Wellbeing-Public Health Centre","No email detail. Please contact via other contact detail","Government primary care clinics under MOH offering outpatient care, maternal and child health, immunisations, basic screening and referrals to hospitals; fees are generally subsidised.","13","No URL","+601-121 2039","Kampung Nanga Merit (Peg. Kesihatan Bahagian Limbang, Jalan Pandaruan, Limbang), 98700 Limbang, Limbang",,"Nanga Merit Health Clinic","government, primary care, outpatient, maternal, child health, immunisation, screening, referral, subsidised, walk-in, appointment"
"982","Klinik Kesihatan Penganan","Health & Wellbeing-Public Health Centre","No email detail. Please contact via other contact detail","Government primary care clinics under MOH offering outpatient care, maternal and child health, immunisations, basic screening and referrals to hospitals; fees are generally subsidised.","13","No URL","+608-524 0015","Penganan (Peg. Kesihatan Bahagian Limbang, Jalan Pandaruan), 98700 Limbang, Limbang",,"Penganan Health Clinic","government, primary care, outpatient, maternal, child health, immunisation, screening, referral, subsidised, walk-in, appointment"
"983","Klinik Kesihatan Batang Ai","Health & Wellbeing-Public Health Centre","No email detail. Please contact via other contact detail","Government primary care clinics under MOH offering outpatient care, maternal and child health, immunisations, basic screening and referrals to hospitals; fees are generally subsidised.","13","No URL","+608-332 2072","Batang Ai (D/A Peg. Kesihatan Bahagian Sri Aman Jalan Hospital), 95007 Sri Aman, Lubok Antu",,"Batang Ai Health Clinic","government, primary care, outpatient, maternal, child health, immunisation, screening, referral, subsidised, walk-in, appointment"
"984","Klinik Kesihatan Engkilili","Health & Wellbeing-Public Health Centre","No email detail. Please contact via other contact detail","Government primary care clinics under MOH offering outpatient care, maternal and child health, immunisations, basic screening and referrals to hospitals; fees are generally subsidised.","13","No URL","+608-356 3004","Pekan Engkilili (D/A Peg. Kesihatan Bahagian Sri Aman, Jalan Hospital), 95007 Sri Aman, Lubok Antu",,"Engkilili Health Clinic","government, primary care, outpatient, maternal, child health, immunisation, screening, referral, subsidised, walk-in, appointment"
"985","Klinik Kesihatan Lubok Antu","Health & Wellbeing-Public Health Centre","No email detail. Please contact via other contact detail","Government primary care clinics under MOH offering outpatient care, maternal and child health, immunisations, basic screening and referrals to hospitals; fees are generally subsidised.","13","No URL","+608-358 4105","Pekan Lubok Antu (D/A Peg. Kesihatan Bahagian Sri Aman, Jalan Hospital), 95007 Sri Aman, Lubok Antu",,"Lubok Antu Health Clinic","government, primary care, outpatient, maternal, child health, immunisation, screening, referral, subsidised, walk-in, appointment"
"986","Klinik Kesihatan Merindun","Health & Wellbeing-Public Health Centre","No email detail. Please contact via other contact detail","Government primary care clinics under MOH offering outpatient care, maternal and child health, immunisations, basic screening and referrals to hospitals; fees are generally subsidised.","13","No URL","+608-356 3474","Merindun (D/A Peg. Kesihatan Bahagian Sri Aman, Jalan Hospital), 95007 Sri Aman, Lubok Antu",,"Merindun Health Clinic","government, primary care, outpatient, maternal, child health, immunisation, screening, referral, subsidised, walk-in, appointment"
"987","Klinik Kesihatan Nanga Kesit","Health & Wellbeing-Public Health Centre","No email detail. Please contact via other contact detail","Government primary care clinics under MOH offering outpatient care, maternal and child health, immunisations, basic screening and referrals to hospitals; fees are generally subsidised.","13","No URL","+608-3589 002","Nangka Kesit (D/A Peg. Kesihatan Bahagian Sri Aman Jalan Hospital), 95007 Sri Aman, Lubok Antu","No information available, contact for more details","Nanga Kesit Health Clinic","government, primary care, outpatient, maternal, child health, immunisation, screening, referral, subsidised, walk-in, appointment"
"988","Klinik Kesihatan Nanga Patoh","Health & Wellbeing-Public Health Centre","No email detail. Please contact via other contact detail","Government primary care clinics under MOH offering outpatient care, maternal and child health, immunisations, basic screening and referrals to hospitals; fees are generally subsidised.","13","No URL","+608-343 2006","Nanga Patoh (D/A Peg. Kesihatan Bahagian Sri Aman, Jalan Hospital), 95007 Sri Aman, Lubok Antu",,"Nanga Patoh Health Clinic","government, primary care, outpatient, maternal, child health, immunisation, screening, referral, subsidised, walk-in, appointment"
"989","Klinik Kesihatan Biawak","Health & Wellbeing-Public Health Centre","No email detail. Please contact via other contact detail","Government primary care clinics under MOH offering outpatient care, maternal and child health, immunisations, basic screening and referrals to hospitals; fees are generally subsidised.","13","No URL","+608-232 2977","Kampung Biawak (D/A Pegawai Kesihatan Daerah Lundu, Jalan Lundu/ Sekambal), 94500 Lundu, Lundu",,"Biawak Health Clinic","government, primary care, outpatient, maternal, child health, immunisation, screening, referral, subsidised, walk-in, appointment"
"990","Klinik Kesihatan Sampadi","Health & Wellbeing-Public Health Centre","No email detail. Please contact via other contact detail","Government primary care clinics under MOH offering outpatient care, maternal and child health, immunisations, basic screening and referrals to hospitals; fees are generally subsidised.","13","No URL","+608-237 8300","Kampung Sampadi (D/A Peg. Kesihatan Daerah Lundu, Jln Lundu/Sekambal), 94500 Lundu, Lundu",,"Sampadi Health Clinic","government, primary care, outpatient, maternal, child health, immunisation, screening, referral, subsidised, walk-in, appointment"
"991","Klinik Kesihatan Sematan","Health & Wellbeing-Public Health Centre","No email detail. Please contact via other contact detail","Government primary care clinics under MOH offering outpatient care, maternal and child health, immunisations, basic screening and referrals to hospitals; fees are generally subsidised.","13","No URL","+608-271 1340","Jalan Sungai Kilang, Sematan, 94100 Lundu, Lundu",,"Sematan Health Clinic","government, primary care, outpatient, maternal, child health, immunisation, screening, referral, subsidised, walk-in, appointment"
"992","Klinik Kesihatan Stoh Rambungan","Health & Wellbeing-Public Health Centre","No email detail. Please contact via other contact detail","Government primary care clinics under MOH offering outpatient care, maternal and child health, immunisations, basic screening and referrals to hospitals; fees are generally subsidised.","13","No URL","+608-265 7407","Kampung Rambungan (D/A Peg. Kesihatan Bahagian Lundu, Jalan Lundu/ Sekambal), 94500 Lundu, Lundu",,"Stoh Rambungan Health Clinic","government, primary care, outpatient, maternal, child health, immunisation, screening, referral, subsidised, walk-in, appointment"
"993","Klinik Kesihatan Bario","Health & Wellbeing-Public Health Centre","No email detail. Please contact via other contact detail","Government primary care clinics under MOH offering outpatient care, maternal and child health, immunisations, basic screening and referrals to hospitals; fees are generally subsidised.","13","No URL","+608-579 1047","Pekan Bario (D/A Peg. Kesihatan Daerah Baram, Jalan Hospital), 98050 Baram, Marudi",,"Bario Health Clinic","government, primary care, outpatient, maternal, child health, immunisation, screening, referral, subsidised, walk-in, appointment"
"994","Klinik Kesihatan Beluru","Health & Wellbeing-Public Health Centre","No email detail. Please contact via other contact detail","Government primary care clinics under MOH offering outpatient care, maternal and child health, immunisations, basic screening and referrals to hospitals; fees are generally subsidised.","13","No URL","+608-574 3216","Beluru (D/A Peg. Kesihatan Daerah Baram, Jalan Hospital), 98050 Baram, Marudi",,"Beluru Health Clinic","government, primary care, outpatient, maternal, child health, immunisation, screening, referral, subsidised, walk-in, appointment"
"995","Klinik Kesihatan Lio Mato","Health & Wellbeing-Public Health Centre","No email detail. Please contact via other contact detail","Government primary care clinics under MOH offering outpatient care, maternal and child health, immunisations, basic screening and referrals to hospitals; fees are generally subsidised.","13","No URL","+608-577 6003","Kampung Lio Mato (D/A Peg. Kesihatan Daerah Baram, Jalan Hospital), 98050 Baram, Marudi",,"Lio Mato Health Clinic","government, primary care, outpatient, maternal, child health, immunisation, screening, referral, subsidised, walk-in, appointment"
"996","Klinik Kesihatan Long Banga","Health & Wellbeing-Public Health Centre","No email detail. Please contact via other contact detail","Government primary care clinics under MOH offering outpatient care, maternal and child health, immunisations, basic screening and referrals to hospitals; fees are generally subsidised.","13","No URL","+608-577 6008","Rumah Panjang Long Banga (D/A Peg. Kesihatan Daerah Baram, Jalan Hospital), 98050 Baram, Marudi",,"Long Banga Health Clinic","government, primary care, outpatient, maternal, child health, immunisation, screening, referral, subsidised, walk-in, appointment"
"997","Klinik Kesihatan Long Bedian","Health & Wellbeing-Public Health Centre","No email detail. Please contact via other contact detail","Government primary care clinics under MOH offering outpatient care, maternal and child health, immunisations, basic screening and referrals to hospitals; fees are generally subsidised.","13","No URL","+601-129 5192","Rumah Panjang Long Bedian (D/A Peg. Kesihatan Daerah Baram, Jalan Hospital), 98050 Baram, Marudi",,"Long Bedian Health Clinic","government, primary care, outpatient, maternal, child health, immunisation, screening, referral, subsidised, walk-in, appointment"
"998","Klinik Kesihatan Long Bemang","Health & Wellbeing-Public Health Centre","No email detail. Please contact via other contact detail","Government primary care clinics under MOH offering outpatient care, maternal and child health, immunisations, basic screening and referrals to hospitals; fees are generally subsidised.","13","No URL","+608-577 3005","Rumah Panjang Long Bemang (D/A Peg. Kesihatan Daerah Baram, Jalan Hospital), 98050 Baram, Marudi",,"Long Bemang Health Clinic","government, primary care, outpatient, maternal, child health, immunisation, screening, referral, subsidised, walk-in, appointment"
"999","Klinik Kesihatan Long Jeeh","Health & Wellbeing-Public Health Centre","No email detail. Please contact via other contact detail","Government primary care clinics under MOH offering outpatient care, maternal and child health, immunisations, basic screening and referrals to hospitals; fees are generally subsidised.","13","No URL","+6013-286 5602","Kampung Long Jeeh (D/A Peg. Kesihatan Daerah Baram, Jalan Hospital), 98050 Baram, Marudi",,"Long Jeeh Health Clinic","government, primary care, outpatient, maternal, child health, immunisation, screening, referral, subsidised, walk-in, appointment"
"1000","Klinik Kesihatan Long Jegan","Health & Wellbeing-Public Health Centre","No email detail. Please contact via other contact detail","Government primary care clinics under MOH offering outpatient care, maternal and child health, immunisations, basic screening and referrals to hospitals; fees are generally subsidised.","13","No URL","No contact number","Kampung Long Jegan (D/A Peg. Kesihatan Daerah, Daerah Baram, Jalan Hospital, Baram), 98050 Baram, Marudi",,"Long Jegan Health Clinic","government, primary care, outpatient, maternal, child health, immunisation, screening, referral, subsidised, walk-in, appointment"
"1001","Klinik Kesihatan Long Kevok","Health & Wellbeing-Public Health Centre","No email detail. Please contact via other contact detail","Government primary care clinics under MOH offering outpatient care, maternal and child health, immunisations, basic screening and referrals to hospitals; fees are generally subsidised.","13","No URL","+6013-286 5608","Kampung Long Kevok (D/A Peg. Kesihatan Daerah Baram, Jalan Hospital), 98050 Baram, Marudi",,"Long Kevok Health Clinic","government, primary care, outpatient, maternal, child health, immunisation, screening, referral, subsidised, walk-in, appointment"
"1002","Klinik Kesihatan Long Lama","Health & Wellbeing-Public Health Centre","No email detail. Please contact via other contact detail","Government primary care clinics under MOH offering outpatient care, maternal and child health, immunisations, basic screening and referrals to hospitals; fees are generally subsidised.","13","No URL","+608-575 5511","Kampung Long Lama (D/A Peg. Kesihatan Daerah Baram, Jalan Hospital), 98050 Baram, Marudi",,"Long Lama Health Clinic","government, primary care, outpatient, maternal, child health, immunisation, screening, referral, subsidised, walk-in, appointment"
"1003","Klinik Kesihatan Long Lellang","Health & Wellbeing-Public Health Centre","No email detail. Please contact via other contact detail","Government primary care clinics under MOH offering outpatient care, maternal and child health, immunisations, basic screening and referrals to hospitals; fees are generally subsidised.","13","No URL","+608-575 5511","Kampung Long Lellang (D/A Peg. Kesihatan Daerah Baram, Jalan Hospital), 98050 Baram, Marudi",,"Long Lellang Health Clinic","government, primary care, outpatient, maternal, child health, immunisation, screening, referral, subsidised, walk-in, appointment"
"1004","Klinik Kesihatan Long Loyang","Health & Wellbeing-Public Health Centre","No email detail. Please contact via other contact detail","Government primary care clinics under MOH offering outpatient care, maternal and child health, immunisations, basic screening and referrals to hospitals; fees are generally subsidised.","13","No URL","+601-129 5191","Kampung Long Loyang (D/A Peg. Kesihatan Daerah Baram, Jalan Hospital), 98050 Baram, Marudi",,"Long Loyang Health Clinic","government, primary care, outpatient, maternal, child health, immunisation, screening, referral, subsidised, walk-in, appointment"
"1005","Klinik Kesihatan Long Miri","Health & Wellbeing-Public Health Centre","No email detail. Please contact via other contact detail","Government primary care clinics under MOH offering outpatient care, maternal and child health, immunisations, basic screening and referrals to hospitals; fees are generally subsidised.","13","No URL","+6013-286 5606","Kampung Long Miri (D/A Peg. Kesihatan Daerah Baram, Jalan Hospital), 98050 Baram, Marudi",,"Long Miri Health Clinic","government, primary care, outpatient, maternal, child health, immunisation, screening, referral, subsidised, walk-in, appointment"
"1006","Klinik Kesihatan Long Moh","Health & Wellbeing-Public Health Centre","No email detail. Please contact via other contact detail","Government primary care clinics under MOH offering outpatient care, maternal and child health, immunisations, basic screening and referrals to hospitals; fees are generally subsidised.","13","No URL","+608-547 4722","Kampung Long Moh (Pej. Kesihatan Bahagian Miri), 98050 Baram, Marudi",,"Long Moh Health Clinic","government, primary care, outpatient, maternal, child health, immunisation, screening, referral, subsidised, walk-in, appointment"
"1007","Klinik Kesihatan Long Naah","Health & Wellbeing-Public Health Centre","No email detail. Please contact via other contact detail","Government primary care clinics under MOH offering outpatient care, maternal and child health, immunisations, basic screening and referrals to hospitals; fees are generally subsidised.","13","No URL","+6013-286 5604","Kampung Long Naah (D/A Peg. Kesihatan Daerah Baram, Jalan Hospital), 98050 Baram, Marudi",,"Long Naah Health Clinic","government, primary care, outpatient, maternal, child health, immunisation, screening, referral, subsidised, walk-in, appointment"
"1008","Klinik Kesihatan Long Panai","Health & Wellbeing-Public Health Centre","No email detail. Please contact via other contact detail","Government primary care clinics under MOH offering outpatient care, maternal and child health, immunisations, basic screening and referrals to hospitals; fees are generally subsidised.","13","No URL","+608-577 0100","Kampung Long Panai (D/A Peg. Kesihatan Daerah Baram, Jalan Hospital), 98050 Baram, Marudi",,"Long Panai Health Clinic","government, primary care, outpatient, maternal, child health, immunisation, screening, referral, subsidised, walk-in, appointment"
"1009","Klinik Kesihatan Long Pillah","Health & Wellbeing-Public Health Centre","No email detail. Please contact via other contact detail","Government primary care clinics under MOH offering outpatient care, maternal and child health, immunisations, basic screening and referrals to hospitals; fees are generally subsidised.","13","No URL","+6013-286 5605","Kampung Long Pilah (D/A Peg. Kesihatan Daerah, Daerah Baram, Jalan Hospital, Baram), 98050 Baram, Marudi",,"Long Pillah Health Clinic","government, primary care, outpatient, maternal, child health, immunisation, screening, referral, subsidised, walk-in, appointment"
"1010","Klinik Kesihatan Long San","Health & Wellbeing-Public Health Centre","No email detail. Please contact via other contact detail","Government primary care clinics under MOH offering outpatient care, maternal and child health, immunisations, basic screening and referrals to hospitals; fees are generally subsidised.","13","No URL","+6013-286 5610","Kampung Long San (D/A Peg. Kesihatan Daerah Baram, Jalan Hospital, Baram), 98050 Baram, Marudi",,"Long San Health Clinic","government, primary care, outpatient, maternal, child health, immunisation, screening, referral, subsidised, walk-in, appointment"
"1011","Klinik Kesihatan Long Seridan","Health & Wellbeing-Public Health Centre","No email detail. Please contact via other contact detail","Government primary care clinics under MOH offering outpatient care, maternal and child health, immunisations, basic screening and referrals to hospitals; fees are generally subsidised.","13","No URL","+608-547 4722","Kampung Long Seridan (Pej. Kesihatan Bahagian, Bahagian Miri), 98000 Baram, Marudi",,"Long Seridan Health Clinic","government, primary care, outpatient, maternal, child health, immunisation, screening, referral, subsidised, walk-in, appointment"
"1012","Klinik Kesihatan Long Teran","Health & Wellbeing-Public Health Centre","No email detail. Please contact via other contact detail","Government primary care clinics under MOH offering outpatient care, maternal and child health, immunisations, basic screening and referrals to hospitals; fees are generally subsidised.","13","No URL","No contact number","Kampung Long Teran (D/A Peg. Kesihatan Daerah Baram, Jalan Hospital), 98050 Baram, Marudi",,"Long Teran Health Clinic","government, primary care, outpatient, maternal, child health, immunisation, screening, referral, subsidised, walk-in, appointment"
"1013","Klinik Kesihatan Long Teru","Health & Wellbeing-Public Health Centre","No email detail. Please contact via other contact detail","Government primary care clinics under MOH offering outpatient care, maternal and child health, immunisations, basic screening and referrals to hospitals; fees are generally subsidised.","13","No URL","+608-577 5100","Kampung Long Teru (D/A Peg. Kesihatan Daerah Baram, Jalan Hospital), 98050 Baram, Marudi",,"Long Teru Health Clinic","government, primary care, outpatient, maternal, child health, immunisation, screening, referral, subsidised, walk-in, appointment"
"1014","Klinik Kesihatan Pa'Dalih","Health & Wellbeing-Public Health Centre","No email detail. Please contact via other contact detail","Government primary care clinics under MOH offering outpatient care, maternal and child health, immunisations, basic screening and referrals to hospitals; fees are generally subsidised.","13","No URL","+608-575 5511","Jalan Kayu Balak (D/A Peg. Kesihatan Daerah Baram, Jalan Hospital), 98050 Baram, Marudi",,"Pa'Dalih Health Clinic","government, primary care, outpatient, maternal, child health, immunisation, screening, referral, subsidised, walk-in, appointment"
"1015","Klinik Kesihatan Taman Negara Mulu","Health & Wellbeing-Public Health Centre","No email detail. Please contact via other contact detail","Government primary care clinics under MOH offering outpatient care, maternal and child health, immunisations, basic screening and referrals to hospitals; fees are generally subsidised.","13","No URL","+608-579 2115","Taman Negara Mulu (D/A Peg. Kesihatan Daerah, Daerah Baram, Jalan Hospital, Baram), 98050 Baram, Marudi",,"Taman Negara Mulu Health Clinic","government, primary care, outpatient, maternal, child health, immunisation, screening, referral, subsidised, walk-in, appointment"
"1016","Klinik Kesihatan Ulu Teru","Health & Wellbeing-Public Health Centre","No email detail. Please contact via other contact detail","Government primary care clinics under MOH offering outpatient care, maternal and child health, immunisations, basic screening and referrals to hospitals; fees are generally subsidised.","13","No URL","+6013-286 5607","Ulu Teru (D/A Peg. Kesihatan Daerah Baram, Jalan Hospital), 98050 Baram, Marudi",,"Ulu Teru Health Clinic","government, primary care, outpatient, maternal, child health, immunisation, screening, referral, subsidised, walk-in, appointment"
"1017","Klinik Kesihatan Kuala Igan","Health & Wellbeing-Public Health Centre","No email detail. Please contact via other contact detail","Government primary care clinics under MOH offering outpatient care, maternal and child health, immunisations, basic screening and referrals to hospitals; fees are generally subsidised.","13","No URL","+608-484 8306","Kampung Igan, 96300 Daro, Matu",,"Kuala Igan Health Clinic","government, primary care, outpatient, maternal, child health, immunisation, screening, referral, subsidised, walk-in, appointment"
"1018","Klinik Kesihatan Kuala Matu","Health & Wellbeing-Public Health Centre","No email detail. Please contact via other contact detail","Government primary care clinics under MOH offering outpatient care, maternal and child health, immunisations, basic screening and referrals to hospitals; fees are generally subsidised.","13","No URL","+608-480 7618","Kampung Kuala Matu, 96250 Matu, Matu",,"Kuala Matu Health Clinic","government, primary care, outpatient, maternal, child health, immunisation, screening, referral, subsidised, walk-in, appointment"
"1019","Klinik Kesihatan Matu","Health & Wellbeing-Public Health Centre","No email detail. Please contact via other contact detail","Government primary care clinics under MOH offering outpatient care, maternal and child health, immunisations, basic screening and referrals to hospitals; fees are generally subsidised.","13","No URL","+608-483 2236","Pekan Matu, 96000 Matu, Matu",,"Matu Health Clinic","government, primary care, outpatient, maternal, child health, immunisation, screening, referral, subsidised, walk-in, appointment"
"1020","Klinik Kesihatan Nanga Passin","Health & Wellbeing-Public Health Centre","No email detail. Please contact via other contact detail","Government primary care clinics under MOH offering outpatient care, maternal and child health, immunisations, basic screening and referrals to hospitals; fees are generally subsidised.","13","No URL","+601-721 0000","Kampung Nanga Passin (D/A Peg. Kesihatan Bahagian Sibu, Wisma Persekutuan, Persiaran Brooke, Sibu), 96000 Matu, Matu",,"Nanga Passin Health Clinic","government, primary care, outpatient, maternal, child health, immunisation, screening, referral, subsidised, walk-in, appointment"
"1021","Klinik Kesihatan Rassau","Health & Wellbeing-Public Health Centre","No email detail. Please contact via other contact detail","Government primary care clinics under MOH offering outpatient care, maternal and child health, immunisations, basic screening and referrals to hospitals; fees are generally subsidised.","13","No URL","+6010-877 1382","Batang Air, Kampung Rasau (D/A Peg. Kesihatan Bahagian Sibu, Wisma Persekutuan, Persiaran Brooke), 96000 Matu, Matu",,"Rassau Health Clinic","government, primary care, outpatient, maternal, child health, immunisation, screening, referral, subsidised, walk-in, appointment"
"1022","Klinik Kesihatan Tian","Health & Wellbeing-Public Health Centre","No email detail. Please contact via other contact detail","Government primary care clinics under MOH offering outpatient care, maternal and child health, immunisations, basic screening and referrals to hospitals; fees are generally subsidised.","13","No URL","+608-483 2733","Kampung Tian, 96250 Matu, Matu",,"Tian Health Clinic","government, primary care, outpatient, maternal, child health, immunisation, screening, referral, subsidised, walk-in, appointment"
"1023","Klinik Kesihatan Bintangor","Health & Wellbeing-Public Health Centre","No email detail. Please contact via other contact detail","Government primary care clinics under MOH offering outpatient care, maternal and child health, immunisations, basic screening and referrals to hospitals; fees are generally subsidised.","13","No URL","+608-469 3333","Pekan Bintagor, 96500 Bintangor, Meradong",,"Bintangor Health Clinic","government, primary care, outpatient, maternal, child health, immunisation, screening, referral, subsidised, walk-in, appointment"
"1024","Klinik Kesihatan Batu Niah","Health & Wellbeing-Public Health Centre","No email detail. Please contact via other contact detail","Government primary care clinics under MOH offering outpatient care, maternal and child health, immunisations, basic screening and referrals to hospitals; fees are generally subsidised.","13","No URL","+608-573 7710","Batu Niah, 98200 Batu Niah, Miri",,"Batu Niah Health Clinic","government, primary care, outpatient, maternal, child health, immunisation, screening, referral, subsidised, walk-in, appointment"
"1025","Klinik Kesihatan Tudan","Health & Wellbeing-Public Health Centre","No email detail. Please contact via other contact detail","Government primary care clinics under MOH offering outpatient care, maternal and child health, immunisations, basic screening and referrals to hospitals; fees are generally subsidised.","13","No URL","+608-565 4404","Jalan Tudan Permyjaya, 98100 Lutong, Miri",,"Tudan Health Clinic","government, primary care, outpatient, maternal, child health, immunisation, screening, referral, subsidised, walk-in, appointment"
"1026","Klinik Kesihatan Bandar Miri","Health & Wellbeing-Public Health Centre","No email detail. Please contact via other contact detail","Government primary care clinics under MOH offering outpatient care, maternal and child health, immunisations, basic screening and referrals to hospitals; fees are generally subsidised.","13","No URL","+608-541 2322","Bandar Miri, Jalan Merbau, 98000 Miri, Miri",,"Bandar Miri Health Clinic","government, primary care, outpatient, maternal, child health, immunisation, screening, referral, subsidised, walk-in, appointment"
"1027","Klinik Kesihatan Bekenu","Health & Wellbeing-Public Health Centre","No email detail. Please contact via other contact detail","Government primary care clinics under MOH offering outpatient care, maternal and child health, immunisations, basic screening and referrals to hospitals; fees are generally subsidised.","13","No URL","+608-571 9003","Kampung Bekenu, 98150 Miri, Miri",,"Bekenu Health Clinic","government, primary care, outpatient, maternal, child health, immunisation, screening, referral, subsidised, walk-in, appointment"
"1028","Klinik Kesihatan Jambatan Suai","Health & Wellbeing-Public Health Centre","No email detail. Please contact via other contact detail","Government primary care clinics under MOH offering outpatient care, maternal and child health, immunisations, basic screening and referrals to hospitals; fees are generally subsidised.","13","No URL","+608-547 4722","Jambatan Suai (Pej. Kesihatan Bahagian Miri), 98000 Miri, Miri",,"Jambatan Suai Health Clinic","government, primary care, outpatient, maternal, child health, immunisation, screening, referral, subsidised, walk-in, appointment"
"1029","Klinik Kesihatan Suai Tegageng","Health & Wellbeing-Public Health Centre","No email detail. Please contact via other contact detail","Government primary care clinics under MOH offering outpatient care, maternal and child health, immunisations, basic screening and referrals to hospitals; fees are generally subsidised.","13","No URL","+608-574 0047","Kampung Suai Tegageng (D/A Pej. Kesihatan Bahagian Miri, Jalan Temenggong Oyong Lawai Jau), 98000 Niah, Miri",,"Suai Tegageng Health Clinic","government, primary care, outpatient, maternal, child health, immunisation, screening, referral, subsidised, walk-in, appointment"
"1030","Klinik Kesihatan Tun Haji Openg","Health & Wellbeing-Public Health Centre","No email detail. Please contact via other contact detail","Government primary care clinics under MOH offering outpatient care, maternal and child health, immunisations, basic screening and referrals to hospitals; fees are generally subsidised.","13","No URL","+608-542 4722","Jalan Tun Haji Openg (D/A Pej. Kesihatan Bahagian Miri, Jalan Temenggong Oyong Lawai Jau), 98000 Sibuti, Miri",,"Tun Haji Openg Health Clinic","government, primary care, outpatient, maternal, child health, immunisation, screening, referral, subsidised, walk-in, appointment"
"1031","Klinik Kesihatan Ladang Tiga","Health & Wellbeing-Public Health Centre","No email detail. Please contact via other contact detail","Government primary care clinics under MOH offering outpatient care, maternal and child health, immunisations, basic screening and referrals to hospitals; fees are generally subsidised.","13","No URL","+608-549 6001","Pekan Ladang Tiga (D/A Peg. Kesihatan Bahagian Miri, Jalan Temenggong Oyong Lawai Jau), 98000 Subis, Miri",,"Ladang Tiga Health Clinic","government, primary care, outpatient, maternal, child health, immunisation, screening, referral, subsidised, walk-in, appointment"
"1032","Klinik Kesihatan Kampung Teh","Health & Wellbeing-Public Health Centre","No email detail. Please contact via other contact detail","Government primary care clinics under MOH offering outpatient care, maternal and child health, immunisations, basic screening and referrals to hospitals; fees are generally subsidised.","13","No URL","+608-480 5733","Kampung Teh , 96300 Dalat, Mukah",,"Kampung Teh Health Clinic","government, primary care, outpatient, maternal, child health, immunisation, screening, referral, subsidised, walk-in, appointment"
"1033","Klinik Kesihatan Medong","Health & Wellbeing-Public Health Centre","No email detail. Please contact via other contact detail","Government primary care clinics under MOH offering outpatient care, maternal and child health, immunisations, basic screening and referrals to hospitals; fees are generally subsidised.","13","No URL","+608-486 6236","Desa Medong, 96300 Dalat, Mukah",,"Medong Health Clinic","government, primary care, outpatient, maternal, child health, immunisation, screening, referral, subsidised, walk-in, appointment"
"1034","Klinik Kesihatan Balingian","Health & Wellbeing-Public Health Centre","No email detail. Please contact via other contact detail","Government primary care clinics under MOH offering outpatient care, maternal and child health, immunisations, basic screening and referrals to hospitals; fees are generally subsidised.","13","No URL","+608-448 4146","Balingan (D/A Peg. Kesihatan Bahagian Mukah), 96400 Mukah, Mukah",,"Balingian Health Clinic","government, primary care, outpatient, maternal, child health, immunisation, screening, referral, subsidised, walk-in, appointment"
"1035","Klinik Kesihatan Kuala Balingian","Health & Wellbeing-Public Health Centre","No email detail. Please contact via other contact detail","Government primary care clinics under MOH offering outpatient care, maternal and child health, immunisations, basic screening and referrals to hospitals; fees are generally subsidised.","13","No URL","+608-448 4265","Kampung Kuala Balingan, 96400 Mukah, Mukah",,"Kuala Balingian Health Clinic","government, primary care, outpatient, maternal, child health, immunisation, screening, referral, subsidised, walk-in, appointment"
"1036","Klinik Kesihatan Ladang Sawit","Health & Wellbeing-Public Health Centre","No email detail. Please contact via other contact detail","Government primary care clinics under MOH offering outpatient care, maternal and child health, immunisations, basic screening and referrals to hospitals; fees are generally subsidised.","13","No URL","+608-480 5166","Kampung Ladang Sawit (D/A Pegawai Kesihatan Bahagian Mukah), 96400 Mukah, Mukah",,"Ladang Sawit Health Clinic","government, primary care, outpatient, maternal, child health, immunisation, screening, referral, subsidised, walk-in, appointment"
"1037","Klinik Kesihatan Nanga Taroh","Health & Wellbeing-Public Health Centre","No email detail. Please contact via other contact detail","Government primary care clinics under MOH offering outpatient care, maternal and child health, immunisations, basic screening and referrals to hospitals; fees are generally subsidised.","13","No URL","+601-125 7484","Kampung Nanga Taroh (D/A Peg. Kesihatan Bahagian Mukah), 96400 Ng. Baoh, Mukah",,"Nanga Taroh Health Clinic","government, primary care, outpatient, maternal, child health, immunisation, screening, referral, subsidised, walk-in, appointment"
"1038","Klinik Kesihatan Nanga Entaih","Health & Wellbeing-Public Health Centre","No email detail. Please contact via other contact detail","Government primary care clinics under MOH offering outpatient care, maternal and child health, immunisations, basic screening and referrals to hospitals; fees are generally subsidised.","13","No URL","+608-477 5501","Kampung Entaih, 96510 Pakan, Pakan",,"Nanga Entaih Health Clinic","government, primary care, outpatient, maternal, child health, immunisation, screening, referral, subsidised, walk-in, appointment"
"1039","Klinik Kesihatan Nanga Kara","Health & Wellbeing-Public Health Centre","No email detail. Please contact via other contact detail","Government primary care clinics under MOH offering outpatient care, maternal and child health, immunisations, basic screening and referrals to hospitals; fees are generally subsidised.","13","No URL","+608-477 5502","Kampung Nanga Kara, 96150 Pakan, Pakan",,"Nanga Kara Health Clinic","government, primary care, outpatient, maternal, child health, immunisation, screening, referral, subsidised, walk-in, appointment"
"1040","Klinik Kesihatan Nanga Wak","Health & Wellbeing-Public Health Centre","No email detail. Please contact via other contact detail","Government primary care clinics under MOH offering outpatient care, maternal and child health, immunisations, basic screening and referrals to hospitals; fees are generally subsidised.","13","No URL","+608-343 4008","Kampung Wak, 96150 Pakan, Pakan",,"Nanga Wak Health Clinic","government, primary care, outpatient, maternal, child health, immunisation, screening, referral, subsidised, walk-in, appointment"
"1041","Klinik Kesihatan Pakan","Health & Wellbeing-Public Health Centre","No email detail. Please contact via other contact detail","Government primary care clinics under MOH offering outpatient care, maternal and child health, immunisations, basic screening and referrals to hospitals; fees are generally subsidised.","13","https://www.facebook.com/KKPAKAN/","+608-471 9226","Pekan Pakan, 96150 Pakan, Pakan","Monday-Friday 08:00-17:00","Pakan Health Clinic","government, primary care, outpatient, maternal, child health, immunisation, screening, referral, subsidised, walk-in, appointment"
"1042","Klinik Kesihatan Kota Samarahan","Health & Wellbeing-Public Health Centre","No email detail. Please contact via other contact detail","Government primary care clinics under MOH offering outpatient care, maternal and child health, immunisations, basic screening and referrals to hospitals; fees are generally subsidised.","13","No URL","+608-267 3626","Jalan Datuk Muhamad Musa, 94300 Kota Samarahan, Samarahan",,"Kota Samarahan Health Clinic","government, primary care, outpatient, maternal, child health, immunisation, screening, referral, subsidised, walk-in, appointment"
"1043","Klinik Kesihatan Sambir","Health & Wellbeing-Public Health Centre","No email detail. Please contact via other contact detail","Government primary care clinics under MOH offering outpatient care, maternal and child health, immunisations, basic screening and referrals to hospitals; fees are generally subsidised.","13","No URL","+608-243 6384","Kampung Sambir, 94300 Kota Samarahan, Samarahan",,"Sambir Health Clinic","government, primary care, outpatient, maternal, child health, immunisation, screening, referral, subsidised, walk-in, appointment"
"1044","Klinik Kesihatan Kabong","Health & Wellbeing-Public Health Centre","No email detail. Please contact via other contact detail","Government primary care clinics under MOH offering outpatient care, maternal and child health, immunisations, basic screening and referrals to hospitals; fees are generally subsidised.","13","No URL","+608-341 1211","Kabong, 94650 Betong, Saratok",,"Kabong Health Clinic","government, primary care, outpatient, maternal, child health, immunisation, screening, referral, subsidised, walk-in, appointment"
"1045","Klinik Kesihatan Nanga Atoi","Health & Wellbeing-Public Health Centre","No email detail. Please contact via other contact detail","Government primary care clinics under MOH offering outpatient care, maternal and child health, immunisations, basic screening and referrals to hospitals; fees are generally subsidised.","13","No URL","+608-356 7400","Kampung Nanga Atoi, 95400 Kalaka, Saratok",,"Nanga Atoi Health Clinic","government, primary care, outpatient, maternal, child health, immunisation, screening, referral, subsidised, walk-in, appointment"
"1046","Klinik Kesihatan Nanga Budu","Health & Wellbeing-Public Health Centre","No email detail. Please contact via other contact detail","Government primary care clinics under MOH offering outpatient care, maternal and child health, immunisations, basic screening and referrals to hospitals; fees are generally subsidised.","13","No URL","+608-358 9300","Kampung Nanga Budu, 95400 Kalaka, Saratok",,"Nanga Budu Health Clinic","government, primary care, outpatient, maternal, child health, immunisation, screening, referral, subsidised, walk-in, appointment"
"1047","Klinik Kesihatan Nyabor","Health & Wellbeing-Public Health Centre","No email detail. Please contact via other contact detail","Government primary care clinics under MOH offering outpatient care, maternal and child health, immunisations, basic screening and referrals to hospitals; fees are generally subsidised.","13","No URL","+608-341 1068","Kampung Nyabor, Roban, 95300 Kalaka, Saratok",,"Nyabor Health Clinic","government, primary care, outpatient, maternal, child health, immunisation, screening, referral, subsidised, walk-in, appointment"
"1048","Klinik Kesihatan Roban","Health & Wellbeing-Public Health Centre","No email detail. Please contact via other contact detail","Government primary care clinics under MOH offering outpatient care, maternal and child health, immunisations, basic screening and referrals to hospitals; fees are generally subsidised.","13","No URL","+608-342 7244","Pekan Kechil Roban, 95300 Kalaka, Saratok",,"Roban Health Clinic","government, primary care, outpatient, maternal, child health, immunisation, screening, referral, subsidised, walk-in, appointment"
"1049","Klinik Kesihatan Balai (Bakam)","Health & Wellbeing-Public Health Centre","No email detail. Please contact via other contact detail","Government primary care clinics under MOH offering outpatient care, maternal and child health, immunisations, basic screening and referrals to hospitals; fees are generally subsidised.","13","No URL","+608-465 1077","Balai (Peg. Kesihatan Bahagian Sarikei, Wisma Persekutuan, Sarikei), 96100 Sarikei, Sarikei",,"Balai (Bakam) Health Clinic","government, primary care, outpatient, maternal, child health, immunisation, screening, referral, subsidised, walk-in, appointment"
"1050","Klinik Kesihatan Sarikei","Health & Wellbeing-Public Health Centre","No email detail. Please contact via other contact detail","Government primary care clinics under MOH offering outpatient care, maternal and child health, immunisations, basic screening and referrals to hospitals; fees are generally subsidised.","13","No URL","+608-465 8652","Sarikei, Jalan Hospital Lama, 96100 Sarikei, Sarikei",,"Sarikei Health Clinic","government, primary care, outpatient, maternal, child health, immunisation, screening, referral, subsidised, walk-in, appointment"
"1051","Klinik Kesihatan Selangau","Health & Wellbeing-Public Health Centre","No email detail. Please contact via other contact detail","Government primary care clinics under MOH offering outpatient care, maternal and child health, immunisations, basic screening and referrals to hospitals; fees are generally subsidised.","13","No URL","+608-489 4320","KM 80, Jln Sibu/ Bintulu, Kampung Selangau, 96000 Selangau, Selangau",,"Selangau Health Clinic","government, primary care, outpatient, maternal, child health, immunisation, screening, referral, subsidised, walk-in, appointment"
"1052","Klinik Kesihatan Sekuau","Health & Wellbeing-Public Health Centre","No email detail. Please contact via other contact detail","Government primary care clinics under MOH offering outpatient care, maternal and child health, immunisations, basic screening and referrals to hospitals; fees are generally subsidised.","13","No URL","+608-480 5193","Kampung Sekau (D/A Peg. Kesihatan Bahagian Sibu, Wisma Persekutuan, Persiaran Brooke), 96000 Sibu, Selangau",,"Sekuau Health Clinic","government, primary care, outpatient, maternal, child health, immunisation, screening, referral, subsidised, walk-in, appointment"
"1053","Klinik Kesihatan Sungai Arip","Health & Wellbeing-Public Health Centre","No email detail. Please contact via other contact detail","Government primary care clinics under MOH offering outpatient care, maternal and child health, immunisations, basic screening and referrals to hospitals; fees are generally subsidised.","13","No URL","+608-646 9603","Kampung Sungai Arip (D/A Peg. Kesihatan Bahagian Sibu, Wisma Persekutuan, Persiaran Brooke), 96000 Sibu, Selangau",,"Sungai Arip Health Clinic","government, primary care, outpatient, maternal, child health, immunisation, screening, referral, subsidised, walk-in, appointment"
"1054","Klinik Kesihatan Tepus","Health & Wellbeing-Public Health Centre","No email detail. Please contact via other contact detail","Government primary care clinics under MOH offering outpatient care, maternal and child health, immunisations, basic screening and referrals to hospitals; fees are generally subsidised.","13","No URL","+608-431 5494","Pekan Tepus (Batu 12, Jalan Sibu-Bintulu), 96000 Sibu, Selangau",,"Tepus Health Clinic","government, primary care, outpatient, maternal, child health, immunisation, screening, referral, subsidised, walk-in, appointment"
"1055","Klinik Kesihatan Balai Ringin","Health & Wellbeing-Public Health Centre","No email detail. Please contact via other contact detail","Government primary care clinics under MOH offering outpatient care, maternal and child health, immunisations, basic screening and referrals to hospitals; fees are generally subsidised.","13","No URL","+608-287 7329","Kampung Ringin, 94700 Serian, Serian",,"Balai Ringin Health Clinic","government, primary care, outpatient, maternal, child health, immunisation, screening, referral, subsidised, walk-in, appointment"
"1056","Klinik Kesihatan Ensengei","Health & Wellbeing-Public Health Centre","No email detail. Please contact via other contact detail","Government primary care clinics under MOH offering outpatient care, maternal and child health, immunisations, basic screening and referrals to hospitals; fees are generally subsidised.","13","No URL","+608-289 5401","Kampung Ensengei, 94700 Serian, Serian",,"Ensengei Health Clinic","government, primary care, outpatient, maternal, child health, immunisation, screening, referral, subsidised, walk-in, appointment"
"1057","Klinik Kesihatan Pangkalan Amo","Health & Wellbeing-Public Health Centre","No email detail. Please contact via other contact detail","Government primary care clinics under MOH offering outpatient care, maternal and child health, immunisations, basic screening and referrals to hospitals; fees are generally subsidised.","13","No URL","+6013-268 0129","Kampung Pengkalan Amo (D/A Pen. Peg. Perubatan Kanan, Hospital Serian, Jalan Serian Bypass), 94700 Serian, Serian",,"Pangkalan Amo Health Clinic","government, primary care, outpatient, maternal, child health, immunisation, screening, referral, subsidised, walk-in, appointment"
"1058","Klinik Kesihatan Tarat","Health & Wellbeing-Public Health Centre","No email detail. Please contact via other contact detail","Government primary care clinics under MOH offering outpatient care, maternal and child health, immunisations, basic screening and referrals to hospitals; fees are generally subsidised.","13","No URL","+608-287 6591","Pekan Tarat, 94700 Serian, Serian",,"Tarat Health Clinic","government, primary care, outpatient, maternal, child health, immunisation, screening, referral, subsidised, walk-in, appointment"
"1059","Klinik Kesihatan Triboh","Health & Wellbeing-Public Health Centre","No email detail. Please contact via other contact detail","Government primary care clinics under MOH offering outpatient care, maternal and child health, immunisations, basic screening and referrals to hospitals; fees are generally subsidised.","13","No URL","+608-287 0321","Kampung Triboh, 94700 Serian, Serian",,"Triboh Health Clinic","government, primary care, outpatient, maternal, child health, immunisation, screening, referral, subsidised, walk-in, appointment"
"1060","Klinik Kesihatan Bunan Gega","Health & Wellbeing-Public Health Centre","No email detail. Please contact via other contact detail","Government primary care clinics under MOH offering outpatient care, maternal and child health, immunisations, basic screening and referrals to hospitals; fees are generally subsidised.","13","No URL","+608-289 5497","Kampung Bunan Gega, 94750 Tebakang, Serian",,"Bunan Gega Health Clinic","government, primary care, outpatient, maternal, child health, immunisation, screening, referral, subsidised, walk-in, appointment"
"1061","Klinik Kesihatan Tebedu","Health & Wellbeing-Public Health Centre","No email detail. Please contact via other contact detail","Government primary care clinics under MOH offering outpatient care, maternal and child health, immunisations, basic screening and referrals to hospitals; fees are generally subsidised.","13","No URL","+608-279 7219","Pekan Tebedu, 94750 Tebedu, Serian",,"Tebedu Health Clinic","government, primary care, outpatient, maternal, child health, immunisation, screening, referral, subsidised, walk-in, appointment"
"1062","Klinik Kesihatan Tebakang","Health & Wellbeing-Public Health Centre","No email detail. Please contact via other contact detail","Government primary care clinics under MOH offering outpatient care, maternal and child health, immunisations, basic screening and referrals to hospitals; fees are generally subsidised.","13","No URL","+608-287 5625","Kampung Tekabang, 94750 Tekabang, Serian",,"Tebakang Health Clinic","government, primary care, outpatient, maternal, child health, immunisation, screening, referral, subsidised, walk-in, appointment"
"1063","Klinik Kesihatan Bawang Assan","Health & Wellbeing-Public Health Centre","No email detail. Please contact via other contact detail","Government primary care clinics under MOH offering outpatient care, maternal and child health, immunisations, basic screening and referrals to hospitals; fees are generally subsidised.","13","No URL","+608-480 1044","Bawang Assan, 96000 Sibu, Sibu",,"Bawang Assan Health Clinic","government, primary care, outpatient, maternal, child health, immunisation, screening, referral, subsidised, walk-in, appointment"
"1064","Klinik Kesihatan Durin","Health & Wellbeing-Public Health Centre","No email detail. Please contact via other contact detail","Government primary care clinics under MOH offering outpatient care, maternal and child health, immunisations, basic screening and referrals to hospitals; fees are generally subsidised.","13","No URL","+608-473 6108","Jln Durin, 96000 Sibu, Sibu",,"Durin Health Clinic","government, primary care, outpatient, maternal, child health, immunisation, screening, referral, subsidised, walk-in, appointment"
"1065","Klinik Kesihatan Jalan Lanang","Health & Wellbeing-Public Health Centre","klinikkesihatanjalanlanang@gmail.com","Government primary care clinics under MOH offering outpatient care, maternal and child health, immunisations, basic screening and referrals to hospitals; fees are generally subsidised.","13","https://www.facebook.com/kliniklanang/","+608-421 0433","Poliklinik Lanang, Jln Ulu Lanang, 96000 Sibu, Sibu","Monday-Friday 07:30-17:00; Saturday 08:00-12:00","Jalan Lanang Health Clinic","government, primary care, outpatient, maternal, child health, immunisation, screening, referral, subsidised, walk-in, appointment"
"1066","Klinik Kesihatan Jalan Oya","Health & Wellbeing-Public Health Centre","No email detail. Please contact via other contact detail","Government primary care clinics under MOH offering outpatient care, maternal and child health, immunisations, basic screening and referrals to hospitals; fees are generally subsidised.","13","No URL","+608-432 3355","Oya, Jalan Oya, 96000 Sibu, Sibu",,"Jalan Oya Health Clinic","government, primary care, outpatient, maternal, child health, immunisation, screening, referral, subsidised, walk-in, appointment"
"1067","Klinik Kesihatan Passai Siong","Health & Wellbeing-Public Health Centre","No email detail. Please contact via other contact detail","Government primary care clinics under MOH offering outpatient care, maternal and child health, immunisations, basic screening and referrals to hospitals; fees are generally subsidised.","13","No URL","+608-486 1200","Passai Siong (D/A Peg. Kesihatan Bahagian Sibu, Wisma Persekutuan, Persiaran Brooke), 96000 Sibu, Sibu",,"Passai Siong Health Clinic","government, primary care, outpatient, maternal, child health, immunisation, screening, referral, subsidised, walk-in, appointment"
"1068","Klinik Kesihatan Gedong","Health & Wellbeing-Public Health Centre","No email detail. Please contact via other contact detail","Government primary care clinics under MOH offering outpatient care, maternal and child health, immunisations, basic screening and referrals to hospitals; fees are generally subsidised.","13","No URL","+608-278 1499","Kampung Gedong, 94300 Kota Samarahan, Simunjan",,"Gedong Health Clinic","government, primary care, outpatient, maternal, child health, immunisation, screening, referral, subsidised, walk-in, appointment"
"1069","Klinik Kesihatan Kesindu","Health & Wellbeing-Public Health Centre","No email detail. Please contact via other contact detail","Government primary care clinics under MOH offering outpatient care, maternal and child health, immunisations, basic screening and referrals to hospitals; fees are generally subsidised.","13","No URL","+608-289 6939","Kampung Kesindu, 94800 Kota Samarahan, Simunjan",,"Kesindu Health Clinic","government, primary care, outpatient, maternal, child health, immunisation, screening, referral, subsidised, walk-in, appointment"
"1070","Klinik Kesihatan Mentu","Health & Wellbeing-Public Health Centre","No email detail. Please contact via other contact detail","Government primary care clinics under MOH offering outpatient care, maternal and child health, immunisations, basic screening and referrals to hospitals; fees are generally subsidised.","13","No URL","+601-122 1276","Kampung Mentu, 94300 Kota Samarahan, Simunjan",,"Mentu Health Clinic","government, primary care, outpatient, maternal, child health, immunisation, screening, referral, subsidised, walk-in, appointment"
"1071","Klinik Kesihatan Munggu Lallang","Health & Wellbeing-Public Health Centre","No email detail. Please contact via other contact detail","Government primary care clinics under MOH offering outpatient care, maternal and child health, immunisations, basic screening and referrals to hospitals; fees are generally subsidised.","13","No URL","+608-289 5498","Kampung Munggu Lallang, 94300 Kota Samarahan, Simunjan",,"Munggu Lallang Health Clinic","government, primary care, outpatient, maternal, child health, immunisation, screening, referral, subsidised, walk-in, appointment"
"1072","Klinik Kesihatan Sebangan","Health & Wellbeing-Public Health Centre","No email detail. Please contact via other contact detail","Government primary care clinics under MOH offering outpatient care, maternal and child health, immunisations, basic screening and referrals to hospitals; fees are generally subsidised.","13","No URL","+608-346 8337","Pekan Sebangan, 94300 Kota Samarahan, Simunjan",,"Sebangan Health Clinic","government, primary care, outpatient, maternal, child health, immunisation, screening, referral, subsidised, walk-in, appointment"
"1073","Klinik Kesihatan Sebuyau","Health & Wellbeing-Public Health Centre","No email detail. Please contact via other contact detail","Government primary care clinics under MOH offering outpatient care, maternal and child health, immunisations, basic screening and referrals to hospitals; fees are generally subsidised.","13","No URL","+608-346 7126","Pekan Sebuyau (D/A Pegawai Kesihatan Bahagian Samarahan, Jalan Datuk Muhamad Musa), 94300 Kota Samarahan, Simunjan",,"Sebuyau Health Clinic","government, primary care, outpatient, maternal, child health, immunisation, screening, referral, subsidised, walk-in, appointment"
"1074","Klinik Kesihatan Nanga Tekalit","Health & Wellbeing-Public Health Centre","No email detail. Please contact via other contact detail","Government primary care clinics under MOH offering outpatient care, maternal and child health, immunisations, basic screening and referrals to hospitals; fees are generally subsidised.","13","No URL","+608-477 2001","Nanga Tekalit, 96850 Kapit, Song",,"Nanga Tekalit Health Clinic","government, primary care, outpatient, maternal, child health, immunisation, screening, referral, subsidised, walk-in, appointment"
"1075","Klinik Kesihatan Chemenong","Health & Wellbeing-Public Health Centre","No email detail. Please contact via other contact detail","Government primary care clinics under MOH offering outpatient care, maternal and child health, immunisations, basic screening and referrals to hospitals; fees are generally subsidised.","13","No URL","+608-4477 4100","Kampung Chemenong, 96850 Song, Song",,"Chemenong Health Clinic","government, primary care, outpatient, maternal, child health, immunisation, screening, referral, subsidised, walk-in, appointment"
"1076","Klinik Kesihatan Nanga Bangkit","Health & Wellbeing-Public Health Centre","No email detail. Please contact via other contact detail","Government primary care clinics under MOH offering outpatient care, maternal and child health, immunisations, basic screening and referrals to hospitals; fees are generally subsidised.","13","No URL","+608-477 7333","Kampung Nanga Bangkit, 96850 Song, Song",,"Nanga Bangkit Health Clinic","government, primary care, outpatient, maternal, child health, immunisation, screening, referral, subsidised, walk-in, appointment"
"1077","Klinik Kesihatan Nanga Engkuah","Health & Wellbeing-Public Health Centre","No email detail. Please contact via other contact detail","Government primary care clinics under MOH offering outpatient care, maternal and child health, immunisations, basic screening and referrals to hospitals; fees are generally subsidised.","13","No URL","+608-477 7333","Kampung Engkuah, 96850 Song, Song",,"Nanga Engkuah Health Clinic","government, primary care, outpatient, maternal, child health, immunisation, screening, referral, subsidised, walk-in, appointment"
"1078","Klinik Kesihatan Song","Health & Wellbeing-Public Health Centre","No email detail. Please contact via other contact detail","Government primary care clinics under MOH offering outpatient care, maternal and child health, immunisations, basic screening and referrals to hospitals; fees are generally subsidised.","13","No URL","+608-477 7333","Pekan Kecil Song, 96850 Song, Song",,"Song Health Clinic","government, primary care, outpatient, maternal, child health, immunisation, screening, referral, subsidised, walk-in, appointment"
"1079","Klinik Kesihatan Batu Lintang","Health & Wellbeing-Public Health Centre","No email detail. Please contact via other contact detail","Government primary care clinics under MOH offering outpatient care, maternal and child health, immunisations, basic screening and referrals to hospitals; fees are generally subsidised.","13","No URL","+608-341 8347","Kampung Batu Lintang (D/A Peg. Kesihatan Bahagian Sri Aman, Jalan Hospital), 95007 Sri Aman, Sri Aman",,"Batu Lintang Health Clinic","government, primary care, outpatient, maternal, child health, immunisation, screening, referral, subsidised, walk-in, appointment"
"1080","Klinik Kesihatan Lingga","Health & Wellbeing-Public Health Centre","No email detail. Please contact via other contact detail","Government primary care clinics under MOH offering outpatient care, maternal and child health, immunisations, basic screening and referrals to hospitals; fees are generally subsidised.","13","No URL","+608-349 6223","Kampung Lingga (D/A Peg. Kesihatan Bahagian, Bahagian Sri Aman Jalan Hospital, Sri Aman), 95007 Sri Aman, Sri Aman",,"Lingga Health Clinic","government, primary care, outpatient, maternal, child health, immunisation, screening, referral, subsidised, walk-in, appointment"
"1081","Klinik Kesihatan Nanga Delok","Health & Wellbeing-Public Health Centre","No email detail. Please contact via other contact detail","Government primary care clinics under MOH offering outpatient care, maternal and child health, immunisations, basic screening and referrals to hospitals; fees are generally subsidised.","13","No URL","+608-332 2176","Nanga Delok, 95007 Sri Aman, Sri Aman",,"Nanga Delok Health Clinic","government, primary care, outpatient, maternal, child health, immunisation, screening, referral, subsidised, walk-in, appointment"
"1082","Klinik Kesihatan Nanga Entalau","Health & Wellbeing-Public Health Centre","No email detail. Please contact via other contact detail","Government primary care clinics under MOH offering outpatient care, maternal and child health, immunisations, basic screening and referrals to hospitals; fees are generally subsidised.","13","No URL","+608-343 2009","Kampung Nanga Entalau (D/A Peg. Kesihatan Bahagian Sri Aman Jalan Hospital) , 95007 Sri Aman, Sri Aman",,"Nanga Entalau Health Clinic","government, primary care, outpatient, maternal, child health, immunisation, screening, referral, subsidised, walk-in, appointment"
"1083","Klinik Kesihatan Nanga Stamang","Health & Wellbeing-Public Health Centre","No email detail. Please contact via other contact detail","Government primary care clinics under MOH offering outpatient care, maternal and child health, immunisations, basic screening and referrals to hospitals; fees are generally subsidised.","13","No URL","+608-332 2176","Nanga Stamang (D/A Peg. Kesihatan Bahagian Sri Aman, Tingkat 3 Wisma Persekutuan, Jalan Hospital), 95007 Sri Aman, Sri Aman",,"Nanga Stamang Health Clinic","government, primary care, outpatient, maternal, child health, immunisation, screening, referral, subsidised, walk-in, appointment"
"1084","Klinik Kesihatan Pantu","Health & Wellbeing-Public Health Centre","No email detail. Please contact via other contact detail","Government primary care clinics under MOH offering outpatient care, maternal and child health, immunisations, basic screening and referrals to hospitals; fees are generally subsidised.","13","No URL","+608-354 5228","Pekan Pantu (D/A Peg. Kesihatan Bahagian Sri Aman, Jalan Hospital), 95007 Sri Aman, Sri Aman",,"Pantu Health Clinic","government, primary care, outpatient, maternal, child health, immunisation, screening, referral, subsidised, walk-in, appointment"
"1085","Klinik Kesihatan Skrang","Health & Wellbeing-Public Health Centre","No email detail. Please contact via other contact detail","Government primary care clinics under MOH offering outpatient care, maternal and child health, immunisations, basic screening and referrals to hospitals; fees are generally subsidised.","13","No URL","+6011-938 4832","Kampung Skrang (D/A Peg. Kesihatan Bahagian Sri Aman, Jalan Hospital), 95007 Sri Aman, Sri Aman",,"Skrang Health Clinic","government, primary care, outpatient, maternal, child health, immunisation, screening, referral, subsidised, walk-in, appointment"
"1086","Klinik Kesihatan Sri Aman","Health & Wellbeing-Public Health Centre","No email detail. Please contact via other contact detail","Government primary care clinics under MOH offering outpatient care, maternal and child health, immunisations, basic screening and referrals to hospitals; fees are generally subsidised.","13","No URL","+608-332 7769","Sri Aman, Jalan Hospital (D/A Peg. Kesihatan Bahagian Sri Aman, Jalan Hospital), 95007 Sri Aman, Sri Aman",,"Sri Aman Health Clinic","government, primary care, outpatient, maternal, child health, immunisation, screening, referral, subsidised, walk-in, appointment"
"1087","Klinik Kesihatan Tanjung Bijat","Health & Wellbeing-Public Health Centre","No email detail. Please contact via other contact detail","Government primary care clinics under MOH offering outpatient care, maternal and child health, immunisations, basic screening and referrals to hospitals; fees are generally subsidised.","13","No URL","+608-330 9476","Kampung Tanjung Bilat, (D/A Peg. Kesihatan Bahagian Sri Aman, Jalan Hospital), 95007 Sri Aman, Sri Aman",,"Tanjung Bijat Health Clinic","government, primary care, outpatient, maternal, child health, immunisation, screening, referral, subsidised, walk-in, appointment"
"1088","Klinik Kesihatan Nanga Tau","Health & Wellbeing-Public Health Centre","No email detail. Please contact via other contact detail","Government primary care clinics under MOH offering outpatient care, maternal and child health, immunisations, basic screening and referrals to hospitals; fees are generally subsidised.","13","No URL","+608-647 9707","Nanga Tau (Pej. Kesihatan Bahagian Bintulu , Lebuh Raya Abang Galau), 97000 Bintulu, Tatau",,"Nanga Tau Health Clinic","government, primary care, outpatient, maternal, child health, immunisation, screening, referral, subsidised, walk-in, appointment"
"1089","Klinik Kesihatan Tatau","Health & Wellbeing-Public Health Centre","No email detail. Please contact via other contact detail","Government primary care clinics under MOH offering outpatient care, maternal and child health, immunisations, basic screening and referrals to hospitals; fees are generally subsidised.","13","No URL","+608-658 4619","Pekan Tatau, 97000 Bintulu, Tatau",,"Tatau Health Clinic","government, primary care, outpatient, maternal, child health, immunisation, screening, referral, subsidised, walk-in, appointment"
"1090","Klinik Kesihatan Sangan","Health & Wellbeing-Public Health Centre","No email detail. Please contact via other contact detail","Government primary care clinics under MOH offering outpatient care, maternal and child health, immunisations, basic screening and referrals to hospitals; fees are generally subsidised.","13","No URL","+608-658 1047","Sangan (Pen. Peg. Perubatan Kanan, Pej. Kesihatan Bahagian Bintulu, Lebuh Raya Abang Galau), 97000 Tatau, Tatau",,"Sangan Health Clinic","government, primary care, outpatient, maternal, child health, immunisation, screening, referral, subsidised, walk-in, appointment"
"1091","Klinik Kesihatan Au","Health & Wellbeing-Public Health Centre","No email detail. Please contact via other contact detail","Government primary care clinics under MOH offering outpatient care, maternal and child health, immunisations, basic screening and referrals to hospitals; fees are generally subsidised.","10","No URL","+603-4257 9466","Jalan AU2, Taman Seri Keramat, 54200 Ampang, Gombak",,"Au Health Clinic","government, primary care, outpatient, maternal, child health, immunisation, screening, referral, subsidised, walk-in, appointment"
"1092","Klinik Kesihatan Batu Arang","Health & Wellbeing-Public Health Centre","No email detail. Please contact via other contact detail","Government primary care clinics under MOH offering outpatient care, maternal and child health, immunisations, basic screening and referrals to hospitals; fees are generally subsidised.","10","No URL","+603-6035 2287","JKR G/1325, 48100 Batu Arang, Gombak","Monday-Friday 08:00-17:00","Batu Arang Health Clinic","government, primary care, outpatient, maternal, child health, immunisation, screening, referral, subsidised, walk-in, appointment"
"1093","Klinik Kesihatan Selayang Baru","Health & Wellbeing-Public Health Centre","No email detail. Please contact via other contact detail","Government primary care clinics under MOH offering outpatient care, maternal and child health, immunisations, basic screening and referrals to hospitals; fees are generally subsidised.","10","No URL","+603-6187 8564","Jln Sg. Tua Mukim Batu, 68100 Batu Caves, Gombak","Monday-Thursday 08:00-17:00; Friday 08:00-12:15 and 14:45-17:00","Selayang Baru Health Clinic","government, primary care, outpatient, maternal, child health, immunisation, screening, referral, subsidised, walk-in, appointment"
"1094","Klinik Kesihatan Batu 8 Gombak","Health & Wellbeing-Public Health Centre","No email detail. Please contact via other contact detail","Government primary care clinics under MOH offering outpatient care, maternal and child health, immunisations, basic screening and referrals to hospitals; fees are generally subsidised.","10","No URL","+603-6188 9704","Batu 8, Gombak Utara, 53000 Gombak, Gombak","Monday-Friday 08:00-17:00","Batu 8 Gombak Health Clinic","government, primary care, outpatient, maternal, child health, immunisation, screening, referral, subsidised, walk-in, appointment"
"1095","Klinik Kesihatan Gombak Setia","Health & Wellbeing-Public Health Centre","No email detail. Please contact via other contact detail","Government primary care clinics under MOH offering outpatient care, maternal and child health, immunisations, basic screening and referrals to hospitals; fees are generally subsidised.","10","No URL","+603-6187 3039","No 5A/6A, Jln Kenangan Utama, Taman Kenangan, 53000 Gombak Setia, Gombak","Monday-Friday 08:00-17:00","Gombak Setia Health Clinic","government, primary care, outpatient, maternal, child health, immunisation, screening, referral, subsidised, walk-in, appointment"
"1096","Klinik Kesihatan Hulu Kelang","Health & Wellbeing-Public Health Centre","No email detail. Please contact via other contact detail","Government primary care clinics under MOH offering outpatient care, maternal and child health, immunisations, basic screening and referrals to hospitals; fees are generally subsidised.","10","No URL","+603-4105 6640","Jalan Datuk Abu Samah, 68000 Hulu Kelang, Ampang","Monday-Friday 08:00-17:00","Hulu Kelang Health Clinic","government, primary care, outpatient, maternal, child health, immunisation, screening, referral, subsidised, walk-in, appointment"
"1097","Klinik Kesihatan Taman Ehsan","Health & Wellbeing-Public Health Centre","No email detail. Please contact via other contact detail","Government primary care clinics under MOH offering outpatient care, maternal and child health, immunisations, basic screening and referrals to hospitals; fees are generally subsidised.","10","No URL","+603-6272 7471","Jalan E4/16, Taman Ehsan, 51000 Kepong, Gombak","Monday-Friday 07:30-21:00; Saturday-Sunday 09:00-12:30","Taman Ehsan Health Clinic","government, primary care, outpatient, maternal, child health, immunisation, screening, referral, subsidised, walk-in, appointment"
"1098","Klinik Kesihatan Kuang","Health & Wellbeing-Public Health Centre","No email detail. Please contact via other contact detail","Government primary care clinics under MOH offering outpatient care, maternal and child health, immunisations, basic screening and referrals to hospitals; fees are generally subsidised.","10","No URL","+603-6037 1355","JKR 9/1254, Batu 20, 48050 Rawang, Gombak","Monday-Friday 08:00-17:00","Kuang Health Clinic","government, primary care, outpatient, maternal, child health, immunisation, screening, referral, subsidised, walk-in, appointment"
"1099","Klinik Kesihatan Rawang","Health & Wellbeing-Public Health Centre","No email detail. Please contact via other contact detail","Government primary care clinics under MOH offering outpatient care, maternal and child health, immunisations, basic screening and referrals to hospitals; fees are generally subsidised.","10","No URL","+603-6091 9055","Jalan RP5, Rawang Perdana 1, 48000 Rawang, Gombak","Monday-Thursday 08:00-13:00 and 14:00-17:00; Friday 08:00-12:00 and 14:45-17:00","Rawang Health Clinic","government, primary care, outpatient, maternal, child health, immunisation, screening, referral, subsidised, walk-in, appointment"
"1100","Klinik Kesihatan Sungai Buloh","Health & Wellbeing-Public Health Centre","No email detail. Please contact via other contact detail","Government primary care clinics under MOH offering outpatient care, maternal and child health, immunisations, basic screening and referrals to hospitals; fees are generally subsidised.","10","No URL","+603-6140 1293","Lot 1853, Kg Melayu, 47000 Sungai Buloh, Gombak","Monday-Friday 08:00-17:00","Sungai Buloh Health Clinic","government, primary care, outpatient, maternal, child health, immunisation, screening, referral, subsidised, walk-in, appointment"
"1101","Klinik Kesihatan Ampang","Health & Wellbeing-Public Health Centre","No email detail. Please contact via other contact detail","Government primary care clinics under MOH offering outpatient care, maternal and child health, immunisations, basic screening and referrals to hospitals; fees are generally subsidised.","10","No URL","+603-4292 2333","Jalan Mewah 3, Pekan Ampang, 68000 Ampang, Hulu Langat","Monday-Friday 10:00-21:30; Saturday-Sunday 09:00-13:00","Ampang Health Clinic","government, primary care, outpatient, maternal, child health, immunisation, screening, referral, subsidised, walk-in, appointment"
"1102","Klinik Kesihatan Balakong","Health & Wellbeing-Public Health Centre","No email detail. Please contact via other contact detail","Government primary care clinics under MOH offering outpatient care, maternal and child health, immunisations, basic screening and referrals to hospitals; fees are generally subsidised.","10","No URL","+603-902 1321","Kampung Baru Balakong, 43300 Balakong, Hulu Langat","Monday-Friday 08:00-17:00","Balakong Health Clinic","government, primary care, outpatient, maternal, child health, immunisation, screening, referral, subsidised, walk-in, appointment"
"1103","Klinik Kesihatan Bandar Baru Bangi","Health & Wellbeing-Public Health Centre","No email detail. Please contact via other contact detail","Government primary care clinics under MOH offering outpatient care, maternal and child health, immunisations, basic screening and referrals to hospitals; fees are generally subsidised.","10","No URL","+603-8925 8707","Jalan Persiaran 3, Seksyen 3, 43650 Bandar Baru Bangi, Hulu Langat","Monday-Thursday 08:00-13:00 and 14:00-17:00; Friday 08:00-12:15 and 14:45-17:00","Bandar Baru Bangi Health Clinic","government, primary care, outpatient, maternal, child health, immunisation, screening, referral, subsidised, walk-in, appointment"
"1104","Klinik Kesihatan Beranang","Health & Wellbeing-Public Health Centre","No email detail. Please contact via other contact detail","Government primary care clinics under MOH offering outpatient care, maternal and child health, immunisations, basic screening and referrals to hospitals; fees are generally subsidised.","10","No URL","+603-8766 7577","Jalan Seremban, 43700 Beranang, Hulu Langat",,"Beranang Health Clinic","government, primary care, outpatient, maternal, child health, immunisation, screening, referral, subsidised, walk-in, appointment"
"1105","Klinik Kesihatan Batu 9 Cheras","Health & Wellbeing-Public Health Centre","No email detail. Please contact via other contact detail","Government primary care clinics under MOH offering outpatient care, maternal and child health, immunisations, basic screening and referrals to hospitals; fees are generally subsidised.","10","No URL","+603-9080 4503","Batu 9, 43200 Cheras, Hulu Langat",,"Batu 9 Cheras Health Clinic","government, primary care, outpatient, maternal, child health, immunisation, screening, referral, subsidised, walk-in, appointment"
"1106","Klinik Kesihatan Batu","Health & Wellbeing-Public Health Centre","No email detail. Please contact via other contact detail","Government primary care clinics under MOH offering outpatient care, maternal and child health, immunisations, basic screening and referrals to hospitals; fees are generally subsidised.","10","No URL","+603-9021 1414","Batu 14, 43200 Hulu Langat, Hulu Langat",,"Batu Health Clinic","government, primary care, outpatient, maternal, child health, immunisation, screening, referral, subsidised, walk-in, appointment"
"1107","Klinik Kesihatan Bandar Seri Putra","Health & Wellbeing-Public Health Centre","No email detail. Please contact via other contact detail","Government primary care clinics under MOH offering outpatient care, maternal and child health, immunisations, basic screening and referrals to hospitals; fees are generally subsidised.","10","No URL","+603-8925 8592","Jalan 1/9, Bandar Seri Putra, 43000 Kajang, Hulu Langat",,"Bandar Seri Putra Health Clinic","government, primary care, outpatient, maternal, child health, immunisation, screening, referral, subsidised, walk-in, appointment"
"1108","Klinik Kesihatan Kajang","Health & Wellbeing-Public Health Centre","No email detail. Please contact via other contact detail","Government primary care clinics under MOH offering outpatient care, maternal and child health, immunisations, basic screening and referrals to hospitals; fees are generally subsidised.","10","No URL","+603-8739 5764","Jalan Semenyih, 43000 Kajang, Hulu Langat",,"Kajang Health Clinic","government, primary care, outpatient, maternal, child health, immunisation, screening, referral, subsidised, walk-in, appointment"
"1109","Klinik Kesihatan Sg. Chuah","Health & Wellbeing-Public Health Centre","No email detail. Please contact via other contact detail","Government primary care clinics under MOH offering outpatient care, maternal and child health, immunisations, basic screening and referrals to hospitals; fees are generally subsidised.","10","No URL","+603-8733 6775","Kawasan Perindustrian Sungai Chua, Sungai Ramal Luar, 43000 Kajang, Hulu Langat",,"Sg. Chuah Health Clinic","government, primary care, outpatient, maternal, child health, immunisation, screening, referral, subsidised, walk-in, appointment"
"1110","Klinik Kesihatan Sungai Sekamat","Health & Wellbeing-Public Health Centre","No email detail. Please contact via other contact detail","Government primary care clinics under MOH offering outpatient care, maternal and child health, immunisations, basic screening and referrals to hospitals; fees are generally subsidised.","10","No URL","+603-8733 6312","Batu 12 ?, Sungai Sekamat, 43000 Kajang, Hulu Langat",,"Sungai Sekamat Health Clinic","government, primary care, outpatient, maternal, child health, immunisation, screening, referral, subsidised, walk-in, appointment"
"1111","Klinik Kesihatan Semenyih","Health & Wellbeing-Public Health Centre","No email detail. Please contact via other contact detail","Government primary care clinics under MOH offering outpatient care, maternal and child health, immunisations, basic screening and referrals to hospitals; fees are generally subsidised.","10","No URL","+603-8723 8355","Kg Baru Cina, 43500 Semenyih, Hulu Langat",,"Semenyih Health Clinic","government, primary care, outpatient, maternal, child health, immunisation, screening, referral, subsidised, walk-in, appointment"
"1112","Klinik Kesihatan Ulu Yam Bharu","Health & Wellbeing-Public Health Centre","No email detail. Please contact via other contact detail","Government primary care clinics under MOH offering outpatient care, maternal and child health, immunisations, basic screening and referrals to hospitals; fees are generally subsidised.","10","No URL","+603-606 4257","Jalan Besar, 44300 Hulu Yam Bharu, Hulu Selangor",,"Ulu Yam Bharu Health Clinic","government, primary care, outpatient, maternal, child health, immunisation, screening, referral, subsidised, walk-in, appointment"
"1113","Klinik Kesihatan Kalumpang","Health & Wellbeing-Public Health Centre","No email detail. Please contact via other contact detail","Government primary care clinics under MOH offering outpatient care, maternal and child health, immunisations, basic screening and referrals to hospitals; fees are generally subsidised.","10","No URL","+603-6049 1426","Kalumpang, 44100 Kalumpang, Hulu Selangor",,"Kalumpang Health Clinic","government, primary care, outpatient, maternal, child health, immunisation, screening, referral, subsidised, walk-in, appointment"
"1114","Klinik Kesihatan Soeharto","Health & Wellbeing-Public Health Centre","No email detail. Please contact via other contact detail","Government primary care clinics under MOH offering outpatient care, maternal and child health, immunisations, basic screening and referrals to hospitals; fees are generally subsidised.","10","No URL","+603-6046 1003","Soeharto, 44101 Kuala Kubu Baru, Hulu Selangor",,"Soeharto Health Clinic","government, primary care, outpatient, maternal, child health, immunisation, screening, referral, subsidised, walk-in, appointment"
"1115","Klinik Kesihatan Sungai Selisek","Health & Wellbeing-Public Health Centre","No email detail. Please contact via other contact detail","Government primary care clinics under MOH offering outpatient care, maternal and child health, immunisations, basic screening and referrals to hospitals; fees are generally subsidised.","10","No URL","+605-454 1352","Sungai Selisek, 44020 Kuala Kubu Baru, Hulu Selangor",,"Sungai Selisek Health Clinic","government, primary care, outpatient, maternal, child health, immunisation, screening, referral, subsidised, walk-in, appointment"
"1116","Klinik Kesihatan Rasa","Health & Wellbeing-Public Health Centre","No email detail. Please contact via other contact detail","Government primary care clinics under MOH offering outpatient care, maternal and child health, immunisations, basic screening and referrals to hospitals; fees are generally subsidised.","10","No URL","+603-6057 3264","Rasa, 44200 Rasa, Hulu Selangor",,"Rasa Health Clinic","government, primary care, outpatient, maternal, child health, immunisation, screening, referral, subsidised, walk-in, appointment"
"1117","Klinik Kesihatan Serendah","Health & Wellbeing-Public Health Centre","No email detail. Please contact via other contact detail","Government primary care clinics under MOH offering outpatient care, maternal and child health, immunisations, basic screening and referrals to hospitals; fees are generally subsidised.","10","No URL","+603-6081 2500","Serendah, 48200 Serendah, Hulu Selangor",,"Serendah Health Clinic","government, primary care, outpatient, maternal, child health, immunisation, screening, referral, subsidised, walk-in, appointment"
"1118","Klinik Kesihatan Meru","Health & Wellbeing-Public Health Centre","No email detail. Please contact via other contact detail","Government primary care clinics under MOH offering outpatient care, maternal and child health, immunisations, basic screening and referrals to hospitals; fees are generally subsidised.","10","No URL","+603-3392 9802","PT 55/61, Jalan Kenangan, 41050 Bukit Raja, Klang",,"Meru Health Clinic","government, primary care, outpatient, maternal, child health, immunisation, screening, referral, subsidised, walk-in, appointment"
"1119","Klinik Kesihatan Anika Klang","Health & Wellbeing-Public Health Centre","No email detail. Please contact via other contact detail","Government primary care clinics under MOH offering outpatient care, maternal and child health, immunisations, basic screening and referrals to hospitals; fees are generally subsidised.","10","No URL","+603-3374 8019","112, Jalan Pegawai, Off Tengku Kelana, 41000 Klang, Klang",,"Anika Klang Health Clinic","government, primary care, outpatient, maternal, child health, immunisation, screening, referral, subsidised, walk-in, appointment"
"1120","Klinik Kesihatan Bandar Botanik","Health & Wellbeing-Public Health Centre","No email detail. Please contact via other contact detail","Government primary care clinics under MOH offering outpatient care, maternal and child health, immunisations, basic screening and referrals to hospitals; fees are generally subsidised.","10","No URL","+603-3324 4260","Blok B, Jalan Langat Bandar Botanik, 41200 Klang, Klang",,"Bandar Botanik Health Clinic","government, primary care, outpatient, maternal, child health, immunisation, screening, referral, subsidised, walk-in, appointment"
"1121","Klinik Kesihatan Bukit Kuda","Health & Wellbeing-Public Health Centre","No email detail. Please contact via other contact detail","Government primary care clinics under MOH offering outpatient care, maternal and child health, immunisations, basic screening and referrals to hospitals; fees are generally subsidised.","10","No URL","+603-3348 8174","Jalan Batu Tiga Lama, 41300 Klang, Klang",,"Bukit Kuda Health Clinic","government, primary care, outpatient, maternal, child health, immunisation, screening, referral, subsidised, walk-in, appointment"
"1122","Klinik Kesihatan Bukit Naga","Health & Wellbeing-Public Health Centre","No email detail. Please contact via other contact detail","Government primary care clinics under MOH offering outpatient care, maternal and child health, immunisations, basic screening and referrals to hospitals; fees are generally subsidised.","10","No URL","+603-3142 2785","PT 93/65, Batu 6, Jalan Klinik, 42450 Klang, Klang",,"Bukit Naga Health Clinic","government, primary care, outpatient, maternal, child health, immunisation, screening, referral, subsidised, walk-in, appointment"
"1123","Klinik Kesihatan Kapar","Health & Wellbeing-Public Health Centre","No email detail. Please contact via other contact detail","Government primary care clinics under MOH offering outpatient care, maternal and child health, immunisations, basic screening and referrals to hospitals; fees are generally subsidised.","10","No URL","+603-3250 8355","PT 3763, Sek 1, Batu 10, Jalan Kapar, 42200 Klang, Klang",,"Kapar Health Clinic","government, primary care, outpatient, maternal, child health, immunisation, screening, referral, subsidised, walk-in, appointment"
"1124","Klinik Kesihatan Pandamaran","Health & Wellbeing-Public Health Centre","No email detail. Please contact via other contact detail","Government primary care clinics under MOH offering outpatient care, maternal and child health, immunisations, basic screening and referrals to hospitals; fees are generally subsidised.","10","No URL","+603-3165 8769","Persiaran Raja Muda Musa, 42000 Klang, Klang",,"Pandamaran Health Clinic","government, primary care, outpatient, maternal, child health, immunisation, screening, referral, subsidised, walk-in, appointment"
"1125","Klinik Kesihatan Pelabuhan Klang","Health & Wellbeing-Public Health Centre","No email detail. Please contact via other contact detail","Government primary care clinics under MOH offering outpatient care, maternal and child health, immunisations, basic screening and referrals to hospitals; fees are generally subsidised.","10","No URL","+603-3165 8459","PT 6/62, Jalan Limbungan, 42000 Klang, Klang",,"Pelabuhan Klang Health Clinic","government, primary care, outpatient, maternal, child health, immunisation, screening, referral, subsidised, walk-in, appointment"
"1126","Klinik Kesihatan Pulau Indah","Health & Wellbeing-Public Health Centre","No email detail. Please contact via other contact detail","Government primary care clinics under MOH offering outpatient care, maternal and child health, immunisations, basic screening and referrals to hospitals; fees are generally subsidised.","10","No URL","+603-3101 2035","PT 8805, JKR 1353, Jalan Rahmat, 42920 Klang, Klang",,"Pulau Indah Health Clinic","government, primary care, outpatient, maternal, child health, immunisation, screening, referral, subsidised, walk-in, appointment"
"1127","Klinik Kesihatan Rantau Panjang","Health & Wellbeing-Public Health Centre","No email detail. Please contact via other contact detail","Government primary care clinics under MOH offering outpatient care, maternal and child health, immunisations, basic screening and referrals to hospitals; fees are generally subsidised.","10","No URL","+603-3291 6930","Jalan Rantau Panjang, 41400 Klang, Klang",,"Rantau Panjang Health Clinic","government, primary care, outpatient, maternal, child health, immunisation, screening, referral, subsidised, walk-in, appointment"
"1128","Klinik Kesihatan Pulau Ketam","Health & Wellbeing-Public Health Centre","No email detail. Please contact via other contact detail","Government primary care clinics under MOH offering outpatient care, maternal and child health, immunisations, basic screening and referrals to hospitals; fees are generally subsidised.","10","No URL","+603-3110 4206","PT 14208, Jalan Merdeka, 42490 Pelabuhan Klang, Klang",,"Pulau Ketam Health Clinic","government, primary care, outpatient, maternal, child health, immunisation, screening, referral, subsidised, walk-in, appointment"
"1129","Klinik Kesihatan Batu 10 Kebun Baru","Health & Wellbeing-Public Health Centre","No email detail. Please contact via other contact detail","Government primary care clinics under MOH offering outpatient care, maternal and child health, immunisations, basic screening and referrals to hospitals; fees are generally subsidised.","10","No URL","+603-3122 0943","Jalan Dato' Kasman, Batu 10, Teluk Panglima Garang, 42500 Banting, Kuala Langat",,"Batu 10 Kebun Baru Health Clinic","government, primary care, outpatient, maternal, child health, immunisation, screening, referral, subsidised, walk-in, appointment"
"1130","Klinik Kesihatan Bukit Changgang","Health & Wellbeing-Public Health Centre","No email detail. Please contact via other contact detail","Government primary care clinics under MOH offering outpatient care, maternal and child health, immunisations, basic screening and referrals to hospitals; fees are generally subsidised.","10","No URL","+603-3149 1355","Bukit Changgang, 42700 Banting, Kuala Langat",,"Bukit Changgang Health Clinic","government, primary care, outpatient, maternal, child health, immunisation, screening, referral, subsidised, walk-in, appointment"
"1131","Klinik Kesihatan Jenjarom","Health & Wellbeing-Public Health Centre","No email detail. Please contact via other contact detail","Government primary care clinics under MOH offering outpatient care, maternal and child health, immunisations, basic screening and referrals to hospitals; fees are generally subsidised.","10","No URL","+603-3191 3066","Jenjorom, Kuala Langat, Jalan Besar, 42700 Banting, Kuala Langat",,"Jenjarom Health Clinic","government, primary care, outpatient, maternal, child health, immunisation, screening, referral, subsidised, walk-in, appointment"
"1132","Klinik Kesihatan Kampung Bandar","Health & Wellbeing-Public Health Centre","No email detail. Please contact via other contact detail","Government primary care clinics under MOH offering outpatient care, maternal and child health, immunisations, basic screening and referrals to hospitals; fees are generally subsidised.","10","No URL","+603-3120 1333","Jalan Kurai, Chendoi, 42700 Banting, Kuala Langat",,"Kampung Bandar Health Clinic","government, primary care, outpatient, maternal, child health, immunisation, screening, referral, subsidised, walk-in, appointment"
"1133","Klinik Kesihatan Sijangkang","Health & Wellbeing-Public Health Centre","No email detail. Please contact via other contact detail","Government primary care clinics under MOH offering outpatient care, maternal and child health, immunisations, basic screening and referrals to hospitals; fees are generally subsidised.","10","No URL","+603-3122 6686","Jalan Sekolah, Batu 1, Kg Sijangkang, 42500 Banting, Kuala Langat",,"Sijangkang Health Clinic","government, primary care, outpatient, maternal, child health, immunisation, screening, referral, subsidised, walk-in, appointment"
"1134","Klinik Kesihatan Sungai Lang","Health & Wellbeing-Public Health Centre","No email detail. Please contact via other contact detail","Government primary care clinics under MOH offering outpatient care, maternal and child health, immunisations, basic screening and referrals to hospitals; fees are generally subsidised.","10","No URL","+603-3180 3739","Kampung Sungai Lang, 42700 Banting, Kuala Langat",,"Sungai Lang Health Clinic","government, primary care, outpatient, maternal, child health, immunisation, screening, referral, subsidised, walk-in, appointment"
"1135","Klinik Kesihatan Tanjung Sepat","Health & Wellbeing-Public Health Centre","No email detail. Please contact via other contact detail","Government primary care clinics under MOH offering outpatient care, maternal and child health, immunisations, basic screening and referrals to hospitals; fees are generally subsidised.","10","No URL","+603-3197 2880","Tanjung Sepat, 42700 Banting, Kuala Langat",,"Tanjung Sepat Health Clinic","government, primary care, outpatient, maternal, child health, immunisation, screening, referral, subsidised, walk-in, appointment"
"1136","Klinik Kesihatan Telok Datok","Health & Wellbeing-Public Health Centre","No email detail. Please contact via other contact detail","Government primary care clinics under MOH offering outpatient care, maternal and child health, immunisations, basic screening and referrals to hospitals; fees are generally subsidised.","10","No URL","+603-3187 1117","Jalan Pegawai, 42700 Banting, Kuala Langat",,"Telok Datok Health Clinic","government, primary care, outpatient, maternal, child health, immunisation, screening, referral, subsidised, walk-in, appointment"
"1137","Klinik Kesihatan Telok Panglima Garang","Health & Wellbeing-Public Health Centre","No email detail. Please contact via other contact detail","Government primary care clinics under MOH offering outpatient care, maternal and child health, immunisations, basic screening and referrals to hospitals; fees are generally subsidised.","10","No URL","+603-3122 7433","Telok Panglima Garang, 42500 Banting, Kuala Langat",,"Telok Panglima Garang Health Clinic","government, primary care, outpatient, maternal, child health, immunisation, screening, referral, subsidised, walk-in, appointment"
"1138","Klinik Kesihatan Kanchung Darat","Health & Wellbeing-Public Health Centre","No email detail. Please contact via other contact detail","Government primary care clinics under MOH offering outpatient care, maternal and child health, immunisations, basic screening and referrals to hospitals; fees are generally subsidised.","10","No URL","+603-3187 1934","Jalan Durian, Kanchung Darat, 42700 Kuala Langat, Kuala Langat",,"Kanchung Darat Health Clinic","government, primary care, outpatient, maternal, child health, immunisation, screening, referral, subsidised, walk-in, appointment"
"1139","Klinik Kesihatan Bestari Jaya","Health & Wellbeing-Public Health Centre","No email detail. Please contact via other contact detail","Government primary care clinics under MOH offering outpatient care, maternal and child health, immunisations, basic screening and referrals to hospitals; fees are generally subsidised.","10","No URL","+603-3271 9151","Lot 1867 Jalan Kampong, 45600 Bestari Jaya, Kuala Selangor",,"Bestari Jaya Health Clinic","government, primary care, outpatient, maternal, child health, immunisation, screening, referral, subsidised, walk-in, appointment"
"1140","Klinik Kesihatan Ijok","Health & Wellbeing-Public Health Centre","No email detail. Please contact via other contact detail","Government primary care clinics under MOH offering outpatient care, maternal and child health, immunisations, basic screening and referrals to hospitals; fees are generally subsidised.","10","No URL","+603-3279 1167","JKR 1087 Jalan Simpang Tiga, 45600 Ijok, Kuala Selangor",,"Ijok Health Clinic","government, primary care, outpatient, maternal, child health, immunisation, screening, referral, subsidised, walk-in, appointment"
"1141","Klinik Kesihatan Bukit Cherakah","Health & Wellbeing-Public Health Centre","No email detail. Please contact via other contact detail","Government primary care clinics under MOH offering outpatient care, maternal and child health, immunisations, basic screening and referrals to hospitals; fees are generally subsidised.","10","No URL","+603-3264 0014","Jalan Rizab Masjid, Kg Bukit Cherakah, 45800 Jeram, Kuala Selangor",,"Bukit Cherakah Health Clinic","government, primary care, outpatient, maternal, child health, immunisation, screening, referral, subsidised, walk-in, appointment"
"1142","Klinik Kesihatan Jeram","Health & Wellbeing-Public Health Centre","No email detail. Please contact via other contact detail","Government primary care clinics under MOH offering outpatient care, maternal and child health, immunisations, basic screening and referrals to hospitals; fees are generally subsidised.","10","No URL","+603-3279 1167","Jalan Klang, 45800 Jeram, Kuala Selangor",,"Jeram Health Clinic","government, primary care, outpatient, maternal, child health, immunisation, screening, referral, subsidised, walk-in, appointment"
"1143","Klinik Kesihatan Kuala Selangor","Health & Wellbeing-Public Health Centre","No email detail. Please contact via other contact detail","Government primary care clinics under MOH offering outpatient care, maternal and child health, immunisations, basic screening and referrals to hospitals; fees are generally subsidised.","10","No URL","+603-3289 1142","Jalan Klinik, 45000 Kuala Selangor, Kuala Selangor",,"Kuala Selangor Health Clinic","government, primary care, outpatient, maternal, child health, immunisation, screening, referral, subsidised, walk-in, appointment"
"1144","Klinik Kesihatan Sungai Tengi Kanan","Health & Wellbeing-Public Health Centre","No email detail. Please contact via other contact detail","Government primary care clinics under MOH offering outpatient care, maternal and child health, immunisations, basic screening and referrals to hospitals; fees are generally subsidised.","10","No URL","+603-3269 4357","Jalan Kiai Mohd, Kampung Sungai Tengi Kanan, 45500 Tanjong Karang, Kuala Selangor",,"Sungai Tengi Kanan Health Clinic","government, primary care, outpatient, maternal, child health, immunisation, screening, referral, subsidised, walk-in, appointment"
"1145","Klinik Kesihatan Tanjung Karang","Health & Wellbeing-Public Health Centre","No email detail. Please contact via other contact detail","Government primary care clinics under MOH offering outpatient care, maternal and child health, immunisations, basic screening and referrals to hospitals; fees are generally subsidised.","10","No URL","+603-369 8355","Jalan Sungai Kajang, 45500 Tanjung Karang, Kuala Selangor",,"Tanjung Karang Health Clinic","government, primary care, outpatient, maternal, child health, immunisation, screening, referral, subsidised, walk-in, appointment"
"1146","Klinik Kesihatan Paya Jaras","Health & Wellbeing-Public Health Centre","No email detail. Please contact via other contact detail","Government primary care clinics under MOH offering outpatient care, maternal and child health, immunisations, basic screening and referrals to hospitals; fees are generally subsidised.","10","No URL","+603-6157 9135","Batu 15, Sungai Buloh, 47000 Petaling, Petaling",,"Paya Jaras Health Clinic","government, primary care, outpatient, maternal, child health, immunisation, screening, referral, subsidised, walk-in, appointment"
"1147","Klinik Kesihatan Kelana Jaya","Health & Wellbeing-Public Health Centre","No email detail. Please contact via other contact detail","Government primary care clinics under MOH offering outpatient care, maternal and child health, immunisations, basic screening and referrals to hospitals; fees are generally subsidised.","10","No URL","+603-7804 5001","Lot. 38294, Jln.SS6/3A Kelana Jaya, 47301 Petaling Jaya, Petaling",,"Kelana Jaya Health Clinic","government, primary care, outpatient, maternal, child health, immunisation, screening, referral, subsidised, walk-in, appointment"
"1148","Klinik Kesihatan Taman Medan","Health & Wellbeing-Public Health Centre","No email detail. Please contact via other contact detail","Government primary care clinics under MOH offering outpatient care, maternal and child health, immunisations, basic screening and referrals to hospitals; fees are generally subsidised.","10","No URL","+603-7781 9001","Jalan PJS 2C/5, Taman Dato Harun, 46000 Petaling Jaya, Petaling",,"Taman Medan Health Clinic","government, primary care, outpatient, maternal, child health, immunisation, screening, referral, subsidised, walk-in, appointment"
"1149","Klinik Kesihatan Batu 13 ? Puchong","Health & Wellbeing-Public Health Centre","No email detail. Please contact via other contact detail","Government primary care clinics under MOH offering outpatient care, maternal and child health, immunisations, basic screening and referrals to hospitals; fees are generally subsidised.","10","No URL","+603-8062 3984","Batu 13, Jalan Klang Lama, 47100 Puchong, Petaling",,"Batu 13 ? Puchong Health Clinic","government, primary care, outpatient, maternal, child health, immunisation, screening, referral, subsidised, walk-in, appointment"
"1150","Klinik Kesihatan Puchong","Health & Wellbeing-Public Health Centre","No email detail. Please contact via other contact detail","Government primary care clinics under MOH offering outpatient care, maternal and child health, immunisations, basic screening and referrals to hospitals; fees are generally subsidised.","10","No URL","+603-8061 1814","Batu 14, Jalan Puchong, 47100 Puchong, Petaling",,"Puchong Health Clinic","government, primary care, outpatient, maternal, child health, immunisation, screening, referral, subsidised, walk-in, appointment"
"1151","Klinik Kesihatan Seri Kembangan","Health & Wellbeing-Public Health Centre","No email detail. Please contact via other contact detail","Government primary care clinics under MOH offering outpatient care, maternal and child health, immunisations, basic screening and referrals to hospitals; fees are generally subsidised.","10","No URL","+603-8945 5929","Jalan Besar, 43300 Seri Kembangan, Petaling",,"Seri Kembangan Health Clinic","government, primary care, outpatient, maternal, child health, immunisation, screening, referral, subsidised, walk-in, appointment"
"1152","Klinik Kesihatan Seksyen 19 Shah Alam","Health & Wellbeing-Public Health Centre","No email detail. Please contact via other contact detail","Government primary care clinics under MOH offering outpatient care, maternal and child health, immunisations, basic screening and referrals to hospitals; fees are generally subsidised.","10","No URL","+603-5541 3570","Jalan Gelora 19/46, 40300 Shah Alam, Petaling",,"Seksyen 19 Shah Alam Health Clinic","government, primary care, outpatient, maternal, child health, immunisation, screening, referral, subsidised, walk-in, appointment"
"1153","Klinik Kesihatan Seksyen 7 Shah Alam","Health & Wellbeing-Public Health Centre","No email detail. Please contact via other contact detail","Government primary care clinics under MOH offering outpatient care, maternal and child health, immunisations, basic screening and referrals to hospitals; fees are generally subsidised.","10","No URL","+603-5518 0195","No.2 Persiaran Kayangan, Seksyen 7, 40000 Shah Alam, Petaling",,"Seksyen 7 Shah Alam Health Clinic","government, primary care, outpatient, maternal, child health, immunisation, screening, referral, subsidised, walk-in, appointment"
"1154","Klinik Kesihatan Parit Baru","Health & Wellbeing-Public Health Centre","No email detail. Please contact via other contact detail","Government primary care clinics under MOH offering outpatient care, maternal and child health, immunisations, basic screening and referrals to hospitals; fees are generally subsidised.","10","No URL","+603-3213 6223","Jalan Masjid, 45100 Parit Baru, Sabak Bernam",,"Parit Baru Health Clinic","government, primary care, outpatient, maternal, child health, immunisation, screening, referral, subsidised, walk-in, appointment"
"1155","Klinik Kesihatan Merbau Berdarah","Health & Wellbeing-Public Health Centre","No email detail. Please contact via other contact detail","Government primary care clinics under MOH offering outpatient care, maternal and child health, immunisations, basic screening and referrals to hospitals; fees are generally subsidised.","10","No URL","+603-3216 1077","Jalan PT 16, Kg. Kelompok Binjai, Sg Panjang, 45300 Sungai Besar, Sabak Bernam",,"Merbau Berdarah Health Clinic","government, primary care, outpatient, maternal, child health, immunisation, screening, referral, subsidised, walk-in, appointment"
"1156","Klinik Kesihatan Sungai Air Tawar","Health & Wellbeing-Public Health Centre","No email detail. Please contact via other contact detail","Government primary care clinics under MOH offering outpatient care, maternal and child health, immunisations, basic screening and referrals to hospitals; fees are generally subsidised.","10","No URL","+603-3213 6227","Jalan Besar, Sungai Air Tawar, 45100 Sabak Bernam, Sabak Bernam",,"Sungai Air Tawar Health Clinic","government, primary care, outpatient, maternal, child health, immunisation, screening, referral, subsidised, walk-in, appointment"
"1157","Klinik Kesihatan Sekinchan","Health & Wellbeing-Public Health Centre","No email detail. Please contact via other contact detail","Government primary care clinics under MOH offering outpatient care, maternal and child health, immunisations, basic screening and referrals to hospitals; fees are generally subsidised.","10","No URL","+603-3241 0331","Jalan Pekan, 45400 Sekinchan, Sabak Bernam",,"Sekinchan Health Clinic","government, primary care, outpatient, maternal, child health, immunisation, screening, referral, subsidised, walk-in, appointment"
"1158","Klinik Kesihatan Bagan Terap","Health & Wellbeing-Public Health Centre","No email detail. Please contact via other contact detail","Government primary care clinics under MOH offering outpatient care, maternal and child health, immunisations, basic screening and referrals to hospitals; fees are generally subsidised.","10","No URL","+603-3216 2722","Jalan Bagan Terap, 45300 Sungai Besar, Sabak Bernam",,"Bagan Terap Health Clinic","government, primary care, outpatient, maternal, child health, immunisation, screening, referral, subsidised, walk-in, appointment"
"1159","Klinik Kesihatan Sungai Besar","Health & Wellbeing-Public Health Centre","No email detail. Please contact via other contact detail","Government primary care clinics under MOH offering outpatient care, maternal and child health, immunisations, basic screening and referrals to hospitals; fees are generally subsidised.","10","No URL","+603-3224 1358","Jalan Sungai Limau, 45300 Sungai Besar, Sabak Bernam",,"Sungai Besar Health Clinic","government, primary care, outpatient, maternal, child health, immunisation, screening, referral, subsidised, walk-in, appointment"
"1160","Klinik Kesihatan Dengkil","Health & Wellbeing-Public Health Centre","No email detail. Please contact via other contact detail","Government primary care clinics under MOH offering outpatient care, maternal and child health, immunisations, basic screening and referrals to hospitals; fees are generally subsidised.","10","No URL","+603-8768 6355","Batu 30 Jalan Kajang, 43800 Dengkil, Sepang",,"Dengkil Health Clinic","government, primary care, outpatient, maternal, child health, immunisation, screening, referral, subsidised, walk-in, appointment"
"1161","Klinik Kesihatan Salak","Health & Wellbeing-Public Health Centre","No email detail. Please contact via other contact detail","Government primary care clinics under MOH offering outpatient care, maternal and child health, immunisations, basic screening and referrals to hospitals; fees are generally subsidised.","10","No URL","+603-8706 9001","117, Jalan Salak, 43900 Sepang, Sepang",,"Salak Health Clinic","government, primary care, outpatient, maternal, child health, immunisation, screening, referral, subsidised, walk-in, appointment"
"1162","Klinik Kesihatan Sepang","Health & Wellbeing-Public Health Centre","No email detail. Please contact via other contact detail","Government primary care clinics under MOH offering outpatient care, maternal and child health, immunisations, basic screening and referrals to hospitals; fees are generally subsidised.","10","No URL","+603-3142 2785","Sepang, 43900 Sepang, Sepang",,"Sepang Health Clinic","government, primary care, outpatient, maternal, child health, immunisation, screening, referral, subsidised, walk-in, appointment"
"1163","Klinik Kesihatan Sungai Pelek","Health & Wellbeing-Public Health Centre","No email detail. Please contact via other contact detail","Government primary care clinics under MOH offering outpatient care, maternal and child health, immunisations, basic screening and referrals to hospitals; fees are generally subsidised.","10","No URL","+603-3141 1242","436, Jalan Sg Pelek, 43950 Sepang, Sepang",,"Sungai Pelek Health Clinic","government, primary care, outpatient, maternal, child health, immunisation, screening, referral, subsidised, walk-in, appointment"
"1165","Klinik Kesihatan Pulau Perhentian","Health & Wellbeing-Public Health Centre","No email detail. Please contact via other contact detail","Government primary care clinics under MOH offering outpatient care, maternal and child health, immunisations, basic screening and referrals to hospitals; fees are generally subsidised.","11","No URL","+60-9691 1733","Lot 162, Kg Pulau Perhentian, 22300 Besut, Besut","Sunday-Wednesday 08:00-13:00 and 14:00-17:00; Thursday 08:00-13:00 and 14:00-15:30","Pulau Perhentian Health Clinic","government, primary care, outpatient, maternal, child health, immunisation, screening, referral, subsidised, walk-in, appointment"
"1166","Klinik Kesihatan Jabi","Health & Wellbeing-Public Health Centre","No email detail. Please contact via other contact detail","Government primary care clinics under MOH offering outpatient care, maternal and child health, immunisations, basic screening and referrals to hospitals; fees are generally subsidised.","11","No URL","+609-694 1288","PT 2066, Jerteh, Jalan Kuala Terengganu, 22020 Jabi, Besut","Sunday-Thursday 09:00-17:00","Jabi Health Clinic","government, primary care, outpatient, maternal, child health, immunisation, screening, referral, subsidised, walk-in, appointment"
"1167","Klinik Kesihatan Jerteh","Health & Wellbeing-Public Health Centre","No email detail. Please contact via other contact detail","Government primary care clinics under MOH offering outpatient care, maternal and child health, immunisations, basic screening and referrals to hospitals; fees are generally subsidised.","11","No URL","+609-697 1433","Lot 43, Jalan Pasir Akar, 22000 Jerteh, Besut","No information available, contact for more details","Jerteh Health Clinic","government, primary care, outpatient, maternal, child health, immunisation, screening, referral, subsidised, walk-in, appointment"
"1168","Klinik Kesihatan Kuala Besut","Health & Wellbeing-Public Health Centre","No email detail. Please contact via other contact detail","Government primary care clinics under MOH offering outpatient care, maternal and child health, immunisations, basic screening and referrals to hospitals; fees are generally subsidised.","11","No URL","+609-691 9333","Lot 1415, Jalan Semarak, 22300 Kuala Besut, Besut","Sunday-Thursday 08:00-17:00","Kuala Besut Health Clinic","government, primary care, outpatient, maternal, child health, immunisation, screening, referral, subsidised, walk-in, appointment"
"1169","Klinik Kesihatan Pasir Akar","Health & Wellbeing-Public Health Centre","No email detail. Please contact via other contact detail","Government primary care clinics under MOH offering outpatient care, maternal and child health, immunisations, basic screening and referrals to hospitals; fees are generally subsidised.","11","No URL","+609-697 5373","PT 2345, Jalan Pasir Akar, 22010 Pasir Akar, Besut","No information available, contact for more detail","Pasir Akar Health Clinic","government, primary care, outpatient, maternal, child health, immunisation, screening, referral, subsidised, walk-in, appointment"
"1170","Klinik Kesihatan Sri Medang","Health & Wellbeing-Public Health Centre","No email detail. Please contact via other contact detail","Government primary care clinics under MOH offering outpatient care, maternal and child health, immunisations, basic screening and referrals to hospitals; fees are generally subsidised.","11","No URL","+609-695 8386","Lot 2017, Jalan Tembila, 22200 Tembila, Besut","Sunday-Wednesday 07:00-17:30; Thursday 07:30-16:30","Sri Medang Health Clinic","government, primary care, outpatient, maternal, child health, immunisation, screening, referral, subsidised, walk-in, appointment"
"1171","Klinik Kesihatan Bukit Besi","Health & Wellbeing-Public Health Centre","No email detail. Please contact via other contact detail","Government primary care clinics under MOH offering outpatient care, maternal and child health, immunisations, basic screening and referrals to hospitals; fees are generally subsidised.","11","No URL","+609-833 7236","Lot 6528, Jalan Bukit Besi, 23200 Besut, Dungun","No information available, contact for more detail","Bukit Besi Health Clinic","government, primary care, outpatient, maternal, child health, immunisation, screening, referral, subsidised, walk-in, appointment"
"1172","Klinik Kesihatan Ketengah Jaya","Health & Wellbeing-Public Health Centre","No email detail. Please contact via other contact detail","Government primary care clinics under MOH offering outpatient care, maternal and child health, immunisations, basic screening and referrals to hospitals; fees are generally subsidised.","11","No URL","+609-820 0233","Lot 2124, Jalan Ketengah Jaya, 23300 Dungun, Dungun","Sunday-Thursday 07:30-16:00","Ketengah Jaya Health Clinic","government, primary care, outpatient, maternal, child health, immunisation, screening, referral, subsidised, walk-in, appointment"
"1173","Klinik Kesihatan Almuktafi Billah Shah","Health & Wellbeing-Public Health Centre","No email detail. Please contact via other contact detail","Government primary care clinics under MOH offering outpatient care, maternal and child health, immunisations, basic screening and referrals to hospitals; fees are generally subsidised.","11","No URL","+609-822 1333","Lot 467, Jalan Almuktafi Billah Shah, 23400 Jengai, Dungun","No information available, contact for more detail","Almuktafi Billah Shah Health Clinic","government, primary care, outpatient, maternal, child health, immunisation, screening, referral, subsidised, walk-in, appointment"
"1174","Klinik Kesihatan Jerangau","Health & Wellbeing-Public Health Centre","No email detail. Please contact via other contact detail","Government primary care clinics under MOH offering outpatient care, maternal and child health, immunisations, basic screening and referrals to hospitals; fees are generally subsidised.","11","No URL","+609-838 4333","Lot 1462, Jalan Jerangau, 21820 Jerangau, Dungun","Sunday-Wednesday 08:00-17:00; Thursday 08:00-15:30","Jerangau Health Clinic","government, primary care, outpatient, maternal, child health, immunisation, screening, referral, subsidised, walk-in, appointment"
"1175","Klinik Kesihatan Kuala Abang","Health & Wellbeing-Public Health Centre","No email detail. Please contact via other contact detail","Government primary care clinics under MOH offering outpatient care, maternal and child health, immunisations, basic screening and referrals to hospitals; fees are generally subsidised.","11","No URL","+609-844 2333","Lot 65, Jalan Klinik Kuala Abang, 23050 Kuala Abang, Dungun","No information available, contact for more details","Kuala Abang Health Clinic","government, primary care, outpatient, maternal, child health, immunisation, screening, referral, subsidised, walk-in, appointment"
"1176","Klinik Kesihatan Kuala Dungun","Health & Wellbeing-Public Health Centre","No email detail. Please contact via other contact detail","Government primary care clinics under MOH offering outpatient care, maternal and child health, immunisations, basic screening and referrals to hospitals; fees are generally subsidised.","11","No URL","+609-845 8820","Lot 9783, Jalan Alor Tembesu, 23000 Kuala Dungun, Dungun","No information available, contact for more detail","Kuala Dungun Health Clinic","government, primary care, outpatient, maternal, child health, immunisation, screening, referral, subsidised, walk-in, appointment"
"1177","Klinik Kesihatan Paka","Health & Wellbeing-Public Health Centre","No email detail. Please contact via other contact detail","Government primary care clinics under MOH offering outpatient care, maternal and child health, immunisations, basic screening and referrals to hospitals; fees are generally subsidised.","11","No URL","+609-827 1333","Lot 7736 & 2166, Jalan Dungun Kuantan, 23100 Paka, Dungun","Sunday-Saturday 08:00-17:00","Paka Health Clinic","government, primary care, outpatient, maternal, child health, immunisation, screening, referral, subsidised, walk-in, appointment"
"1178","Klinik Kesihatan Ajil","Health & Wellbeing-Public Health Centre","No email detail. Please contact via other contact detail","Government primary care clinics under MOH offering outpatient care, maternal and child health, immunisations, basic screening and referrals to hospitals; fees are generally subsidised.","11","No URL","+609-686 1633","Lot 4048, Jalan Kuala Terengganu-Kuala Berang, 21800 Ajil, Hulu Terengganu","Sunday-Wednesday 07:30-17:30; Thursday 07:30-16:00","Ajil Health Clinic","government, primary care, outpatient, maternal, child health, immunisation, screening, referral, subsidised, walk-in, appointment"
"1179","Klinik Kesihatan Tengkawang","Health & Wellbeing-Public Health Centre","No email detail. Please contact via other contact detail","Government primary care clinics under MOH offering outpatient care, maternal and child health, immunisations, basic screening and referrals to hospitals; fees are generally subsidised.","11","No URL","+609-681 8710","Lot 3814, 2825 & 3330, Jalan Kuala Berang Sungai Tong, 21700 Hulu Telemong, Hulu Terengganu",,"Tengkawang Health Clinic","government, primary care, outpatient, maternal, child health, immunisation, screening, referral, subsidised, walk-in, appointment"
"1180","Klinik Kesihatan Telemong","Health & Wellbeing-Public Health Centre","No email detail. Please contact via other contact detail","Government primary care clinics under MOH offering outpatient care, maternal and child health, immunisations, basic screening and referrals to hospitals; fees are generally subsidised.","11","No URL","+609-239 9972","Karak, Bentong, Pahang, 28620 Karak, Hulu Terengganu",,"Telemong Health Clinic","government, primary care, outpatient, maternal, child health, immunisation, screening, referral, subsidised, walk-in, appointment"
"1181","Klinik Kesihatan Felda Mengkawang","Health & Wellbeing-Public Health Centre","No email detail. Please contact via other contact detail","Government primary care clinics under MOH offering outpatient care, maternal and child health, immunisations, basic screening and referrals to hospitals; fees are generally subsidised.","11","No URL","+609-688 1896","Lot 5442, Jalan Kg Tanjong Ajil, 21800 Kuala Berang, Hulu Terengganu",,"Felda Mengkawang Health Clinic","government, primary care, outpatient, maternal, child health, immunisation, screening, referral, subsidised, walk-in, appointment"
"1182","Klinik Kesihatan Kuala Berang","Health & Wellbeing-Public Health Centre","No email detail. Please contact via other contact detail","Government primary care clinics under MOH offering outpatient care, maternal and child health, immunisations, basic screening and referrals to hospitals; fees are generally subsidised.","11","No URL","+609-681 1597","Lot 3893, Jalan Kuala Berang, 21700 Kuala Berang, Hulu Terengganu",,"Kuala Berang Health Clinic","government, primary care, outpatient, maternal, child health, immunisation, screening, referral, subsidised, walk-in, appointment"
"1183","Klinik Kesihatan Batu 2 ?","Health & Wellbeing-Public Health Centre","No email detail. Please contact via other contact detail","Government primary care clinics under MOH offering outpatient care, maternal and child health, immunisations, basic screening and referrals to hospitals; fees are generally subsidised.","11","No URL","+609-858 1540","Jalan Air Putih, 24000 Chukai, Kemaman",,"Batu 2 ? Health Clinic","government, primary care, outpatient, maternal, child health, immunisation, screening, referral, subsidised, walk-in, appointment"
"1184","Klinik Kesihatan Chukai","Health & Wellbeing-Public Health Centre","No email detail. Please contact via other contact detail","Government primary care clinics under MOH offering outpatient care, maternal and child health, immunisations, basic screening and referrals to hospitals; fees are generally subsidised.","11","No URL","+609-859 1619","Lot 3115, Jalan Sentosa, 24000 Chukai, Kemaman",,"Chukai Health Clinic","government, primary care, outpatient, maternal, child health, immunisation, screening, referral, subsidised, walk-in, appointment"
"1185","Klinik Kesihatan Kuala Kemaman","Health & Wellbeing-Public Health Centre","No email detail. Please contact via other contact detail","Government primary care clinics under MOH offering outpatient care, maternal and child health, immunisations, basic screening and referrals to hospitals; fees are generally subsidised.","11","No URL","+609-868 3659","Lot 7259, Jalan Kuala Kemaman, 24000 Chukai, Kemaman",,"Kuala Kemaman Health Clinic","government, primary care, outpatient, maternal, child health, immunisation, screening, referral, subsidised, walk-in, appointment"
"1186","Klinik Kesihatan Sri Bandi","Health & Wellbeing-Public Health Centre","No email detail. Please contact via other contact detail","Government primary care clinics under MOH offering outpatient care, maternal and child health, immunisations, basic screening and referrals to hospitals; fees are generally subsidised.","11","No URL","+609-867 6254","Lot 2658, Jalan Bunga Raya , 24200 Hulu Chukai, Kemaman",,"Sri Bandi Health Clinic","government, primary care, outpatient, maternal, child health, immunisation, screening, referral, subsidised, walk-in, appointment"
"1187","Klinik Kesihatan Kemasik","Health & Wellbeing-Public Health Centre","No email detail. Please contact via other contact detail","Government primary care clinics under MOH offering outpatient care, maternal and child health, immunisations, basic screening and referrals to hospitals; fees are generally subsidised.","11","No URL","+609-864 0033","Lot 68, Jalan Kuala Terengganu-Kemaman, 24200 Kemasik, Kemaman",,"Kemasik Health Clinic","government, primary care, outpatient, maternal, child health, immunisation, screening, referral, subsidised, walk-in, appointment"
"1188","Klinik Kesihatan Kerteh","Health & Wellbeing-Public Health Centre","No email detail. Please contact via other contact detail","Government primary care clinics under MOH offering outpatient care, maternal and child health, immunisations, basic screening and referrals to hospitals; fees are generally subsidised.","11","No URL","+609-826 1333","Lot 455, Jalan Bandar Baru Kerteh, 24300 Kerteh, Kemaman",,"Kerteh Health Clinic","government, primary care, outpatient, maternal, child health, immunisation, screening, referral, subsidised, walk-in, appointment"
"1189","Klinik Kesihatan Kijal","Health & Wellbeing-Public Health Centre","No email detail. Please contact via other contact detail","Government primary care clinics under MOH offering outpatient care, maternal and child health, immunisations, basic screening and referrals to hospitals; fees are generally subsidised.","11","No URL","+609-863 3204","Lot 2187, Jalan Pantai Penunjuk, 24100 Kijal, Kemaman",,"Kijal Health Clinic","government, primary care, outpatient, maternal, child health, immunisation, screening, referral, subsidised, walk-in, appointment"
"1190","Klinik Kesihatan Cheneh","Health & Wellbeing-Public Health Centre","No email detail. Please contact via other contact detail","Government primary care clinics under MOH offering outpatient care, maternal and child health, immunisations, basic screening and referrals to hospitals; fees are generally subsidised.","11","No URL","+609-873 0100","Lot 168, Jalan Masjid Cheneh, 24000 Mukim Bandi, Kemaman",,"Cheneh Health Clinic","government, primary care, outpatient, maternal, child health, immunisation, screening, referral, subsidised, walk-in, appointment"
"1191","Klinik Kesihatan Cherul","Health & Wellbeing-Public Health Centre","No email detail. Please contact via other contact detail","Government primary care clinics under MOH offering outpatient care, maternal and child health, immunisations, basic screening and referrals to hospitals; fees are generally subsidised.","11","No URL","+609-873 0895","Lot 1539,Felda Cherul, 24000 Mukim Bandi, Kemaman",,"Cherul Health Clinic","government, primary care, outpatient, maternal, child health, immunisation, screening, referral, subsidised, walk-in, appointment"
"1192","Klinik Kesihatan Air Puteh","Health & Wellbeing-Public Health Centre","No email detail. Please contact via other contact detail","Government primary care clinics under MOH offering outpatient care, maternal and child health, immunisations, basic screening and referrals to hospitals; fees are generally subsidised.","11","No URL","+609-859 3355","Lot 2583, Jalan Air Puteh, 24050 Mukim Tebak, Kemaman",,"Air Puteh Health Clinic","government, primary care, outpatient, maternal, child health, immunisation, screening, referral, subsidised, walk-in, appointment"
"1193","Klinik Kesihatan Hiliran","Health & Wellbeing-Public Health Centre","No email detail. Please contact via other contact detail","Government primary care clinics under MOH offering outpatient care, maternal and child health, immunisations, basic screening and referrals to hospitals; fees are generally subsidised.","11","No URL","+609-623 2732","Lot 3056, Jalan Kemajuan, Padang Hiliran, 21100 Cabang Tiga, Kuala Terengganu",,"Hiliran Health Clinic","government, primary care, outpatient, maternal, child health, immunisation, screening, referral, subsidised, walk-in, appointment"
"1194","Klinik Kesihatan Batu Rakit","Health & Wellbeing-Public Health Centre","No email detail. Please contact via other contact detail","Government primary care clinics under MOH offering outpatient care, maternal and child health, immunisations, basic screening and referrals to hospitals; fees are generally subsidised.","11","No URL","+609-669 6133","Lot 8064, Jalan Batu Rakit, 21300 Kuala Nerus, Kuala Terengganu",,"Batu Rakit Health Clinic","government, primary care, outpatient, maternal, child health, immunisation, screening, referral, subsidised, walk-in, appointment"
"1195","Klinik Kesihatan Bukit Tunggal","Health & Wellbeing-Public Health Centre","No email detail. Please contact via other contact detail","Government primary care clinics under MOH offering outpatient care, maternal and child health, immunisations, basic screening and referrals to hospitals; fees are generally subsidised.","11","No URL","+609-662 6275","Lot 6859, Jalan Bukit Datu, Kg Bukit Tunggal, 21200 Kuala Nerus, Kuala Terengganu",,"Bukit Tunggal Health Clinic","government, primary care, outpatient, maternal, child health, immunisation, screening, referral, subsidised, walk-in, appointment"
"1196","Klinik Kesihatan Seberang Takir","Health & Wellbeing-Public Health Centre","No email detail. Please contact via other contact detail","Government primary care clinics under MOH offering outpatient care, maternal and child health, immunisations, basic screening and referrals to hospitals; fees are generally subsidised.","11","No URL","+609-666 3333","Lot 15623, Jalan Telok Ketapang, Seberang Takir, 21300 Kuala Nerus, Kuala Terengganu",,"Seberang Takir Health Clinic","government, primary care, outpatient, maternal, child health, immunisation, screening, referral, subsidised, walk-in, appointment"
"1197","Klinik Kesihatan Kuala Terengganu","Health & Wellbeing-Public Health Centre","No email detail. Please contact via other contact detail","Government primary care clinics under MOH offering outpatient care, maternal and child health, immunisations, basic screening and referrals to hospitals; fees are generally subsidised.","11","No URL","+609-622 7857","Jalan Sultan Mahmud, 20400 Kuala Terengganu, Kuala Terengganu",,"Kuala Terengganu Health Clinic","government, primary care, outpatient, maternal, child health, immunisation, screening, referral, subsidised, walk-in, appointment"
"1198","Klinik Kesihatan Pulau Redang","Health & Wellbeing-Public Health Centre","No email detail. Please contact via other contact detail","Government primary care clinics under MOH offering outpatient care, maternal and child health, immunisations, basic screening and referrals to hospitals; fees are generally subsidised.","11","No URL","+609-630 7823","Kampung Baru Pulau Redang, 21090 Kuala Terengganu, Kuala Terengganu",,"Pulau Redang Health Clinic","government, primary care, outpatient, maternal, child health, immunisation, screening, referral, subsidised, walk-in, appointment"
"1199","Klinik Kesihatan Manir","Health & Wellbeing-Public Health Centre","No email detail. Please contact via other contact detail","Government primary care clinics under MOH offering outpatient care, maternal and child health, immunisations, basic screening and referrals to hospitals; fees are generally subsidised.","11","No URL","+609-615 1447","Lot 8085, Jalan Kelantan, 21200 Manir, Kuala Terengganu",,"Manir Health Clinic","government, primary care, outpatient, maternal, child health, immunisation, screening, referral, subsidised, walk-in, appointment"
"1200","Klinik Kesihatan Wakaf Tapai","Health & Wellbeing-Public Health Centre","No email detail. Please contact via other contact detail","Government primary care clinics under MOH offering outpatient care, maternal and child health, immunisations, basic screening and referrals to hospitals; fees are generally subsidised.","11","No URL","+609-680 1533","PT 3000, Jalan Kuala Terengganu, Kuala Berang, 21040 Alor Limbat, Marang",,"Wakaf Tapai Health Clinic","government, primary care, outpatient, maternal, child health, immunisation, screening, referral, subsidised, walk-in, appointment"
"1201","Klinik Kesihatan Binjai Rendah","Health & Wellbeing-Public Health Centre","No email detail. Please contact via other contact detail","Government primary care clinics under MOH offering outpatient care, maternal and child health, immunisations, basic screening and referrals to hospitals; fees are generally subsidised.","11","No URL","+609-619 2050","Lot 4521/LOT6155, Jalan Kuala Berang, 21040 Bukit Payong, Marang",,"Binjai Rendah Health Clinic","government, primary care, outpatient, maternal, child health, immunisation, screening, referral, subsidised, walk-in, appointment"
"1202","Klinik Kesihatan Pengkalan Berangan","Health & Wellbeing-Public Health Centre","No email detail. Please contact via other contact detail","Government primary care clinics under MOH offering outpatient care, maternal and child health, immunisations, basic screening and referrals to hospitals; fees are generally subsidised.","11","No URL","+609-612 0073","PT 1998, Jalan Marang, Wakaf Tapai, 21040 Jerong, Marang",,"Pengkalan Berangan Health Clinic","government, primary care, outpatient, maternal, child health, immunisation, screening, referral, subsidised, walk-in, appointment"
"1203","Klinik Kesihatan Bukit Payong","Health & Wellbeing-Public Health Centre","No email detail. Please contact via other contact detail","Government primary care clinics under MOH offering outpatient care, maternal and child health, immunisations, basic screening and referrals to hospitals; fees are generally subsidised.","11","No URL","+609-619 5805","Jalan Kuala Terengganu Kuala Berang, 21400 Marang, Marang",,"Bukit Payong Health Clinic","government, primary care, outpatient, maternal, child health, immunisation, screening, referral, subsidised, walk-in, appointment"
"1204","Klinik Kesihatan Merchang","Health & Wellbeing-Public Health Centre","No email detail. Please contact via other contact detail","Government primary care clinics under MOH offering outpatient care, maternal and child health, immunisations, basic screening and referrals to hospitals; fees are generally subsidised.","11","No URL","+609-832 1233","Lot 2943, Jalan Kuala Terengganu-Dungun, 21600 Marang, Marang",,"Merchang Health Clinic","government, primary care, outpatient, maternal, child health, immunisation, screening, referral, subsidised, walk-in, appointment"
"1205","Klinik Kesihatan Marang","Health & Wellbeing-Public Health Centre","No email detail. Please contact via other contact detail","Government primary care clinics under MOH offering outpatient care, maternal and child health, immunisations, basic screening and referrals to hospitals; fees are generally subsidised.","11","No URL","+609-618 2216","Lot 2012, Jalan Terengganu-Dungun, 21600 Rusila, Marang",,"Marang Health Clinic","government, primary care, outpatient, maternal, child health, immunisation, screening, referral, subsidised, walk-in, appointment"
"1206","Klinik Kesihatan Sri Langkap","Health & Wellbeing-Public Health Centre","No email detail. Please contact via other contact detail","Government primary care clinics under MOH offering outpatient care, maternal and child health, immunisations, basic screening and referrals to hospitals; fees are generally subsidised.","11","No URL","+609-657 1997","Lot 10494, Jalan Kuala Terengganu, 21500 Besut, Setiu",,"Sri Langkap Health Clinic","government, primary care, outpatient, maternal, child health, immunisation, screening, referral, subsidised, walk-in, appointment"
"1207","Klinik Kesihatan Kampung Rahmat","Health & Wellbeing-Public Health Centre","No email detail. Please contact via other contact detail","Government primary care clinics under MOH offering outpatient care, maternal and child health, immunisations, basic screening and referrals to hospitals; fees are generally subsidised.","11","No URL","+609-824 0833","Lot 6155, Jalan Kuala Terengganu, 24150 Chalok, Setiu",,"Kampung Rahmat Health Clinic","government, primary care, outpatient, maternal, child health, immunisation, screening, referral, subsidised, walk-in, appointment"
"1208","Klinik Kesihatan Sungai Tong","Health & Wellbeing-Public Health Centre","No email detail. Please contact via other contact detail","Government primary care clinics under MOH offering outpatient care, maternal and child health, immunisations, basic screening and referrals to hospitals; fees are generally subsidised.","11","No URL","+609-824 0833","Lot 9679, Jalan Kuala Terengganu, Sungai Tong, 21500 Hulu Nerus, Setiu",,"Sungai Tong Health Clinic","government, primary care, outpatient, maternal, child health, immunisation, screening, referral, subsidised, walk-in, appointment"
"1209","Klinik Kesihatan Bandar Permaisuri","Health & Wellbeing-Public Health Centre","No email detail. Please contact via other contact detail","Government primary care clinics under MOH offering outpatient care, maternal and child health, immunisations, basic screening and referrals to hospitals; fees are generally subsidised.","11","No URL","+609-609 7633","Lot 800, Jalan Kuala Terengganu, Bandar Permaisuri, 22100 Tasek, Setiu",,"Bandar Permaisuri Health Clinic","government, primary care, outpatient, maternal, child health, immunisation, screening, referral, subsidised, walk-in, appointment"
"1210","Klinik Kesihatan Cheras","Health & Wellbeing-Public Health Centre","kkcheras@moh.gov.my","Government primary care clinics under MOH offering outpatient care, maternal and child health, immunisations, basic screening and referrals to hospitals; fees are generally subsidised.","14","https://www.facebook.com/kkcheras/?locale=ms_MY","+603-9130 9022","No. 14, Jalan Yaakob Latiff, 56000 Bandar Tun Razak, Kuala Lumpur","Monday-Thursday 07:30-13:00 and 14:00-17:00; Friday 08:00-12:15 and 14:45-17:00","Cheras Health Clinic","government, primary care, outpatient, maternal, child health, immunisation, screening, referral, subsidised, walk-in, appointment"
"1211","Klinik Kesihatan Cheras Baru","Health & Wellbeing-Public Health Centre","No email detail. Please contact via other contact detail","Government primary care clinics under MOH offering outpatient care, maternal and child health, immunisations, basic screening and referrals to hospitals; fees are generally subsidised.","14","https://www.facebook.com/kkcherasbaru/?locale=ms_MY","+603-4294 6114","Jalan 16, Off Jalan Kuari, Kampung Cheras Baru, 56100 Cheras Baru, Kuala Lumpur","Monday-Friday 08:00-17:00","Cheras Baru Health Clinic","government, primary care, outpatient, maternal, child health, immunisation, screening, referral, subsidised, walk-in, appointment"
"1212","Klinik Kesihatan Dato Keramat","Health & Wellbeing-Public Health Centre","No email detail. Please contact via other contact detail","Government primary care clinics under MOH offering outpatient care, maternal and child health, immunisations, basic screening and referrals to hospitals; fees are generally subsidised.","14","No URL","+603-4257 3333","Jalan Jelatek, 54200 Kuala Lumpur, Kuala Lumpur","Monday-Thursday 08:00-17:00; Friday 08:00-12:15 and 14:45-17:00","Dato Keramat Health Clinic","government, primary care, outpatient, maternal, child health, immunisation, screening, referral, subsidised, walk-in, appointment"
"1213","Klinik Kesihatan Jinjang","Health & Wellbeing-Public Health Centre","No email detail. Please contact via other contact detail","Government primary care clinics under MOH offering outpatient care, maternal and child health, immunisations, basic screening and referrals to hospitals; fees are generally subsidised.","14","https://www.instagram.com/explore/locations/338481456611280/klinik-kesihatan-jinjang-kepong/","+603-4042 7557","No.2, Jalan Jinjang Setia 3, Jinjang Utara Tambahan, 52000 Jinjang Utara, Kuala Lumpur","Monday-Friday 08:00-17:00","Jinjang Health Clinic","government, primary care, outpatient, maternal, child health, immunisation, screening, referral, subsidised, walk-in, appointment"
"1214","Klinik Kesihatan Kampung Pandan","Health & Wellbeing-Public Health Centre","No email detail. Please contact via other contact detail","Government primary care clinics under MOH offering outpatient care, maternal and child health, immunisations, basic screening and referrals to hospitals; fees are generally subsidised.","14","No URL","+603-9281 0275","Jalan Belangkas, Kampung Pandan, 55100 Kampung Pandan, Kuala Lumpur","Monday-Friday 08:00-17:00","Kampung Pandan Health Clinic","government, primary care, outpatient, maternal, child health, immunisation, screening, referral, subsidised, walk-in, appointment"
"1215","Klinik Kesihatan Bandar Tun Razak","Health & Wellbeing-Public Health Centre","No email detail. Please contact via other contact detail","Government primary care clinics under MOH offering outpatient care, maternal and child health, immunisations, basic screening and referrals to hospitals; fees are generally subsidised.","14","No URL","+603-9171 3333","No.16 & 18, Jalan Jujur 3 , Bandar Tun Razak, 56000 Kuala Lumpur, Kuala Lumpur","Monday-Friday 08:00-17:00","Bandar Tun Razak Health Clinic","government, primary care, outpatient, maternal, child health, immunisation, screening, referral, subsidised, walk-in, appointment"
"1216","Klinik Kesihatan Batu","Health & Wellbeing-Public Health Centre","No email detail. Please contact via other contact detail","Government primary care clinics under MOH offering outpatient care, maternal and child health, immunisations, basic screening and referrals to hospitals; fees are generally subsidised.","14","No URL","+603-6257 4966","Batu 4 ?, Jalan Ipoh, 52100 Kuala Lumpur, Kuala Lumpur",,"Batu Health Clinic","government, primary care, outpatient, maternal, child health, immunisation, screening, referral, subsidised, walk-in, appointment"
"1217","Klinik Kesihatan Petaling Bahagia","Health & Wellbeing-Public Health Centre","No email detail. Please contact via other contact detail","Government primary care clinics under MOH offering outpatient care, maternal and child health, immunisations, basic screening and referrals to hospitals; fees are generally subsidised.","14","https://www.instagram.com/explore/locations/16064244/klinik-kesihatan-petaling-bahagia/","+603-7782 9355","Batu 6, Jalan Puchong, 58200 Kuala Lumpur, Kuala Lumpur","Monday-Friday 08:00-17:00","Petaling Bahagia Health Clinic","government, primary care, outpatient, maternal, child health, immunisation, screening, referral, subsidised, walk-in, appointment"
"1218","Klinik Kesihatan Pantai","Health & Wellbeing-Public Health Centre","No email detail. Please contact via other contact detail","Government primary care clinics under MOH offering outpatient care, maternal and child health, immunisations, basic screening and referrals to hospitals; fees are generally subsidised.","14","No URL","+603-2288 1071","C15-3, Tower C, Wisma Goshen, Plaza Pantai, No.5 Jalan 4/83A, Off Jalan Pantai Baru, 59200 Pantai Baru, Kuala Lumpur",,"Pantai Health Clinic","government, primary care, outpatient, maternal, child health, immunisation, screening, referral, subsidised, walk-in, appointment"
"1219","Klinik Kesihatan Sentul","Health & Wellbeing-Public Health Centre","No email detail. Please contact via other contact detail","Government primary care clinics under MOH offering outpatient care, maternal and child health, immunisations, basic screening and referrals to hospitals; fees are generally subsidised.","14","No URL","+603-4042 7557","Tingkat 2, Kompleks Komuniti Perniagaan, Jalan 1/48A, Bandar Baru Sentul, 51000 Sentul, Kuala Lumpur","Monday-Friday 08:00-17:00","Sentul Health Clinic","government, primary care, outpatient, maternal, child health, immunisation, screening, referral, subsidised, walk-in, appointment"
"1220","Klinik Kesihatan Setapak","Health & Wellbeing-Public Health Centre","No email detail. Please contact via other contact detail","Government primary care clinics under MOH offering outpatient care, maternal and child health, immunisations, basic screening and referrals to hospitals; fees are generally subsidised.","14","No URL","+603-4142 5429","No. 26/28, Jln. 9/23A, Medan Makmur, Off Jalan Usahawan, 53200 Setapak, Kuala Lumpur","Monday-Friday 08:00-17:00","Setapak Health Clinic","government, primary care, outpatient, maternal, child health, immunisation, screening, referral, subsidised, walk-in, appointment"
"1221","Klinik Kesihatan Sungai Besi","Health & Wellbeing-Public Health Centre","No email detail. Please contact via other contact detail","Government primary care clinics under MOH offering outpatient care, maternal and child health, immunisations, basic screening and referrals to hospitals; fees are generally subsidised.","14","No URL","+603-6054 9911","No.80, Jalan Tasik Utama 5, Medan Niaga Tasik Damai, 57100 Sungai Besi, Kuala Lumpur","Monday-Friday 08:00-17:00","Sungai Besi Health Clinic","government, primary care, outpatient, maternal, child health, immunisation, screening, referral, subsidised, walk-in, appointment"
"1222","Klinik Kesihatan Tanglin","Health & Wellbeing-Public Health Centre","kktanglin@moh.gov.my","Government primary care clinics under MOH offering outpatient care, maternal and child health, immunisations, basic screening and referrals to hospitals; fees are generally subsidised.","14","https://www.facebook.com/kktanglin.lembahpantai/","+603-2698 3311","Jalan Cenderasari, 50590 Tanglin, Kuala Lumpur","Monday-Thursday 08:00-13:00 and 14:00-17:00; Friday 08:00-12:15 and 14:45-17:00","Tanglin Health Clinic","government, primary care, outpatient, maternal, child health, immunisation, screening, referral, subsidised, walk-in, appointment"
"1223","Klinik Kesihatan Wp Labuan","Health & Wellbeing-Public Health Centre","No email detail. Please contact via other contact detail","Government primary care clinics under MOH offering outpatient care, maternal and child health, immunisations, basic screening and referrals to hospitals; fees are generally subsidised.","15","No URL","+608-741 1702","Peti Surat 81736, 87027 Labuan, Labuan","Monday-Friday 08:00-17:00","Wp Labuan Health Clinic","government, primary care, outpatient, maternal, child health, immunisation, screening, referral, subsidised, walk-in, appointment"
"1224","Klinik Kesihatan Putrajaya Presint","Health & Wellbeing-Public Health Centre","No email detail. Please contact via other contact detail","Government primary care clinics under MOH offering outpatient care, maternal and child health, immunisations, basic screening and referrals to hospitals; fees are generally subsidised.","16","No URL","+603-8888 0241","Lot 3C4, 26 Boulevard, 62675 Putrajaya, Putrajaya","Monday-Friday 08:00-17:00","Putrajaya Presint Health Clinic","government, primary care, outpatient, maternal, child health, immunisation, screening, referral, subsidised, walk-in, appointment"
"1225","Hospital Sungai Bakap","Health & Wellbeing-Public Health Centre","No email detail. Please contact via other contact detail","Government hospitals providing emergency and inpatient care, specialist outpatient clinics, diagnostics and surgery; fees are subsidised—use the nearest emergency department for urgent cases.","7","No URL","+604-582 4333","Jalan Sungai Bakap, Sungai Jawi, 14200 Sungai Bakap","24hr","Hospital Sungai Bakap","government, hospital, emergency, inpatient, outpatient, surgery, diagnostics, referral, subsidised, 24/7"
"1226","Hospital Seberang Jaya","Health & Wellbeing-Public Health Centre","No email detail. Please contact via other contact detail","Government hospitals providing emergency and inpatient care, specialist outpatient clinics, diagnostics and surgery; fees are subsidised—use the nearest emergency department for urgent cases.","7","No URL","+604-382 7333","Jalan Tun Hussein Onn, 13700 Seberang Jaya",,"Hospital Seberang Jaya","government, hospital, emergency, inpatient, outpatient, surgery, diagnostics, referral, subsidised, 24/7"
"1227","Hospital Pulau Pinang","Health & Wellbeing-Public Health Centre","No email detail. Please contact via other contact detail","Government hospitals providing emergency and inpatient care, specialist outpatient clinics, diagnostics and surgery; fees are subsidised—use the nearest emergency department for urgent cases.","7","No URL","+604-222 5333","Jalan Residensi, 10990 George Town",,"Hospital Pulau Pinang","government, hospital, emergency, inpatient, outpatient, surgery, diagnostics, referral, subsidised, 24/7"
"1228","Hospital Balik Pulau","Health & Wellbeing-Public Health Centre","No email detail. Please contact via other contact detail","Government hospitals providing emergency and inpatient care, specialist outpatient clinics, diagnostics and surgery; fees are subsidised—use the nearest emergency department for urgent cases.","7","No URL","+604-866 9333","Jalan Hospital, 11000 Balik Pulau",,"Hospital Balik Pulau","government, hospital, emergency, inpatient, outpatient, surgery, diagnostics, referral, subsidised, 24/7"
"1229","Hospital Bukit Mertajam","Health & Wellbeing-Public Health Centre","No email detail. Please contact via other contact detail","Government hospitals providing emergency and inpatient care, specialist outpatient clinics, diagnostics and surgery; fees are subsidised—use the nearest emergency department for urgent cases.","7","No URL","+604-549 7333","Jalan Kulim, 14000 Bukit Mertajam",,"Hospital Bukit Mertajam","government, hospital, emergency, inpatient, outpatient, surgery, diagnostics, referral, subsidised, 24/7"
"1230","Hospital Kepala Batas","Health & Wellbeing-Public Health Centre","No email detail. Please contact via other contact detail","Government hospitals providing emergency and inpatient care, specialist outpatient clinics, diagnostics and surgery; fees are subsidised—use the nearest emergency department for urgent cases.","7","No URL","+604-579 3333","Jalan Bertam, 13200 Kepala Batas",,"Hospital Kepala Batas","government, hospital, emergency, inpatient, outpatient, surgery, diagnostics, referral, subsidised, 24/7"
"1231","Klinik Desa Permatang Tinggi","Health & Wellbeing-Public Health Centre","No email detail. Please contact via other contact detail","Rural government clinics providing community-level maternal and child health, basic outpatient services, immunisations and health education; limited hours and referrals to Klinik Kesihatan or hospitals for advanced care.","7","No URL","+604-588 4202","Permatang Tinggi, 14000 Bukit Mertajam",,"Permatang Tinggi Rural Government Clinic","government, rural clinic, maternal, child health, basic outpatient, immunisation, health education, limited hours, referral"
"1232","Klinik Desa Kubang Ulu","Health & Wellbeing-Public Health Centre","No email detail. Please contact via other contact detail","Rural government clinics providing community-level maternal and child health, basic outpatient services, immunisations and health education; limited hours and referrals to Klinik Kesihatan or hospitals for advanced care.","7","No URL","+604-521 4980","Kubang Ulu, 14000 Bukit Mertajam",,"Kubang Ulu Rural Government Clinic","government, rural clinic, maternal, child health, basic outpatient, immunisation, health education, limited hours, referral"
"1233","Klinik Desa Permatang Pauh","Health & Wellbeing-Public Health Centre","No email detail. Please contact via other contact detail","Rural government clinics providing community-level maternal and child health, basic outpatient services, immunisations and health education; limited hours and referrals to Klinik Kesihatan or hospitals for advanced care.","7","No URL","+604-398 1380","Jalan Sama Gagah, 13500 Bukit Mertajam",,"Permatang Pauh Rural Government Clinic","government, rural clinic, maternal, child health, basic outpatient, immunisation, health education, limited hours, referral"
"1234","Klinik Kesihatan Ibu Dan Anak Bukit Mertajam","Health & Wellbeing-Public Health Centre","No email detail. Please contact via other contact detail","Government primary care clinics under MOH offering outpatient care, maternal and child health, immunisations, basic screening and referrals to hospitals; fees are generally subsidised.","7","No URL","+604-538 2389","Jalan Kulim, 14000 Bukit Mertajam",,"Ibu Dan Anak Bukit Mertajam Health Clinic","government, primary care, outpatient, maternal, child health, immunisation, screening, referral, subsidised, walk-in, appointment"
"1235","Klinik Desa Alma","Health & Wellbeing-Public Health Centre","No email detail. Please contact via other contact detail","Rural government clinics providing community-level maternal and child health, basic outpatient services, immunisations and health education; limited hours and referrals to Klinik Kesihatan or hospitals for advanced care.","7","No URL","+604-551 6064","Alma, 14000 Bukit Mertajam",,"Alma Rural Government Clinic","government, rural clinic, maternal, child health, basic outpatient, immunisation, health education, limited hours, referral"
"1236","Klinik Desa Juru","Health & Wellbeing-Public Health Centre","No email detail. Please contact via other contact detail","Rural government clinics providing community-level maternal and child health, basic outpatient services, immunisations and health education; limited hours and referrals to Klinik Kesihatan or hospitals for advanced care.","7","No URL","+604-508 6500","Kampung Juru, 14000 Bukit Mertajam",,"Juru Rural Government Clinic","government, rural clinic, maternal, child health, basic outpatient, immunisation, health education, limited hours, referral"
"1237","Klinik Desa Kampung Sekolah","Health & Wellbeing-Public Health Centre","No email detail. Please contact via other contact detail","Rural government clinics providing community-level maternal and child health, basic outpatient services, immunisations and health education; limited hours and referrals to Klinik Kesihatan or hospitals for advanced care.","7","No URL","+604-507 9458","Kampung Sekolah, Juru, 14000 Bukit Mertajam",,"Kampung Sekolah Rural Government Clinic","government, rural clinic, maternal, child health, basic outpatient, immunisation, health education, limited hours, referral"
"1238","Klinik Desa Bukit Tengah","Health & Wellbeing-Public Health Centre","No email detail. Please contact via other contact detail","Rural government clinics providing community-level maternal and child health, basic outpatient services, immunisations and health education; limited hours and referrals to Klinik Kesihatan or hospitals for advanced care.","7","No URL","+604-537 2342","Jalan Permatang Pauh, Bukit Tengah, 14000 Bukit Mertajam",,"Bukit Tengah Rural Government Clinic","government, rural clinic, maternal, child health, basic outpatient, immunisation, health education, limited hours, referral"
"1239","Klinik Desa Kampung Pertama","Health & Wellbeing-Public Health Centre","No email detail. Please contact via other contact detail","Rural government clinics providing community-level maternal and child health, basic outpatient services, immunisations and health education; limited hours and referrals to Klinik Kesihatan or hospitals for advanced care.","7","No URL","+604-398 2281","Jalan Permatang Pauh, Kampung Pertama, 14000 Bukit Mertajam",,"Kampung Pertama Rural Government Clinic","government, rural clinic, maternal, child health, basic outpatient, immunisation, health education, limited hours, referral"
"1240","Klinik Desa Permatang Rawa","Health & Wellbeing-Public Health Centre","No email detail. Please contact via other contact detail","Rural government clinics providing community-level maternal and child health, basic outpatient services, immunisations and health education; limited hours and referrals to Klinik Kesihatan or hospitals for advanced care.","7","No URL","+604-537 2541","Permatang Rawa, 14000 Bukit Mertajam",,"Permatang Rawa Rural Government Clinic","government, rural clinic, maternal, child health, basic outpatient, immunisation, health education, limited hours, referral"
"1241","Klinik Desa Bukit Indera Muda","Health & Wellbeing-Public Health Centre","No email detail. Please contact via other contact detail","Rural government clinics providing community-level maternal and child health, basic outpatient services, immunisations and health education; limited hours and referrals to Klinik Kesihatan or hospitals for advanced care.","7","No URL","+604-538 3761","Bukit Indera Muda, 14400 Penanti",,"Bukit Indera Muda Rural Government Clinic","government, rural clinic, maternal, child health, basic outpatient, immunisation, health education, limited hours, referral"
"1242","Klinik Desa Padang Ibu","Health & Wellbeing-Public Health Centre","No email detail. Please contact via other contact detail","Rural government clinics providing community-level maternal and child health, basic outpatient services, immunisations and health education; limited hours and referrals to Klinik Kesihatan or hospitals for advanced care.","7","No URL","+604-521 3160","Padang Ibu, 14400 Penanti",,"Padang Ibu Rural Government Clinic","government, rural clinic, maternal, child health, basic outpatient, immunisation, health education, limited hours, referral"
"1243","Klinik Desa Sungai Lembu","Health & Wellbeing-Public Health Centre","No email detail. Please contact via other contact detail","Rural government clinics providing community-level maternal and child health, basic outpatient services, immunisations and health education; limited hours and referrals to Klinik Kesihatan or hospitals for advanced care.","7","No URL","+604-521 3689","Sungai Lembu, 14000 Bukit Mertajam",,"Sungai Lembu Rural Government Clinic","government, rural clinic, maternal, child health, basic outpatient, immunisation, health education, limited hours, referral"
"1244","Klinik Kesihatan Ibu Dan Anak Sungai Bakap","Health & Wellbeing-Public Health Centre","No email detail. Please contact via other contact detail","Government primary care clinics under MOH offering outpatient care, maternal and child health, immunisations, basic screening and referrals to hospitals; fees are generally subsidised.","7","No URL","+604-582 4205","Jalan Besar, 14200 Sungai Bakap",,"Ibu Dan Anak Sungai Bakap Health Clinic","government, primary care, outpatient, maternal, child health, immunisation, screening, referral, subsidised, walk-in, appointment"
"1245","Klinik Desa Bagan Ajam","Health & Wellbeing-Public Health Centre","No email detail. Please contact via other contact detail","Rural government clinics providing community-level maternal and child health, basic outpatient services, immunisations and health education; limited hours and referrals to Klinik Kesihatan or hospitals for advanced care.","7","No URL","+604-324 0060","Jalan Bagan Ajam, Bagan Ajam, 13000 Butterworth",,"Bagan Ajam Rural Government Clinic","government, rural clinic, maternal, child health, basic outpatient, immunisation, health education, limited hours, referral"
"1246","Klinik Desa Sungai Puyu","Health & Wellbeing-Public Health Centre","No email detail. Please contact via other contact detail","Rural government clinics providing community-level maternal and child health, basic outpatient services, immunisations and health education; limited hours and referrals to Klinik Kesihatan or hospitals for advanced care.","7","No URL","+604-324 0050","Jalan Sungai Puyu, Sungai Puyu, 13020 Butterworth",,"Sungai Puyu Rural Government Clinic","government, rural clinic, maternal, child health, basic outpatient, immunisation, health education, limited hours, referral"
"1247","Klinik Desa Lahar Yooi","Health & Wellbeing-Public Health Centre","No email detail. Please contact via other contact detail","Rural government clinics providing community-level maternal and child health, basic outpatient services, immunisations and health education; limited hours and referrals to Klinik Kesihatan or hospitals for advanced care.","7","No URL","+604-573 6798","Lahar Yooi, 13300 Tasek Gelugor",,"Lahar Yooi Rural Government Clinic","government, rural clinic, maternal, child health, basic outpatient, immunisation, health education, limited hours, referral"
"1248","Klinik Desa Pokok Sena","Health & Wellbeing-Public Health Centre","No email detail. Please contact via other contact detail","Rural government clinics providing community-level maternal and child health, basic outpatient services, immunisations and health education; limited hours and referrals to Klinik Kesihatan or hospitals for advanced care.","7","No URL","+604-575 9129","Pokok Sena, 13200 Kepala Batas",,"Pokok Sena Rural Government Clinic","government, rural clinic, maternal, child health, basic outpatient, immunisation, health education, limited hours, referral"
"1249","Klinik Desa Permatang Buloh","Health & Wellbeing-Public Health Centre","No email detail. Please contact via other contact detail","Rural government clinics providing community-level maternal and child health, basic outpatient services, immunisations and health education; limited hours and referrals to Klinik Kesihatan or hospitals for advanced care.","7","No URL","+604-574 1014","Permatang Buloh, 13200 Kepala Batas",,"Permatang Buloh Rural Government Clinic","government, rural clinic, maternal, child health, basic outpatient, immunisation, health education, limited hours, referral"
"1250","Klinik Desa Pekan Darat","Health & Wellbeing-Public Health Centre","No email detail. Please contact via other contact detail","Rural government clinics providing community-level maternal and child health, basic outpatient services, immunisations and health education; limited hours and referrals to Klinik Kesihatan or hospitals for advanced care.","7","No URL","+604-351 5759","Pekan Darat, 13300 Butterworth",,"Pekan Darat Rural Government Clinic","government, rural clinic, maternal, child health, basic outpatient, immunisation, health education, limited hours, referral"
"1251","Klinik Desa Permatang Sintok","Health & Wellbeing-Public Health Centre","No email detail. Please contact via other contact detail","Rural government clinics providing community-level maternal and child health, basic outpatient services, immunisations and health education; limited hours and referrals to Klinik Kesihatan or hospitals for advanced care.","7","No URL","+604-575 9136","Permatang Sintok, 13100 Kepala Batas",,"Permatang Sintok Rural Government Clinic","government, rural clinic, maternal, child health, basic outpatient, immunisation, health education, limited hours, referral"
"1252","Klinik Desa Lahar Kepar","Health & Wellbeing-Public Health Centre","No email detail. Please contact via other contact detail","Rural government clinics providing community-level maternal and child health, basic outpatient services, immunisations and health education; limited hours and referrals to Klinik Kesihatan or hospitals for advanced care.","7","No URL","+604-575 9112","Lahar Kepar, 13200 Kepala Batas",,"Lahar Kepar Rural Government Clinic","government, rural clinic, maternal, child health, basic outpatient, immunisation, health education, limited hours, referral"
"1253","Klinik Desa Bumbung Lima","Health & Wellbeing-Public Health Centre","No email detail. Please contact via other contact detail","Rural government clinics providing community-level maternal and child health, basic outpatient services, immunisations and health education; limited hours and referrals to Klinik Kesihatan or hospitals for advanced care.","7","No URL","+604-575 9110","Bumbung Lima, 13200 Kepala Batas",,"Bumbung Lima Rural Government Clinic","government, rural clinic, maternal, child health, basic outpatient, immunisation, health education, limited hours, referral"
"1254","Klinik Desa Tok Bedu","Health & Wellbeing-Public Health Centre","No email detail. Please contact via other contact detail","Rural government clinics providing community-level maternal and child health, basic outpatient services, immunisations and health education; limited hours and referrals to Klinik Kesihatan or hospitals for advanced care.","7","No URL","+604-573 3720","Tok Bedu, 13300 Tasek Gelugor",,"Tok Bedu Rural Government Clinic","government, rural clinic, maternal, child health, basic outpatient, immunisation, health education, limited hours, referral"
"1255","Klinik Desa Kampung Selamat","Health & Wellbeing-Public Health Centre","No email detail. Please contact via other contact detail","Rural government clinics providing community-level maternal and child health, basic outpatient services, immunisations and health education; limited hours and referrals to Klinik Kesihatan or hospitals for advanced care.","7","No URL","+604-573 6800","Kampung Selamat, 13300 Tasek Gelugor",,"Kampung Selamat Rural Government Clinic","government, rural clinic, maternal, child health, basic outpatient, immunisation, health education, limited hours, referral"
"1256","Klinik Desa Pinang Tunggal","Health & Wellbeing-Public Health Centre","No email detail. Please contact via other contact detail","Rural government clinics providing community-level maternal and child health, basic outpatient services, immunisations and health education; limited hours and referrals to Klinik Kesihatan or hospitals for advanced care.","7","No URL","+604-573 6797","Pinang Tunggal, 13200 Kepala Batas",,"Pinang Tunggal Rural Government Clinic","government, rural clinic, maternal, child health, basic outpatient, immunisation, health education, limited hours, referral"
"1257","Klinik Desa Padang Menora","Health & Wellbeing-Public Health Centre","No email detail. Please contact via other contact detail","Rural government clinics providing community-level maternal and child health, basic outpatient services, immunisations and health education; limited hours and referrals to Klinik Kesihatan or hospitals for advanced care.","7","No URL","+604-573 6796","Padang Menora, 13310 Tasek Gelugor",,"Padang Menora Rural Government Clinic","government, rural clinic, maternal, child health, basic outpatient, immunisation, health education, limited hours, referral"
"1258","Klinik Desa Permatang Janggus","Health & Wellbeing-Public Health Centre","No email detail. Please contact via other contact detail","Rural government clinics providing community-level maternal and child health, basic outpatient services, immunisations and health education; limited hours and referrals to Klinik Kesihatan or hospitals for advanced care.","7","No URL","+604-576 3360","Permatang Janggus, 13100 Penaga",,"Permatang Janggus Rural Government Clinic","government, rural clinic, maternal, child health, basic outpatient, immunisation, health education, limited hours, referral"
"1259","Klinik Desa Changkat","Health & Wellbeing-Public Health Centre","No email detail. Please contact via other contact detail","Rural government clinics providing community-level maternal and child health, basic outpatient services, immunisations and health education; limited hours and referrals to Klinik Kesihatan or hospitals for advanced care.","7","No URL","+604-593 8949","Changkat, 14300 Nibong Tebal",,"Changkat Rural Government Clinic","government, rural clinic, maternal, child health, basic outpatient, immunisation, health education, limited hours, referral"
"1260","Klinik Desa Permatang Tok Mahat","Health & Wellbeing-Public Health Centre","No email detail. Please contact via other contact detail","Rural government clinics providing community-level maternal and child health, basic outpatient services, immunisations and health education; limited hours and referrals to Klinik Kesihatan or hospitals for advanced care.","7","No URL","+605-717 1941","Permatang Tok Mahat, 14300 Nibong Tebal",,"Permatang Tok Mahat Rural Government Clinic","government, rural clinic, maternal, child health, basic outpatient, immunisation, health education, limited hours, referral"
"1261","Klinik Desa Sungai Bakau","Health & Wellbeing-Public Health Centre","No email detail. Please contact via other contact detail","Rural government clinics providing community-level maternal and child health, basic outpatient services, immunisations and health education; limited hours and referrals to Klinik Kesihatan or hospitals for advanced care.","7","No URL","+604-598 2978","Sungai Bakau, 14300 Nibong Tebal",,"Sungai Bakau Rural Government Clinic","government, rural clinic, maternal, child health, basic outpatient, immunisation, health education, limited hours, referral"
"1262","Klinik Desa Tanjung Berembang","Health & Wellbeing-Public Health Centre","No email detail. Please contact via other contact detail","Rural government clinics providing community-level maternal and child health, basic outpatient services, immunisations and health education; limited hours and referrals to Klinik Kesihatan or hospitals for advanced care.","7","No URL","+604-593 9211","Tanjung Berembang, 14300 Nibong Tebal",,"Tanjung Berembang Rural Government Clinic","government, rural clinic, maternal, child health, basic outpatient, immunisation, health education, limited hours, referral"
"1263","Klinik Desa Batu Kawan","Health & Wellbeing-Public Health Centre","No email detail. Please contact via other contact detail","Rural government clinics providing community-level maternal and child health, basic outpatient services, immunisations and health education; limited hours and referrals to Klinik Kesihatan or hospitals for advanced care.","7","No URL","+604-588 5293","Batu Kawan, 14100 Simpang Ampat",,"Batu Kawan Rural Government Clinic","government, rural clinic, maternal, child health, basic outpatient, immunisation, health education, limited hours, referral"
"1264","Klinik Desa Tasek","Health & Wellbeing-Public Health Centre","No email detail. Please contact via other contact detail","Rural government clinics providing community-level maternal and child health, basic outpatient services, immunisations and health education; limited hours and referrals to Klinik Kesihatan or hospitals for advanced care.","7","No URL","+604-588 4348","Tasek, 14100 Simpang Ampat",,"Tasek Rural Government Clinic","government, rural clinic, maternal, child health, basic outpatient, immunisation, health education, limited hours, referral"
"1265","Klinik Desa Bukit Tambun","Health & Wellbeing-Public Health Centre","No email detail. Please contact via other contact detail","Rural government clinics providing community-level maternal and child health, basic outpatient services, immunisations and health education; limited hours and referrals to Klinik Kesihatan or hospitals for advanced care.","7","No URL","+604-588 4350","Bukit Tambun, 14100 Simpang Ampat",,"Bukit Tambun Rural Government Clinic","government, rural clinic, maternal, child health, basic outpatient, immunisation, health education, limited hours, referral"
"1266","Klinik Desa Pulau Aman","Health & Wellbeing-Public Health Centre","No email detail. Please contact via other contact detail","Rural government clinics providing community-level maternal and child health, basic outpatient services, immunisations and health education; limited hours and referrals to Klinik Kesihatan or hospitals for advanced care.","7","No URL","+604-582 2092","Pulau Aman, 14100 Simpang Ampat",,"Pulau Aman Rural Government Clinic","government, rural clinic, maternal, child health, basic outpatient, immunisation, health education, limited hours, referral"
"1267","Klinik Desa Wellesley","Health & Wellbeing-Public Health Centre","No email detail. Please contact via other contact detail","Rural government clinics providing community-level maternal and child health, basic outpatient services, immunisations and health education; limited hours and referrals to Klinik Kesihatan or hospitals for advanced care.","7","No URL","+604-582 3233","Wellesley, 14200 Sungai Bakap",,"Wellesley Rural Government Clinic","government, rural clinic, maternal, child health, basic outpatient, immunisation, health education, limited hours, referral"
"1268","Klinik Desa Sungai Duri","Health & Wellbeing-Public Health Centre","No email detail. Please contact via other contact detail","Rural government clinics providing community-level maternal and child health, basic outpatient services, immunisations and health education; limited hours and referrals to Klinik Kesihatan or hospitals for advanced care.","7","No URL","+604-582 9233","Sungai Duri, 14200 Sungai Bakap",,"Sungai Duri Rural Government Clinic","government, rural clinic, maternal, child health, basic outpatient, immunisation, health education, limited hours, referral"
"1269","Klinik Desa Valdor","Health & Wellbeing-Public Health Centre","No email detail. Please contact via other contact detail","Rural government clinics providing community-level maternal and child health, basic outpatient services, immunisations and health education; limited hours and referrals to Klinik Kesihatan or hospitals for advanced care.","7","No URL","+604-582 6535","Valdor, 14200 Sungai Bakap",,"Valdor Rural Government Clinic","government, rural clinic, maternal, child health, basic outpatient, immunisation, health education, limited hours, referral"
"1270","Klinik Kesihatan Ibu Dan Anak Air Putih","Health & Wellbeing-Public Health Centre","No email detail. Please contact via other contact detail","Government primary care clinics under MOH offering outpatient care, maternal and child health, immunisations, basic screening and referrals to hospitals; fees are generally subsidised.","7","No URL","+604-866 0287","Mukim E, Air Putih, 11000 Balik Pulau",,"Ibu Dan Anak Air Putih Health Clinic","government, primary care, outpatient, maternal, child health, immunisation, screening, referral, subsidised, walk-in, appointment"
"1271","Klinik Desa Pantai Acheh","Health & Wellbeing-Public Health Centre","No email detail. Please contact via other contact detail","Rural government clinics providing community-level maternal and child health, basic outpatient services, immunisations and health education; limited hours and referrals to Klinik Kesihatan or hospitals for advanced care.","7","No URL","+604-866 8833","Pantai Acheh, 11010 Balik Pulau",,"Pantai Acheh Rural Government Clinic","government, rural clinic, maternal, child health, basic outpatient, immunisation, health education, limited hours, referral"
"1272","Klinik Desa Sungai Pinang","Health & Wellbeing-Public Health Centre","No email detail. Please contact via other contact detail","Rural government clinics providing community-level maternal and child health, basic outpatient services, immunisations and health education; limited hours and referrals to Klinik Kesihatan or hospitals for advanced care.","7","No URL","+604-866 1726","Sungai Pinang, 11010 Balik Pulau",,"Sungai Pinang Rural Government Clinic","government, rural clinic, maternal, child health, basic outpatient, immunisation, health education, limited hours, referral"
"1273","Klinik Kesihatan Ibu Dan Anak Padang Tembak / Rifle Range","Health & Wellbeing-Public Health Centre","No email detail. Please contact via other contact detail","Government primary care clinics under MOH offering outpatient care, maternal and child health, immunisations, basic screening and referrals to hospitals; fees are generally subsidised.","7","No URL","+604-829 6355","Blok A, Jalan Padang Tembak, Rumah Pangsa Padang Tembak, Padang Tembak, 11400 Ayer Itam",,"Ibu Dan Anak Padang Tembak / Rifle Range Health Clinic","government, primary care, outpatient, maternal, child health, immunisation, screening, referral, subsidised, walk-in, appointment"
"1274","Klinik Kesihatan Ibu Dan Anak Taman Tun Sardon","Health & Wellbeing-Public Health Centre","No email detail. Please contact via other contact detail","Government primary care clinics under MOH offering outpatient care, maternal and child health, immunisations, basic screening and referrals to hospitals; fees are generally subsidised.","7","No URL","+604-657 1592","Blok A-G-9, Tingkat Bawah, Taman Tun Sardon, 11700 Glugor",,"Ibu Dan Anak Taman Tun Sardon Health Clinic","government, primary care, outpatient, maternal, child health, immunisation, screening, referral, subsidised, walk-in, appointment"
"1275","Klinik Kesihatan Ibu Dan Anak Tanjong Tokong","Health & Wellbeing-Public Health Centre","No email detail. Please contact via other contact detail","Government primary care clinics under MOH offering outpatient care, maternal and child health, immunisations, basic screening and referrals to hospitals; fees are generally subsidised.","7","No URL","+604-899 3727","A-G-3 & A-G-4, Jalan Tanjong Tokong, Rumah Pangsa Tanjong Tokong, 10470 Tanjong Tokong",,"Ibu Dan Anak Tanjong Tokong Health Clinic","government, primary care, outpatient, maternal, child health, immunisation, screening, referral, subsidised, walk-in, appointment"
"1276","Klinik Desa Permatang Bendahari","Health & Wellbeing-Public Health Centre","No email detail. Please contact via other contact detail","Rural government clinics providing community-level maternal and child health, basic outpatient services, immunisations and health education; limited hours and referrals to Klinik Kesihatan or hospitals for advanced care.","7","No URL","+604-579 3244","Permatang Bendahari, 13110 Penaga",,"Permatang Bendahari Rural Government Clinic","government, rural clinic, maternal, child health, basic outpatient, immunisation, health education, limited hours, referral"
"1277","Klinik Desa Paya Keladi","Health & Wellbeing-Public Health Centre","No email detail. Please contact via other contact detail","Rural government clinics providing community-level maternal and child health, basic outpatient services, immunisations and health education; limited hours and referrals to Klinik Kesihatan or hospitals for advanced care.","7","No URL","+604-575 4728","Paya Keladi, 13200 Kepala Batas",,"Paya Keladi Rural Government Clinic","government, rural clinic, maternal, child health, basic outpatient, immunisation, health education, limited hours, referral"
"1278","Klinik Desa Pasir Gebu","Health & Wellbeing-Public Health Centre","No email detail. Please contact via other contact detail","Rural government clinics providing community-level maternal and child health, basic outpatient services, immunisations and health education; limited hours and referrals to Klinik Kesihatan or hospitals for advanced care.","7","No URL","+604-579 3246","Pasir Gebu, 13110 Penaga",,"Pasir Gebu Rural Government Clinic","government, rural clinic, maternal, child health, basic outpatient, immunisation, health education, limited hours, referral"
"1279","Klinik Desa Teluk Ayer Tawar","Health & Wellbeing-Public Health Centre","No email detail. Please contact via other contact detail","Rural government clinics providing community-level maternal and child health, basic outpatient services, immunisations and health education; limited hours and referrals to Klinik Kesihatan or hospitals for advanced care.","7","No URL","+604-351 5822","Jalan Teluk Air Tawar, Teluk Air Tawar, 13050 Butterworth",,"Teluk Ayer Tawar Rural Government Clinic","government, rural clinic, maternal, child health, basic outpatient, immunisation, health education, limited hours, referral"
"1280","Klinik Desa Pajak Song","Health & Wellbeing-Public Health Centre","No email detail. Please contact via other contact detail","Rural government clinics providing community-level maternal and child health, basic outpatient services, immunisations and health education; limited hours and referrals to Klinik Kesihatan or hospitals for advanced care.","7","No URL","+604-575 9171","Pajak Song, 13200 Kepala Batas",,"Pajak Song Rural Government Clinic","government, rural clinic, maternal, child health, basic outpatient, immunisation, health education, limited hours, referral"
"1281","Klinik Desa Bagan Dalam","Health & Wellbeing-Public Health Centre","No email detail. Please contact via other contact detail","Rural government clinics providing community-level maternal and child health, basic outpatient services, immunisations and health education; limited hours and referrals to Klinik Kesihatan or hospitals for advanced care.","7","No URL","+604-328 4464","Jalan Bagan Dalam, Bagan Dalam, 12100 Butterworth",,"Bagan Dalam Rural Government Clinic","government, rural clinic, maternal, child health, basic outpatient, immunisation, health education, limited hours, referral"
"1282","Klinik Desa Permatang Pasir","Health & Wellbeing-Public Health Centre","No email detail. Please contact via other contact detail","Rural government clinics providing community-level maternal and child health, basic outpatient services, immunisations and health education; limited hours and referrals to Klinik Kesihatan or hospitals for advanced care.","7","No URL","+604-866 5539","Permatang Pasir, 11000 Balik Pulau",,"Permatang Pasir Rural Government Clinic","government, rural clinic, maternal, child health, basic outpatient, immunisation, health education, limited hours, referral"
"1283","Klinik Desa Sungai Burong","Health & Wellbeing-Public Health Centre","No email detail. Please contact via other contact detail","Rural government clinics providing community-level maternal and child health, basic outpatient services, immunisations and health education; limited hours and referrals to Klinik Kesihatan or hospitals for advanced care.","7","No URL","+604-866 2060","Sungai Burong, 11000 Balik Pulau",,"Sungai Burong Rural Government Clinic","government, rural clinic, maternal, child health, basic outpatient, immunisation, health education, limited hours, referral"
"1284","Klinik Desa Pondok Upeh","Health & Wellbeing-Public Health Centre","No email detail. Please contact via other contact detail","Rural government clinics providing community-level maternal and child health, basic outpatient services, immunisations and health education; limited hours and referrals to Klinik Kesihatan or hospitals for advanced care.","7","No URL","+604-866 1723","Pondok Upeh, 11000 Balik Pulau",,"Pondok Upeh Rural Government Clinic","government, rural clinic, maternal, child health, basic outpatient, immunisation, health education, limited hours, referral"
"1285","Klinik Desa Kampung Perlis","Health & Wellbeing-Public Health Centre","No email detail. Please contact via other contact detail","Rural government clinics providing community-level maternal and child health, basic outpatient services, immunisations and health education; limited hours and referrals to Klinik Kesihatan or hospitals for advanced care.","7","No URL","+604-866 1749","Kampung Perlis, 11020 Balik Pulau",,"Kampung Perlis Rural Government Clinic","government, rural clinic, maternal, child health, basic outpatient, immunisation, health education, limited hours, referral"
"1286","Klinik Desa Gertak Sanggul","Health & Wellbeing-Public Health Centre","No email detail. Please contact via other contact detail","Rural government clinics providing community-level maternal and child health, basic outpatient services, immunisations and health education; limited hours and referrals to Klinik Kesihatan or hospitals for advanced care.","7","No URL","+604-649 3920","Gertak Sanggul, 11920 Bayan Lepas",,"Gertak Sanggul Rural Government Clinic","government, rural clinic, maternal, child health, basic outpatient, immunisation, health education, limited hours, referral"
"1287","Klinik Desa Teluk Kumbar","Health & Wellbeing-Public Health Centre","No email detail. Please contact via other contact detail","Rural government clinics providing community-level maternal and child health, basic outpatient services, immunisations and health education; limited hours and referrals to Klinik Kesihatan or hospitals for advanced care.","7","No URL","+604-649 5606","Teluk Kumbar, 11920 Bayan Lepas",,"Teluk Kumbar Rural Government Clinic","government, rural clinic, maternal, child health, basic outpatient, immunisation, health education, limited hours, referral"
"1288","Klinik Desa Permatang Damar Laut","Health & Wellbeing-Public Health Centre","No email detail. Please contact via other contact detail","Rural government clinics providing community-level maternal and child health, basic outpatient services, immunisations and health education; limited hours and referrals to Klinik Kesihatan or hospitals for advanced care.","7","No URL","+604-626 5102","Permatang Damar Laut, 11900 Bayan Lepas",,"Permatang Damar Laut Rural Government Clinic","government, rural clinic, maternal, child health, basic outpatient, immunisation, health education, limited hours, referral"
"1289","Klinik Desa Sungai Ara","Health & Wellbeing-Public Health Centre","No email detail. Please contact via other contact detail","Rural government clinics providing community-level maternal and child health, basic outpatient services, immunisations and health education; limited hours and referrals to Klinik Kesihatan or hospitals for advanced care.","7","No URL","+604-645 2488","Sungai Ara, 11900 Bayan Lepas",,"Sungai Ara Rural Government Clinic","government, rural clinic, maternal, child health, basic outpatient, immunisation, health education, limited hours, referral"
"1290","Klinik Desa Relau","Health & Wellbeing-Public Health Centre","No email detail. Please contact via other contact detail","Rural government clinics providing community-level maternal and child health, basic outpatient services, immunisations and health education; limited hours and referrals to Klinik Kesihatan or hospitals for advanced care.","7","No URL","+604-644 9230","Relau, 11900 Bayan Lepas",,"Relau Rural Government Clinic","government, rural clinic, maternal, child health, basic outpatient, immunisation, health education, limited hours, referral"
"1291","Klinik Desa Sungai Batu","Health & Wellbeing-Public Health Centre","No email detail. Please contact via other contact detail","Rural government clinics providing community-level maternal and child health, basic outpatient services, immunisations and health education; limited hours and referrals to Klinik Kesihatan or hospitals for advanced care.","7","No URL","+604-649 5673","Sungai Batu, 11920 Bayan Lepas",,"Sungai Batu Rural Government Clinic","government, rural clinic, maternal, child health, basic outpatient, immunisation, health education, limited hours, referral"
"1292","Klinik Desa Batu Ferringgi","Health & Wellbeing-Public Health Centre","No email detail. Please contact via other contact detail","Rural government clinics providing community-level maternal and child health, basic outpatient services, immunisations and health education; limited hours and referrals to Klinik Kesihatan or hospitals for advanced care.","7","No URL","+604-881 3814","1918, Jalan Batu Ferringgi, Batu Ferringgi, 12100 Pulau Pinang",,"Batu Ferringgi Rural Government Clinic","government, rural clinic, maternal, child health, basic outpatient, immunisation, health education, limited hours, referral"
"1293","Klinik Kesihatan Tanjong Bungah","Health & Wellbeing-Public Health Centre","No email detail. Please contact via other contact detail","Government primary care clinics under MOH offering outpatient care, maternal and child health, immunisations, basic screening and referrals to hospitals; fees are generally subsidised.","7","No URL","+604-899 0953","11200 Tanjong Bungah",,"Tanjong Bungah Health Clinic","government, primary care, outpatient, maternal, child health, immunisation, screening, referral, subsidised, walk-in, appointment"
"1294","Klinik Desa Paya Terubong","Health & Wellbeing-Public Health Centre","No email detail. Please contact via other contact detail","Rural government clinics providing community-level maternal and child health, basic outpatient services, immunisations and health education; limited hours and referrals to Klinik Kesihatan or hospitals for advanced care.","7","No URL","+604-827 5919","Jalan Paya Terubong, Paya Terubong, 11500 Ayer Itam",,"Paya Terubong Rural Government Clinic","government, rural clinic, maternal, child health, basic outpatient, immunisation, health education, limited hours, referral"
"1295","Klinik Desa Thean Teik","Health & Wellbeing-Public Health Centre","No email detail. Please contact via other contact detail","Rural government clinics providing community-level maternal and child health, basic outpatient services, immunisations and health education; limited hours and referrals to Klinik Kesihatan or hospitals for advanced care.","7","No URL","+604-827 6023","Jalan Thean Teik, 11500 Ayer Itam",,"Thean Teik Rural Government Clinic","government, rural clinic, maternal, child health, basic outpatient, immunisation, health education, limited hours, referral"
"1296","Klinik Desa Sungai Gelugor","Health & Wellbeing-Public Health Centre","No email detail. Please contact via other contact detail","Rural government clinics providing community-level maternal and child health, basic outpatient services, immunisations and health education; limited hours and referrals to Klinik Kesihatan or hospitals for advanced care.","7","No URL","+604-658 0861","Jalan Calthrop, 11700 Glugor",,"Sungai Gelugor Rural Government Clinic","government, rural clinic, maternal, child health, basic outpatient, immunisation, health education, limited hours, referral"
"1297","Klinik Komuniti Alma","Health & Wellbeing-Public Health Centre","No email detail. Please contact via other contact detail","Urban community clinics providing primary care, women's and adolescent health, screening and health education; low-cost services, some by appointment, with referrals to hospitals as needed.","7","No URL","+604-552 1033","No. 38 Ting. Bwh, Lorong Alma Jaya 11, Taman Alma Jaya, 14100 Bukit Mertajam",,"Community Clinic Alma","government, community clinic, primary care, women health, adolescent health, screening, health education, low cost, appointment, referral"
"1298","Klinik Komuniti Batu Kawan","Health & Wellbeing-Public Health Centre","No email detail. Please contact via other contact detail","Urban community clinics providing primary care, women's and adolescent health, screening and health education; low-cost services, some by appointment, with referrals to hospitals as needed.","7","No URL","+604-588 0071","No. 19, Lorong Cempaka 1, Taman Cempaka, Batu Kawan, 14100 Simpang Ampat",,"Community Clinic Batu Kawan","government, community clinic, primary care, women health, adolescent health, screening, health education, low cost, appointment, referral"
"1299","Klinik Kesihatan Bandar Tasek Mutiara","Health & Wellbeing-Public Health Centre","No email detail. Please contact via other contact detail","Government primary care clinics under MOH offering outpatient care, maternal and child health, immunisations, basic screening and referrals to hospitals; fees are generally subsidised.","7","No URL","+604-507 9855","Jalan Tasek Mutiara, Mukim 7, Bandar Tasek Mutiara, 14100 Simpang Ampat",,"Bandar Tasek Mutiara Health Clinic","government, primary care, outpatient, maternal, child health, immunisation, screening, referral, subsidised, walk-in, appointment"
"1300","Klinik Komuniti Jelutong","Health & Wellbeing-Public Health Centre","No email detail. Please contact via other contact detail","Urban community clinics providing primary care, women's and adolescent health, screening and health education; low-cost services, some by appointment, with referrals to hospitals as needed.","7","No URL","+604-283 4070","No. 116 Tingkat Bawah, Jalan Jelutong, 10150 Jelutong",,"Community Clinic Jelutong","government, community clinic, primary care, women health, adolescent health, screening, health education, low cost, appointment, referral"
"1301","Klinik Komuniti Teluk Air Tawar","Health & Wellbeing-Public Health Centre","No email detail. Please contact via other contact detail","Urban community clinics providing primary care, women's and adolescent health, screening and health education; low-cost services, some by appointment, with referrals to hospitals as needed.","7","No URL","+604-351 1080","No. 6 Kedai 1 Tingkat, Lorong Teluk Air Tawar 14, Teluk Air Tawar, 13050 Butterworth",,"Community Clinic Teluk Air Tawar","government, community clinic, primary care, women health, adolescent health, screening, health education, low cost, appointment, referral"
"1302","Klinik Komuniti Sungai Ara","Health & Wellbeing-Public Health Centre","No email detail. Please contact via other contact detail","Urban community clinics providing primary care, women's and adolescent health, screening and health education; low-cost services, some by appointment, with referrals to hospitals as needed.","7","No URL","+604-646 3531","2A-1, Tingkat Kenari 5, Taman Desa Ria, Sungai Ara, 11900 Bayan Lepas",,"Community Clinic Sungai Ara","government, community clinic, primary care, women health, adolescent health, screening, health education, low cost, appointment, referral"
"1303","Klinik Kesihatan Bandar Baru Ayer Itam","Health & Wellbeing-Public Health Centre","No email detail. Please contact via other contact detail","Government primary care clinics under MOH offering outpatient care, maternal and child health, immunisations, basic screening and referrals to hospitals; fees are generally subsidised.","7","No URL","+604-826 6267","No. 8, Jalan Angsana, Bandar Baru Ayer Itam, 11500 Ayer Itam",,"Bandar Baru Ayer Itam Health Clinic","government, primary care, outpatient, maternal, child health, immunisation, screening, referral, subsidised, walk-in, appointment"
"1304","Klinik Komuniti Sungai Batu","Health & Wellbeing-Public Health Centre","No email detail. Please contact via other contact detail","Urban community clinics providing primary care, women's and adolescent health, screening and health education; low-cost services, some by appointment, with referrals to hospitals as needed.","7","No URL","+604-649 2351","Solok Sungai Batu 1, Sungai Batu, Teluk Kumbar, 11920 Bayan Lepas",,"Community Clinic Sungai Batu","government, community clinic, primary care, women health, adolescent health, screening, health education, low cost, appointment, referral"
"1305","Klinik Komuniti Bandar Putra Bertam","Health & Wellbeing-Public Health Centre","No email detail. Please contact via other contact detail","Urban community clinics providing primary care, women's and adolescent health, screening and health education; low-cost services, some by appointment, with referrals to hospitals as needed.","7","No URL","+604-575 0289","No. 47 G/F Dan 1/F, Persiaran 4/7, Bandar Putra Bertam, 13200 Kepala Batas",,"Community Clinic Bandar Putra Bertam","government, community clinic, primary care, women health, adolescent health, screening, health education, low cost, appointment, referral"
"1306","Klinik Komuniti Bagan Ajam","Health & Wellbeing-Public Health Centre","No email detail. Please contact via other contact detail","Urban community clinics providing primary care, women's and adolescent health, screening and health education; low-cost services, some by appointment, with referrals to hospitals as needed.","7","No URL","+604-332 2053","Lot-C-G-14 & 15, Jalan Pantai Bersih, Bagan Ajam, 13000 Butterworth",,"Community Clinic Bagan Ajam","government, community clinic, primary care, women health, adolescent health, screening, health education, low cost, appointment, referral"
"1307","Klinik Komuniti Bandar Perda","Health & Wellbeing-Public Health Centre","No email detail. Please contact via other contact detail","Urban community clinics providing primary care, women's and adolescent health, screening and health education; low-cost services, some by appointment, with referrals to hospitals as needed.","7","No URL","+604-530 1091","Rumah Kelab, Pangsapuri Taman Permata, 14000 Bandar Perda",,"Community Clinic Bandar Perda","government, community clinic, primary care, women health, adolescent health, screening, health education, low cost, appointment, referral"
"1308","Klinik Komuniti Nibong Tebal","Health & Wellbeing-Public Health Centre","No email detail. Please contact via other contact detail","Urban community clinics providing primary care, women's and adolescent health, screening and health education; low-cost services, some by appointment, with referrals to hospitals as needed.","7","No URL","+604-593 3102","38, Jalan Sungai Daun, Taman Nibong Tebal Jaya, 14300 Nibong Tebal",,"Community Clinic Nibong Tebal","government, community clinic, primary care, women health, adolescent health, screening, health education, low cost, appointment, referral"
"1309","Klinik Komuniti Batu Ferringgi","Health & Wellbeing-Public Health Centre","No email detail. Please contact via other contact detail","Urban community clinics providing primary care, women's and adolescent health, screening and health education; low-cost services, some by appointment, with referrals to hospitals as needed.","7","No URL","+604-881 1923","889, Jalan Seri Bayu, Batu Ferringgi, 11650 Pulau Pinang",,"Community Clinic Batu Ferringgi","government, community clinic, primary care, women health, adolescent health, screening, health education, low cost, appointment, referral"
"1310","Klinik Pakar Bedah Mulut","Health & Wellbeing-Public Health Centre","No email detail. Please contact via other contact detail","Government hospital specialist clinics; usually require referral from Klinik Kesihatan or emergency department; subsidised fees; appointment needed; bring passport/work pass and previous records.","7","No URL","+604-386 2216","Hospital Seberang Jaya, Jalan Tun Hussein Onn, Seberang Jaya, 13700 Perai","Monday-Friday 08:00-17:00","Bedah Mulut Government Specialist Outpatient Clinic","government, specialist clinic, diagnostics, treatment, referral, subsidised, appointment"
"1311","Klinik Komuniti Taman Seri Genting ","Health & Wellbeing-Public Health Centre","No email detail. Please contact via other contact detail","Urban community clinics providing primary care, women's and adolescent health, screening and health education; low-cost services, some by appointment, with referrals to hospitals as needed.","7","No URL","+604-866 2531","No. 22, Taman Seri Genting, 11000 Balik Pulau",,"Community Clinic Taman Seri Genting ","government, community clinic, primary care, women health, adolescent health, screening, health education, low cost, appointment, referral"
"1312","Klinik Komuniti Bagan Dalam","Health & Wellbeing-Public Health Centre","No email detail. Please contact via other contact detail","Urban community clinics providing primary care, women's and adolescent health, screening and health education; low-cost services, some by appointment, with referrals to hospitals as needed.","7","No URL","+604-323 3751","A-G-03 & A-G-05, Rumah Pangsa Sri Bagan, 12100 Butterworth",,"Community Clinic Bagan Dalam","government, community clinic, primary care, women health, adolescent health, screening, health education, low cost, appointment, referral"
"1313","Klinik Komuniti Penang Times Square","Health & Wellbeing-Public Health Centre","No email detail. Please contact via other contact detail","Urban community clinics providing primary care, women's and adolescent health, screening and health education; low-cost services, some by appointment, with referrals to hospitals as needed.","7","No URL","+604-226 5486","Lot 77-3-16 &17 ,Tingkat 3, Penang Times Square, Jalan Datuk Keramat, 10150 George Town",,"Community Clinic Penang Times Square","government, community clinic, primary care, women health, adolescent health, screening, health education, low cost, appointment, referral"
"1314","Klinik Komuniti Simpang Ampat","Health & Wellbeing-Public Health Centre","No email detail. Please contact via other contact detail","Urban community clinics providing primary care, women's and adolescent health, screening and health education; low-cost services, some by appointment, with referrals to hospitals as needed.","7","No URL","+604-502 4915","No. 81 , Lorong 1/Ss1 , Bandar Tasek Mutiara , 14120 Simpang Ampat ",,"Community Clinic Simpang Ampat","government, community clinic, primary care, women health, adolescent health, screening, health education, low cost, appointment, referral"
"1315","Klinik Komuniti Taman Merbau Jaya ","Health & Wellbeing-Public Health Centre","No email detail. Please contact via other contact detail","Urban community clinics providing primary care, women's and adolescent health, screening and health education; low-cost services, some by appointment, with referrals to hospitals as needed.","7","No URL","+604-356 2087","No. 8 , Lorong Merbau Jaya 1 , Taman Merbau Jaya, Sungai Dua, 13800 Butterworth ",,"Community Clinic Taman Merbau Jaya ","government, community clinic, primary care, women health, adolescent health, screening, health education, low cost, appointment, referral"
"1316","Klinik Komuniti Taman Perwira ","Health & Wellbeing-Public Health Centre","No email detail. Please contact via other contact detail","Urban community clinics providing primary care, women's and adolescent health, screening and health education; low-cost services, some by appointment, with referrals to hospitals as needed.","7","No URL","+604-502 1548","No. 49, Lorong Perwira Indah 1 , Taman Perwira Indah, 14100 Bukit Mertajam",,"Community Clinic Taman Perwira ","government, community clinic, primary care, women health, adolescent health, screening, health education, low cost, appointment, referral"
"1317","Klinik Komuniti Taman Seri Delima ","Health & Wellbeing-Public Health Centre","No email detail. Please contact via other contact detail","Urban community clinics providing primary care, women's and adolescent health, screening and health education; low-cost services, some by appointment, with referrals to hospitals as needed.","7","No URL","+604-504 0467","No. G-25 , Jalan Delima 3 , Taman Seri Delima, 14000 Bukit Mertajam",,"Community Clinic Taman Seri Delima ","government, community clinic, primary care, women health, adolescent health, screening, health education, low cost, appointment, referral"
"1318","Klinik Kesihatan UTC","Health & Wellbeing-Public Health Centre","No email detail. Please contact via other contact detail","Government primary care clinics under MOH offering outpatient care, maternal and child health, immunisations, basic screening and referrals to hospitals; fees are generally subsidised.","7","No URL","No contact number","2B-2-06, Komtar, Lebuh Tek Soon, 10590 George Town",,"UTC Health Clinic","government, primary care, outpatient, maternal, child health, immunisation, screening, referral, subsidised, walk-in, appointment"